ISO-10303-21;
HEADER;
FILE_DESCRIPTION(('Open CASCADE Model'),'2;1');
FILE_NAME('136fe026-960b-11f1-9b25-e29a0c58221c','2026-08-12T05:02:54',(
    'Author'),('Open CASCADE'),'Open CASCADE STEP processor 7.8','cadpy'
  ,'Unknown');
FILE_SCHEMA(('AUTOMOTIVE_DESIGN { 1 0 10303 214 1 1 1 1 }'));
ENDSEC;
DATA;
#1 = APPLICATION_PROTOCOL_DEFINITION('international standard',
  'automotive_design',2000,#2);
#2 = APPLICATION_CONTEXT(
  'core data for automotive mechanical design processes');
#3 = SHAPE_DEFINITION_REPRESENTATION(#4,#10);
#4 = PRODUCT_DEFINITION_SHAPE('','',#5);
#5 = PRODUCT_DEFINITION('design','',#6,#9);
#6 = PRODUCT_DEFINITION_FORMATION('','',#7);
#7 = PRODUCT('136fe026-960b-11f1-9b25-e29a0c58221c',
  '136fe026-960b-11f1-9b25-e29a0c58221c','',(#8));
#8 = PRODUCT_CONTEXT('',#2,'mechanical');
#9 = PRODUCT_DEFINITION_CONTEXT('part definition',#2,'design');
#10 = SHAPE_REPRESENTATION('',(#11,#15,#19,#23,#27,#31,#35,#39,#43,#47,
    #51,#55,#59,#63,#67,#71,#75,#79,#83,#87,#91,#95,#99,#103,#107,#111,
    #115,#119,#123,#127,#131,#135,#139,#143,#147,#151,#155,#159,#163,
    #167,#171,#175,#179,#183,#187,#191,#195,#199,#203,#207),#211);
#11 = AXIS2_PLACEMENT_3D('',#12,#13,#14);
#12 = CARTESIAN_POINT('',(0.,0.,0.));
#13 = DIRECTION('',(0.,0.,1.));
#14 = DIRECTION('',(1.,0.,-0.));
#15 = AXIS2_PLACEMENT_3D('',#16,#17,#18);
#16 = CARTESIAN_POINT('',(0.,0.,0.));
#17 = DIRECTION('',(0.,0.,1.));
#18 = DIRECTION('',(1.,0.,-0.));
#19 = AXIS2_PLACEMENT_3D('',#20,#21,#22);
#20 = CARTESIAN_POINT('',(-100.,35.,8.));
#21 = DIRECTION('',(0.,0.,1.));
#22 = DIRECTION('',(1.,0.,-0.));
#23 = AXIS2_PLACEMENT_3D('',#24,#25,#26);
#24 = CARTESIAN_POINT('',(-60.,35.,8.));
#25 = DIRECTION('',(0.,0.,1.));
#26 = DIRECTION('',(1.,0.,-0.));
#27 = AXIS2_PLACEMENT_3D('',#28,#29,#30);
#28 = CARTESIAN_POINT('',(-20.,35.,8.));
#29 = DIRECTION('',(0.,0.,1.));
#30 = DIRECTION('',(1.,0.,-0.));
#31 = AXIS2_PLACEMENT_3D('',#32,#33,#34);
#32 = CARTESIAN_POINT('',(20.,35.,8.));
#33 = DIRECTION('',(0.,0.,1.));
#34 = DIRECTION('',(1.,0.,-0.));
#35 = AXIS2_PLACEMENT_3D('',#36,#37,#38);
#36 = CARTESIAN_POINT('',(60.,35.,8.));
#37 = DIRECTION('',(0.,0.,1.));
#38 = DIRECTION('',(1.,0.,-0.));
#39 = AXIS2_PLACEMENT_3D('',#40,#41,#42);
#40 = CARTESIAN_POINT('',(100.,35.,8.));
#41 = DIRECTION('',(0.,0.,1.));
#42 = DIRECTION('',(1.,0.,-0.));
#43 = AXIS2_PLACEMENT_3D('',#44,#45,#46);
#44 = CARTESIAN_POINT('',(-100.,-35.,8.));
#45 = DIRECTION('',(0.,0.,1.));
#46 = DIRECTION('',(1.,0.,-0.));
#47 = AXIS2_PLACEMENT_3D('',#48,#49,#50);
#48 = CARTESIAN_POINT('',(-60.,-35.,8.));
#49 = DIRECTION('',(0.,0.,1.));
#50 = DIRECTION('',(1.,0.,-0.));
#51 = AXIS2_PLACEMENT_3D('',#52,#53,#54);
#52 = CARTESIAN_POINT('',(-20.,-35.,8.));
#53 = DIRECTION('',(0.,0.,1.));
#54 = DIRECTION('',(1.,0.,-0.));
#55 = AXIS2_PLACEMENT_3D('',#56,#57,#58);
#56 = CARTESIAN_POINT('',(20.,-35.,8.));
#57 = DIRECTION('',(0.,0.,1.));
#58 = DIRECTION('',(1.,0.,-0.));
#59 = AXIS2_PLACEMENT_3D('',#60,#61,#62);
#60 = CARTESIAN_POINT('',(60.,-35.,8.));
#61 = DIRECTION('',(0.,0.,1.));
#62 = DIRECTION('',(1.,0.,-0.));
#63 = AXIS2_PLACEMENT_3D('',#64,#65,#66);
#64 = CARTESIAN_POINT('',(100.,-35.,8.));
#65 = DIRECTION('',(0.,0.,1.));
#66 = DIRECTION('',(1.,0.,-0.));
#67 = AXIS2_PLACEMENT_3D('',#68,#69,#70);
#68 = CARTESIAN_POINT('',(-132.,-108.,0.));
#69 = DIRECTION('',(0.,0.,1.));
#70 = DIRECTION('',(1.,0.,-0.));
#71 = AXIS2_PLACEMENT_3D('',#72,#73,#74);
#72 = CARTESIAN_POINT('',(-108.,-108.,0.));
#73 = DIRECTION('',(0.,0.,1.));
#74 = DIRECTION('',(1.,0.,-0.));
#75 = AXIS2_PLACEMENT_3D('',#76,#77,#78);
#76 = CARTESIAN_POINT('',(-84.,-108.,0.));
#77 = DIRECTION('',(0.,0.,1.));
#78 = DIRECTION('',(1.,0.,-0.));
#79 = AXIS2_PLACEMENT_3D('',#80,#81,#82);
#80 = CARTESIAN_POINT('',(-60.,-108.,0.));
#81 = DIRECTION('',(0.,0.,1.));
#82 = DIRECTION('',(1.,0.,-0.));
#83 = AXIS2_PLACEMENT_3D('',#84,#85,#86);
#84 = CARTESIAN_POINT('',(-36.,-108.,0.));
#85 = DIRECTION('',(0.,0.,1.));
#86 = DIRECTION('',(1.,0.,-0.));
#87 = AXIS2_PLACEMENT_3D('',#88,#89,#90);
#88 = CARTESIAN_POINT('',(-12.,-108.,0.));
#89 = DIRECTION('',(0.,0.,1.));
#90 = DIRECTION('',(1.,0.,-0.));
#91 = AXIS2_PLACEMENT_3D('',#92,#93,#94);
#92 = CARTESIAN_POINT('',(12.,-108.,0.));
#93 = DIRECTION('',(0.,0.,1.));
#94 = DIRECTION('',(1.,0.,-0.));
#95 = AXIS2_PLACEMENT_3D('',#96,#97,#98);
#96 = CARTESIAN_POINT('',(36.,-108.,0.));
#97 = DIRECTION('',(0.,0.,1.));
#98 = DIRECTION('',(1.,0.,-0.));
#99 = AXIS2_PLACEMENT_3D('',#100,#101,#102);
#100 = CARTESIAN_POINT('',(60.,-108.,0.));
#101 = DIRECTION('',(0.,0.,1.));
#102 = DIRECTION('',(1.,0.,-0.));
#103 = AXIS2_PLACEMENT_3D('',#104,#105,#106);
#104 = CARTESIAN_POINT('',(84.,-108.,0.));
#105 = DIRECTION('',(0.,0.,1.));
#106 = DIRECTION('',(1.,0.,-0.));
#107 = AXIS2_PLACEMENT_3D('',#108,#109,#110);
#108 = CARTESIAN_POINT('',(108.,-108.,0.));
#109 = DIRECTION('',(0.,0.,1.));
#110 = DIRECTION('',(1.,0.,-0.));
#111 = AXIS2_PLACEMENT_3D('',#112,#113,#114);
#112 = CARTESIAN_POINT('',(132.,-108.,0.));
#113 = DIRECTION('',(0.,0.,1.));
#114 = DIRECTION('',(1.,0.,-0.));
#115 = AXIS2_PLACEMENT_3D('',#116,#117,#118);
#116 = CARTESIAN_POINT('',(-132.,-140.,0.));
#117 = DIRECTION('',(0.,0.,1.));
#118 = DIRECTION('',(1.,0.,-0.));
#119 = AXIS2_PLACEMENT_3D('',#120,#121,#122);
#120 = CARTESIAN_POINT('',(-108.,-140.,0.));
#121 = DIRECTION('',(0.,0.,1.));
#122 = DIRECTION('',(1.,0.,-0.));
#123 = AXIS2_PLACEMENT_3D('',#124,#125,#126);
#124 = CARTESIAN_POINT('',(-84.,-140.,0.));
#125 = DIRECTION('',(0.,0.,1.));
#126 = DIRECTION('',(1.,0.,-0.));
#127 = AXIS2_PLACEMENT_3D('',#128,#129,#130);
#128 = CARTESIAN_POINT('',(-60.,-140.,0.));
#129 = DIRECTION('',(0.,0.,1.));
#130 = DIRECTION('',(1.,0.,-0.));
#131 = AXIS2_PLACEMENT_3D('',#132,#133,#134);
#132 = CARTESIAN_POINT('',(-36.,-140.,0.));
#133 = DIRECTION('',(0.,0.,1.));
#134 = DIRECTION('',(1.,0.,-0.));
#135 = AXIS2_PLACEMENT_3D('',#136,#137,#138);
#136 = CARTESIAN_POINT('',(-12.,-140.,0.));
#137 = DIRECTION('',(0.,0.,1.));
#138 = DIRECTION('',(1.,0.,-0.));
#139 = AXIS2_PLACEMENT_3D('',#140,#141,#142);
#140 = CARTESIAN_POINT('',(12.,-140.,0.));
#141 = DIRECTION('',(0.,0.,1.));
#142 = DIRECTION('',(1.,0.,-0.));
#143 = AXIS2_PLACEMENT_3D('',#144,#145,#146);
#144 = CARTESIAN_POINT('',(36.,-140.,0.));
#145 = DIRECTION('',(0.,0.,1.));
#146 = DIRECTION('',(1.,0.,-0.));
#147 = AXIS2_PLACEMENT_3D('',#148,#149,#150);
#148 = CARTESIAN_POINT('',(60.,-140.,0.));
#149 = DIRECTION('',(0.,0.,1.));
#150 = DIRECTION('',(1.,0.,-0.));
#151 = AXIS2_PLACEMENT_3D('',#152,#153,#154);
#152 = CARTESIAN_POINT('',(84.,-140.,0.));
#153 = DIRECTION('',(0.,0.,1.));
#154 = DIRECTION('',(1.,0.,-0.));
#155 = AXIS2_PLACEMENT_3D('',#156,#157,#158);
#156 = CARTESIAN_POINT('',(108.,-140.,0.));
#157 = DIRECTION('',(0.,0.,1.));
#158 = DIRECTION('',(1.,0.,-0.));
#159 = AXIS2_PLACEMENT_3D('',#160,#161,#162);
#160 = CARTESIAN_POINT('',(132.,-140.,0.));
#161 = DIRECTION('',(0.,0.,1.));
#162 = DIRECTION('',(1.,0.,-0.));
#163 = AXIS2_PLACEMENT_3D('',#164,#165,#166);
#164 = CARTESIAN_POINT('',(-132.,-172.,0.));
#165 = DIRECTION('',(0.,0.,1.));
#166 = DIRECTION('',(1.,0.,-0.));
#167 = AXIS2_PLACEMENT_3D('',#168,#169,#170);
#168 = CARTESIAN_POINT('',(-108.,-172.,0.));
#169 = DIRECTION('',(0.,0.,1.));
#170 = DIRECTION('',(1.,0.,-0.));
#171 = AXIS2_PLACEMENT_3D('',#172,#173,#174);
#172 = CARTESIAN_POINT('',(-84.,-172.,0.));
#173 = DIRECTION('',(0.,0.,1.));
#174 = DIRECTION('',(1.,0.,-0.));
#175 = AXIS2_PLACEMENT_3D('',#176,#177,#178);
#176 = CARTESIAN_POINT('',(-60.,-172.,0.));
#177 = DIRECTION('',(0.,0.,1.));
#178 = DIRECTION('',(1.,0.,-0.));
#179 = AXIS2_PLACEMENT_3D('',#180,#181,#182);
#180 = CARTESIAN_POINT('',(-36.,-172.,0.));
#181 = DIRECTION('',(0.,0.,1.));
#182 = DIRECTION('',(1.,0.,-0.));
#183 = AXIS2_PLACEMENT_3D('',#184,#185,#186);
#184 = CARTESIAN_POINT('',(-12.,-172.,0.));
#185 = DIRECTION('',(0.,0.,1.));
#186 = DIRECTION('',(1.,0.,-0.));
#187 = AXIS2_PLACEMENT_3D('',#188,#189,#190);
#188 = CARTESIAN_POINT('',(12.,-172.,0.));
#189 = DIRECTION('',(0.,0.,1.));
#190 = DIRECTION('',(1.,0.,-0.));
#191 = AXIS2_PLACEMENT_3D('',#192,#193,#194);
#192 = CARTESIAN_POINT('',(36.,-172.,0.));
#193 = DIRECTION('',(0.,0.,1.));
#194 = DIRECTION('',(1.,0.,-0.));
#195 = AXIS2_PLACEMENT_3D('',#196,#197,#198);
#196 = CARTESIAN_POINT('',(60.,-172.,0.));
#197 = DIRECTION('',(0.,0.,1.));
#198 = DIRECTION('',(1.,0.,-0.));
#199 = AXIS2_PLACEMENT_3D('',#200,#201,#202);
#200 = CARTESIAN_POINT('',(84.,-172.,0.));
#201 = DIRECTION('',(0.,0.,1.));
#202 = DIRECTION('',(1.,0.,-0.));
#203 = AXIS2_PLACEMENT_3D('',#204,#205,#206);
#204 = CARTESIAN_POINT('',(108.,-172.,0.));
#205 = DIRECTION('',(0.,0.,1.));
#206 = DIRECTION('',(1.,0.,-0.));
#207 = AXIS2_PLACEMENT_3D('',#208,#209,#210);
#208 = CARTESIAN_POINT('',(132.,-172.,0.));
#209 = DIRECTION('',(0.,0.,1.));
#210 = DIRECTION('',(1.,0.,-0.));
#211 = ( GEOMETRIC_REPRESENTATION_CONTEXT(3) 
GLOBAL_UNCERTAINTY_ASSIGNED_CONTEXT((#215)) GLOBAL_UNIT_ASSIGNED_CONTEXT
((#212,#213,#214)) REPRESENTATION_CONTEXT('Context #1',
  '3D Context with UNIT and UNCERTAINTY') );
#212 = ( LENGTH_UNIT() NAMED_UNIT(*) SI_UNIT(.MILLI.,.METRE.) );
#213 = ( NAMED_UNIT(*) PLANE_ANGLE_UNIT() SI_UNIT($,.RADIAN.) );
#214 = ( NAMED_UNIT(*) SI_UNIT($,.STERADIAN.) SOLID_ANGLE_UNIT() );
#215 = UNCERTAINTY_MEASURE_WITH_UNIT(LENGTH_MEASURE(1.E-07),#212,
  'distance_accuracy_value','confusion accuracy');
#216 = PRODUCT_RELATED_PRODUCT_CATEGORY('part',$,(#7));
#217 = SHAPE_DEFINITION_REPRESENTATION(#218,#224);
#218 = PRODUCT_DEFINITION_SHAPE('','',#219);
#219 = PRODUCT_DEFINITION('design','',#220,#223);
#220 = PRODUCT_DEFINITION_FORMATION('','',#221);
#221 = PRODUCT('trough_board','trough_board','',(#222));
#222 = PRODUCT_CONTEXT('',#2,'mechanical');
#223 = PRODUCT_DEFINITION_CONTEXT('part definition',#2,'design');
#224 = ADVANCED_BREP_SHAPE_REPRESENTATION('',(#11,#225),#5503);
#225 = MANIFOLD_SOLID_BREP('',#226);
#226 = CLOSED_SHELL('',(#227,#913,#967,#1041,#1095,#1149,#1202,#1255,
    #1309,#1363,#1395,#1449,#1503,#1557,#1611,#1665,#1719,#1773,#1827,
    #1881,#1935,#1989,#2043,#2097,#2152,#2228,#2278,#2332,#2381,#2430,
    #2484,#2534,#2561,#2616,#2671,#2726,#2781,#2836,#2891,#2946,#3001,
    #3056,#3111,#3166,#3221,#3276,#3311,#3322,#3357,#3392,#3427,#3462,
    #3497,#3501,#3536,#3571,#3606,#3610,#3645,#3680,#3715,#3770,#3825,
    #3880,#3935,#3990,#4045,#4100,#4155,#4210,#4265,#4320,#4375,#4410,
    #4445,#4480,#4515,#4550,#4585,#4620,#4655,#4690,#4725,#4760,#4795,
    #4850,#4905,#4960,#5015,#5070,#5125,#5180,#5235,#5290,#5345,#5400,
    #5455,#5459,#5463,#5467,#5471,#5475,#5479,#5483,#5487,#5491,#5495,
    #5499));
#227 = ADVANCED_FACE('',(#228,#264,#510,#541,#572,#603,#634,#665,#696,
    #727,#758,#789,#820,#851,#882),#241,.T.);
#228 = FACE_BOUND('',#229,.T.);
#229 = EDGE_LOOP('',(#230));
#230 = ORIENTED_EDGE('',*,*,#231,.F.);
#231 = EDGE_CURVE('',#232,#232,#234,.T.);
#232 = VERTEX_POINT('',#233);
#233 = CARTESIAN_POINT('',(-85.,-35.,24.));
#234 = SURFACE_CURVE('',#235,(#240,#252),.PCURVE_S1.);
#235 = CIRCLE('',#236,15.);
#236 = AXIS2_PLACEMENT_3D('',#237,#238,#239);
#237 = CARTESIAN_POINT('',(-100.,-35.,24.));
#238 = DIRECTION('',(0.,0.,1.));
#239 = DIRECTION('',(1.,0.,-0.));
#240 = PCURVE('',#241,#246);
#241 = PLANE('',#242);
#242 = AXIS2_PLACEMENT_3D('',#243,#244,#245);
#243 = CARTESIAN_POINT('',(-190.,-85.,24.));
#244 = DIRECTION('',(0.,0.,1.));
#245 = DIRECTION('',(1.,0.,0.));
#246 = DEFINITIONAL_REPRESENTATION('',(#247),#251);
#247 = CIRCLE('',#248,15.);
#248 = AXIS2_PLACEMENT_2D('',#249,#250);
#249 = CARTESIAN_POINT('',(90.,50.));
#250 = DIRECTION('',(1.,0.));
#251 = ( GEOMETRIC_REPRESENTATION_CONTEXT(2) 
PARAMETRIC_REPRESENTATION_CONTEXT() REPRESENTATION_CONTEXT('2D SPACE',''
  ) );
#252 = PCURVE('',#253,#258);
#253 = TOROIDAL_SURFACE('',#254,15.,2.);
#254 = AXIS2_PLACEMENT_3D('',#255,#256,#257);
#255 = CARTESIAN_POINT('',(-100.,-35.,22.));
#256 = DIRECTION('',(0.,0.,1.));
#257 = DIRECTION('',(1.,0.,-0.));
#258 = DEFINITIONAL_REPRESENTATION('',(#259),#263);
#259 = LINE('',#260,#261);
#260 = CARTESIAN_POINT('',(0.,1.570796326795));
#261 = VECTOR('',#262,1.);
#262 = DIRECTION('',(1.,0.));
#263 = ( GEOMETRIC_REPRESENTATION_CONTEXT(2) 
PARAMETRIC_REPRESENTATION_CONTEXT() REPRESENTATION_CONTEXT('2D SPACE',''
  ) );
#264 = FACE_BOUND('',#265,.T.);
#265 = EDGE_LOOP('',(#266,#296,#329,#357,#390,#418,#451,#479));
#266 = ORIENTED_EDGE('',*,*,#267,.F.);
#267 = EDGE_CURVE('',#268,#270,#272,.T.);
#268 = VERTEX_POINT('',#269);
#269 = CARTESIAN_POINT('',(-186.,-77.,24.));
#270 = VERTEX_POINT('',#271);
#271 = CARTESIAN_POINT('',(-186.,77.,24.));
#272 = SURFACE_CURVE('',#273,(#277,#284),.PCURVE_S1.);
#273 = LINE('',#274,#275);
#274 = CARTESIAN_POINT('',(-186.,-77.,24.));
#275 = VECTOR('',#276,1.);
#276 = DIRECTION('',(0.,1.,0.));
#277 = PCURVE('',#241,#278);
#278 = DEFINITIONAL_REPRESENTATION('',(#279),#283);
#279 = LINE('',#280,#281);
#280 = CARTESIAN_POINT('',(4.,8.));
#281 = VECTOR('',#282,1.);
#282 = DIRECTION('',(0.,1.));
#283 = ( GEOMETRIC_REPRESENTATION_CONTEXT(2) 
PARAMETRIC_REPRESENTATION_CONTEXT() REPRESENTATION_CONTEXT('2D SPACE',''
  ) );
#284 = PCURVE('',#285,#290);
#285 = CYLINDRICAL_SURFACE('',#286,4.);
#286 = AXIS2_PLACEMENT_3D('',#287,#288,#289);
#287 = CARTESIAN_POINT('',(-186.,-77.,20.));
#288 = DIRECTION('',(0.,1.,0.));
#289 = DIRECTION('',(-1.,0.,0.));
#290 = DEFINITIONAL_REPRESENTATION('',(#291),#295);
#291 = LINE('',#292,#293);
#292 = CARTESIAN_POINT('',(1.570796326795,0.));
#293 = VECTOR('',#294,1.);
#294 = DIRECTION('',(0.,1.));
#295 = ( GEOMETRIC_REPRESENTATION_CONTEXT(2) 
PARAMETRIC_REPRESENTATION_CONTEXT() REPRESENTATION_CONTEXT('2D SPACE',''
  ) );
#296 = ORIENTED_EDGE('',*,*,#297,.F.);
#297 = EDGE_CURVE('',#298,#268,#300,.T.);
#298 = VERTEX_POINT('',#299);
#299 = CARTESIAN_POINT('',(-182.,-81.,24.));
#300 = SURFACE_CURVE('',#301,(#306,#317),.PCURVE_S1.);
#301 = CIRCLE('',#302,4.);
#302 = AXIS2_PLACEMENT_3D('',#303,#304,#305);
#303 = CARTESIAN_POINT('',(-182.,-77.,24.));
#304 = DIRECTION('',(-0.,-0.,-1.));
#305 = DIRECTION('',(0.,-1.,0.));
#306 = PCURVE('',#241,#307);
#307 = DEFINITIONAL_REPRESENTATION('',(#308),#316);
#308 = ( BOUNDED_CURVE() B_SPLINE_CURVE(2,(#309,#310,#311,#312,#313,#314
,#315),.UNSPECIFIED.,.T.,.F.) B_SPLINE_CURVE_WITH_KNOTS((1,2,2,2,2,1),(
    -2.094395102393,0.,2.094395102393,4.188790204786,6.28318530718,
8.377580409573),.UNSPECIFIED.) CURVE() GEOMETRIC_REPRESENTATION_ITEM() 
RATIONAL_B_SPLINE_CURVE((1.,0.5,1.,0.5,1.,0.5,1.)) REPRESENTATION_ITEM(
  '') );
#309 = CARTESIAN_POINT('',(8.,4.));
#310 = CARTESIAN_POINT('',(1.071796769724,4.));
#311 = CARTESIAN_POINT('',(4.535898384862,10.));
#312 = CARTESIAN_POINT('',(8.,16.));
#313 = CARTESIAN_POINT('',(11.464101615138,10.));
#314 = CARTESIAN_POINT('',(14.928203230276,4.));
#315 = CARTESIAN_POINT('',(8.,4.));
#316 = ( GEOMETRIC_REPRESENTATION_CONTEXT(2) 
PARAMETRIC_REPRESENTATION_CONTEXT() REPRESENTATION_CONTEXT('2D SPACE',''
  ) );
#317 = PCURVE('',#318,#323);
#318 = TOROIDAL_SURFACE('',#319,4.,4.);
#319 = AXIS2_PLACEMENT_3D('',#320,#321,#322);
#320 = CARTESIAN_POINT('',(-182.,-77.,20.));
#321 = DIRECTION('',(0.,0.,1.));
#322 = DIRECTION('',(0.,-1.,0.));
#323 = DEFINITIONAL_REPRESENTATION('',(#324),#328);
#324 = LINE('',#325,#326);
#325 = CARTESIAN_POINT('',(-0.,1.570796326795));
#326 = VECTOR('',#327,1.);
#327 = DIRECTION('',(-1.,0.));
#328 = ( GEOMETRIC_REPRESENTATION_CONTEXT(2) 
PARAMETRIC_REPRESENTATION_CONTEXT() REPRESENTATION_CONTEXT('2D SPACE',''
  ) );
#329 = ORIENTED_EDGE('',*,*,#330,.F.);
#330 = EDGE_CURVE('',#331,#298,#333,.T.);
#331 = VERTEX_POINT('',#332);
#332 = CARTESIAN_POINT('',(182.,-81.,24.));
#333 = SURFACE_CURVE('',#334,(#338,#345),.PCURVE_S1.);
#334 = LINE('',#335,#336);
#335 = CARTESIAN_POINT('',(182.,-81.,24.));
#336 = VECTOR('',#337,1.);
#337 = DIRECTION('',(-1.,-0.,-0.));
#338 = PCURVE('',#241,#339);
#339 = DEFINITIONAL_REPRESENTATION('',(#340),#344);
#340 = LINE('',#341,#342);
#341 = CARTESIAN_POINT('',(372.,4.));
#342 = VECTOR('',#343,1.);
#343 = DIRECTION('',(-1.,-0.));
#344 = ( GEOMETRIC_REPRESENTATION_CONTEXT(2) 
PARAMETRIC_REPRESENTATION_CONTEXT() REPRESENTATION_CONTEXT('2D SPACE',''
  ) );
#345 = PCURVE('',#346,#351);
#346 = CYLINDRICAL_SURFACE('',#347,4.);
#347 = AXIS2_PLACEMENT_3D('',#348,#349,#350);
#348 = CARTESIAN_POINT('',(182.,-81.,20.));
#349 = DIRECTION('',(-1.,-0.,-0.));
#350 = DIRECTION('',(0.,-1.,0.));
#351 = DEFINITIONAL_REPRESENTATION('',(#352),#356);
#352 = LINE('',#353,#354);
#353 = CARTESIAN_POINT('',(1.570796326795,0.));
#354 = VECTOR('',#355,1.);
#355 = DIRECTION('',(0.,1.));
#356 = ( GEOMETRIC_REPRESENTATION_CONTEXT(2) 
PARAMETRIC_REPRESENTATION_CONTEXT() REPRESENTATION_CONTEXT('2D SPACE',''
  ) );
#357 = ORIENTED_EDGE('',*,*,#358,.F.);
#358 = EDGE_CURVE('',#359,#331,#361,.T.);
#359 = VERTEX_POINT('',#360);
#360 = CARTESIAN_POINT('',(186.,-77.,24.));
#361 = SURFACE_CURVE('',#362,(#367,#378),.PCURVE_S1.);
#362 = CIRCLE('',#363,4.);
#363 = AXIS2_PLACEMENT_3D('',#364,#365,#366);
#364 = CARTESIAN_POINT('',(182.,-77.,24.));
#365 = DIRECTION('',(0.,-0.,-1.));
#366 = DIRECTION('',(1.,0.,-0.));
#367 = PCURVE('',#241,#368);
#368 = DEFINITIONAL_REPRESENTATION('',(#369),#377);
#369 = ( BOUNDED_CURVE() B_SPLINE_CURVE(2,(#370,#371,#372,#373,#374,#375
,#376),.UNSPECIFIED.,.T.,.F.) B_SPLINE_CURVE_WITH_KNOTS((1,2,2,2,2,1),(
    -2.094395102393,0.,2.094395102393,4.188790204786,6.28318530718,
8.377580409573),.UNSPECIFIED.) CURVE() GEOMETRIC_REPRESENTATION_ITEM() 
RATIONAL_B_SPLINE_CURVE((1.,0.5,1.,0.5,1.,0.5,1.)) REPRESENTATION_ITEM(
  '') );
#370 = CARTESIAN_POINT('',(376.,8.));
#371 = CARTESIAN_POINT('',(376.,1.071796769724));
#372 = CARTESIAN_POINT('',(370.,4.535898384862));
#373 = CARTESIAN_POINT('',(364.,8.));
#374 = CARTESIAN_POINT('',(370.,11.464101615138));
#375 = CARTESIAN_POINT('',(376.,14.928203230276));
#376 = CARTESIAN_POINT('',(376.,8.));
#377 = ( GEOMETRIC_REPRESENTATION_CONTEXT(2) 
PARAMETRIC_REPRESENTATION_CONTEXT() REPRESENTATION_CONTEXT('2D SPACE',''
  ) );
#378 = PCURVE('',#379,#384);
#379 = TOROIDAL_SURFACE('',#380,4.,4.);
#380 = AXIS2_PLACEMENT_3D('',#381,#382,#383);
#381 = CARTESIAN_POINT('',(182.,-77.,20.));
#382 = DIRECTION('',(0.,0.,1.));
#383 = DIRECTION('',(1.,0.,-0.));
#384 = DEFINITIONAL_REPRESENTATION('',(#385),#389);
#385 = LINE('',#386,#387);
#386 = CARTESIAN_POINT('',(-0.,1.570796326795));
#387 = VECTOR('',#388,1.);
#388 = DIRECTION('',(-1.,0.));
#389 = ( GEOMETRIC_REPRESENTATION_CONTEXT(2) 
PARAMETRIC_REPRESENTATION_CONTEXT() REPRESENTATION_CONTEXT('2D SPACE',''
  ) );
#390 = ORIENTED_EDGE('',*,*,#391,.F.);
#391 = EDGE_CURVE('',#392,#359,#394,.T.);
#392 = VERTEX_POINT('',#393);
#393 = CARTESIAN_POINT('',(186.,77.,24.));
#394 = SURFACE_CURVE('',#395,(#399,#406),.PCURVE_S1.);
#395 = LINE('',#396,#397);
#396 = CARTESIAN_POINT('',(186.,77.,24.));
#397 = VECTOR('',#398,1.);
#398 = DIRECTION('',(-0.,-1.,-0.));
#399 = PCURVE('',#241,#400);
#400 = DEFINITIONAL_REPRESENTATION('',(#401),#405);
#401 = LINE('',#402,#403);
#402 = CARTESIAN_POINT('',(376.,162.));
#403 = VECTOR('',#404,1.);
#404 = DIRECTION('',(-0.,-1.));
#405 = ( GEOMETRIC_REPRESENTATION_CONTEXT(2) 
PARAMETRIC_REPRESENTATION_CONTEXT() REPRESENTATION_CONTEXT('2D SPACE',''
  ) );
#406 = PCURVE('',#407,#412);
#407 = CYLINDRICAL_SURFACE('',#408,4.);
#408 = AXIS2_PLACEMENT_3D('',#409,#410,#411);
#409 = CARTESIAN_POINT('',(186.,77.,20.));
#410 = DIRECTION('',(-0.,-1.,-0.));
#411 = DIRECTION('',(1.,0.,-0.));
#412 = DEFINITIONAL_REPRESENTATION('',(#413),#417);
#413 = LINE('',#414,#415);
#414 = CARTESIAN_POINT('',(1.570796326795,0.));
#415 = VECTOR('',#416,1.);
#416 = DIRECTION('',(0.,1.));
#417 = ( GEOMETRIC_REPRESENTATION_CONTEXT(2) 
PARAMETRIC_REPRESENTATION_CONTEXT() REPRESENTATION_CONTEXT('2D SPACE',''
  ) );
#418 = ORIENTED_EDGE('',*,*,#419,.F.);
#419 = EDGE_CURVE('',#420,#392,#422,.T.);
#420 = VERTEX_POINT('',#421);
#421 = CARTESIAN_POINT('',(182.,81.,24.));
#422 = SURFACE_CURVE('',#423,(#428,#439),.PCURVE_S1.);
#423 = CIRCLE('',#424,4.);
#424 = AXIS2_PLACEMENT_3D('',#425,#426,#427);
#425 = CARTESIAN_POINT('',(182.,77.,24.));
#426 = DIRECTION('',(0.,-0.,-1.));
#427 = DIRECTION('',(0.,1.,-0.));
#428 = PCURVE('',#241,#429);
#429 = DEFINITIONAL_REPRESENTATION('',(#430),#438);
#430 = ( BOUNDED_CURVE() B_SPLINE_CURVE(2,(#431,#432,#433,#434,#435,#436
,#437),.UNSPECIFIED.,.T.,.F.) B_SPLINE_CURVE_WITH_KNOTS((1,2,2,2,2,1),(
    -2.094395102393,0.,2.094395102393,4.188790204786,6.28318530718,
8.377580409573),.UNSPECIFIED.) CURVE() GEOMETRIC_REPRESENTATION_ITEM() 
RATIONAL_B_SPLINE_CURVE((1.,0.5,1.,0.5,1.,0.5,1.)) REPRESENTATION_ITEM(
  '') );
#431 = CARTESIAN_POINT('',(372.,166.));
#432 = CARTESIAN_POINT('',(378.92820323027,166.));
#433 = CARTESIAN_POINT('',(375.46410161513,160.));
#434 = CARTESIAN_POINT('',(372.,154.));
#435 = CARTESIAN_POINT('',(368.53589838486,160.));
#436 = CARTESIAN_POINT('',(365.07179676972,166.));
#437 = CARTESIAN_POINT('',(372.,166.));
#438 = ( GEOMETRIC_REPRESENTATION_CONTEXT(2) 
PARAMETRIC_REPRESENTATION_CONTEXT() REPRESENTATION_CONTEXT('2D SPACE',''
  ) );
#439 = PCURVE('',#440,#445);
#440 = TOROIDAL_SURFACE('',#441,4.,4.);
#441 = AXIS2_PLACEMENT_3D('',#442,#443,#444);
#442 = CARTESIAN_POINT('',(182.,77.,20.));
#443 = DIRECTION('',(0.,0.,1.));
#444 = DIRECTION('',(0.,1.,-0.));
#445 = DEFINITIONAL_REPRESENTATION('',(#446),#450);
#446 = LINE('',#447,#448);
#447 = CARTESIAN_POINT('',(-0.,1.570796326795));
#448 = VECTOR('',#449,1.);
#449 = DIRECTION('',(-1.,0.));
#450 = ( GEOMETRIC_REPRESENTATION_CONTEXT(2) 
PARAMETRIC_REPRESENTATION_CONTEXT() REPRESENTATION_CONTEXT('2D SPACE',''
  ) );
#451 = ORIENTED_EDGE('',*,*,#452,.F.);
#452 = EDGE_CURVE('',#453,#420,#455,.T.);
#453 = VERTEX_POINT('',#454);
#454 = CARTESIAN_POINT('',(-182.,81.,24.));
#455 = SURFACE_CURVE('',#456,(#460,#467),.PCURVE_S1.);
#456 = LINE('',#457,#458);
#457 = CARTESIAN_POINT('',(-182.,81.,24.));
#458 = VECTOR('',#459,1.);
#459 = DIRECTION('',(1.,0.,0.));
#460 = PCURVE('',#241,#461);
#461 = DEFINITIONAL_REPRESENTATION('',(#462),#466);
#462 = LINE('',#463,#464);
#463 = CARTESIAN_POINT('',(8.,166.));
#464 = VECTOR('',#465,1.);
#465 = DIRECTION('',(1.,0.));
#466 = ( GEOMETRIC_REPRESENTATION_CONTEXT(2) 
PARAMETRIC_REPRESENTATION_CONTEXT() REPRESENTATION_CONTEXT('2D SPACE',''
  ) );
#467 = PCURVE('',#468,#473);
#468 = CYLINDRICAL_SURFACE('',#469,4.);
#469 = AXIS2_PLACEMENT_3D('',#470,#471,#472);
#470 = CARTESIAN_POINT('',(-182.,81.,20.));
#471 = DIRECTION('',(1.,0.,0.));
#472 = DIRECTION('',(-0.,1.,0.));
#473 = DEFINITIONAL_REPRESENTATION('',(#474),#478);
#474 = LINE('',#475,#476);
#475 = CARTESIAN_POINT('',(1.570796326795,0.));
#476 = VECTOR('',#477,1.);
#477 = DIRECTION('',(0.,1.));
#478 = ( GEOMETRIC_REPRESENTATION_CONTEXT(2) 
PARAMETRIC_REPRESENTATION_CONTEXT() REPRESENTATION_CONTEXT('2D SPACE',''
  ) );
#479 = ORIENTED_EDGE('',*,*,#480,.F.);
#480 = EDGE_CURVE('',#270,#453,#481,.T.);
#481 = SURFACE_CURVE('',#482,(#487,#498),.PCURVE_S1.);
#482 = CIRCLE('',#483,4.);
#483 = AXIS2_PLACEMENT_3D('',#484,#485,#486);
#484 = CARTESIAN_POINT('',(-182.,77.,24.));
#485 = DIRECTION('',(-0.,0.,-1.));
#486 = DIRECTION('',(-1.,0.,0.));
#487 = PCURVE('',#241,#488);
#488 = DEFINITIONAL_REPRESENTATION('',(#489),#497);
#489 = ( BOUNDED_CURVE() B_SPLINE_CURVE(2,(#490,#491,#492,#493,#494,#495
,#496),.UNSPECIFIED.,.T.,.F.) B_SPLINE_CURVE_WITH_KNOTS((1,2,2,2,2,1),(
    -2.094395102393,0.,2.094395102393,4.188790204786,6.28318530718,
8.377580409573),.UNSPECIFIED.) CURVE() GEOMETRIC_REPRESENTATION_ITEM() 
RATIONAL_B_SPLINE_CURVE((1.,0.5,1.,0.5,1.,0.5,1.)) REPRESENTATION_ITEM(
  '') );
#490 = CARTESIAN_POINT('',(4.,162.));
#491 = CARTESIAN_POINT('',(4.,168.92820323027));
#492 = CARTESIAN_POINT('',(10.,165.46410161513));
#493 = CARTESIAN_POINT('',(16.,162.));
#494 = CARTESIAN_POINT('',(10.,158.53589838486));
#495 = CARTESIAN_POINT('',(4.,155.07179676972));
#496 = CARTESIAN_POINT('',(4.,162.));
#497 = ( GEOMETRIC_REPRESENTATION_CONTEXT(2) 
PARAMETRIC_REPRESENTATION_CONTEXT() REPRESENTATION_CONTEXT('2D SPACE',''
  ) );
#498 = PCURVE('',#499,#504);
#499 = TOROIDAL_SURFACE('',#500,4.,4.);
#500 = AXIS2_PLACEMENT_3D('',#501,#502,#503);
#501 = CARTESIAN_POINT('',(-182.,77.,20.));
#502 = DIRECTION('',(0.,0.,1.));
#503 = DIRECTION('',(-1.,0.,0.));
#504 = DEFINITIONAL_REPRESENTATION('',(#505),#509);
#505 = LINE('',#506,#507);
#506 = CARTESIAN_POINT('',(-0.,1.570796326795));
#507 = VECTOR('',#508,1.);
#508 = DIRECTION('',(-1.,0.));
#509 = ( GEOMETRIC_REPRESENTATION_CONTEXT(2) 
PARAMETRIC_REPRESENTATION_CONTEXT() REPRESENTATION_CONTEXT('2D SPACE',''
  ) );
#510 = FACE_BOUND('',#511,.T.);
#511 = EDGE_LOOP('',(#512));
#512 = ORIENTED_EDGE('',*,*,#513,.F.);
#513 = EDGE_CURVE('',#514,#514,#516,.T.);
#514 = VERTEX_POINT('',#515);
#515 = CARTESIAN_POINT('',(-45.,-35.,24.));
#516 = SURFACE_CURVE('',#517,(#522,#529),.PCURVE_S1.);
#517 = CIRCLE('',#518,15.);
#518 = AXIS2_PLACEMENT_3D('',#519,#520,#521);
#519 = CARTESIAN_POINT('',(-60.,-35.,24.));
#520 = DIRECTION('',(0.,0.,1.));
#521 = DIRECTION('',(1.,0.,-0.));
#522 = PCURVE('',#241,#523);
#523 = DEFINITIONAL_REPRESENTATION('',(#524),#528);
#524 = CIRCLE('',#525,15.);
#525 = AXIS2_PLACEMENT_2D('',#526,#527);
#526 = CARTESIAN_POINT('',(130.,50.));
#527 = DIRECTION('',(1.,0.));
#528 = ( GEOMETRIC_REPRESENTATION_CONTEXT(2) 
PARAMETRIC_REPRESENTATION_CONTEXT() REPRESENTATION_CONTEXT('2D SPACE',''
  ) );
#529 = PCURVE('',#530,#535);
#530 = TOROIDAL_SURFACE('',#531,15.,2.);
#531 = AXIS2_PLACEMENT_3D('',#532,#533,#534);
#532 = CARTESIAN_POINT('',(-60.,-35.,22.));
#533 = DIRECTION('',(0.,0.,1.));
#534 = DIRECTION('',(1.,0.,-0.));
#535 = DEFINITIONAL_REPRESENTATION('',(#536),#540);
#536 = LINE('',#537,#538);
#537 = CARTESIAN_POINT('',(0.,1.570796326795));
#538 = VECTOR('',#539,1.);
#539 = DIRECTION('',(1.,0.));
#540 = ( GEOMETRIC_REPRESENTATION_CONTEXT(2) 
PARAMETRIC_REPRESENTATION_CONTEXT() REPRESENTATION_CONTEXT('2D SPACE',''
  ) );
#541 = FACE_BOUND('',#542,.T.);
#542 = EDGE_LOOP('',(#543));
#543 = ORIENTED_EDGE('',*,*,#544,.F.);
#544 = EDGE_CURVE('',#545,#545,#547,.T.);
#545 = VERTEX_POINT('',#546);
#546 = CARTESIAN_POINT('',(-5.,-35.,24.));
#547 = SURFACE_CURVE('',#548,(#553,#560),.PCURVE_S1.);
#548 = CIRCLE('',#549,15.);
#549 = AXIS2_PLACEMENT_3D('',#550,#551,#552);
#550 = CARTESIAN_POINT('',(-20.,-35.,24.));
#551 = DIRECTION('',(0.,0.,1.));
#552 = DIRECTION('',(1.,0.,-0.));
#553 = PCURVE('',#241,#554);
#554 = DEFINITIONAL_REPRESENTATION('',(#555),#559);
#555 = CIRCLE('',#556,15.);
#556 = AXIS2_PLACEMENT_2D('',#557,#558);
#557 = CARTESIAN_POINT('',(170.,50.));
#558 = DIRECTION('',(1.,0.));
#559 = ( GEOMETRIC_REPRESENTATION_CONTEXT(2) 
PARAMETRIC_REPRESENTATION_CONTEXT() REPRESENTATION_CONTEXT('2D SPACE',''
  ) );
#560 = PCURVE('',#561,#566);
#561 = TOROIDAL_SURFACE('',#562,15.,2.);
#562 = AXIS2_PLACEMENT_3D('',#563,#564,#565);
#563 = CARTESIAN_POINT('',(-20.,-35.,22.));
#564 = DIRECTION('',(0.,0.,1.));
#565 = DIRECTION('',(1.,0.,-0.));
#566 = DEFINITIONAL_REPRESENTATION('',(#567),#571);
#567 = LINE('',#568,#569);
#568 = CARTESIAN_POINT('',(0.,1.570796326795));
#569 = VECTOR('',#570,1.);
#570 = DIRECTION('',(1.,0.));
#571 = ( GEOMETRIC_REPRESENTATION_CONTEXT(2) 
PARAMETRIC_REPRESENTATION_CONTEXT() REPRESENTATION_CONTEXT('2D SPACE',''
  ) );
#572 = FACE_BOUND('',#573,.T.);
#573 = EDGE_LOOP('',(#574));
#574 = ORIENTED_EDGE('',*,*,#575,.F.);
#575 = EDGE_CURVE('',#576,#576,#578,.T.);
#576 = VERTEX_POINT('',#577);
#577 = CARTESIAN_POINT('',(35.,-35.,24.));
#578 = SURFACE_CURVE('',#579,(#584,#591),.PCURVE_S1.);
#579 = CIRCLE('',#580,15.);
#580 = AXIS2_PLACEMENT_3D('',#581,#582,#583);
#581 = CARTESIAN_POINT('',(20.,-35.,24.));
#582 = DIRECTION('',(0.,0.,1.));
#583 = DIRECTION('',(1.,0.,-0.));
#584 = PCURVE('',#241,#585);
#585 = DEFINITIONAL_REPRESENTATION('',(#586),#590);
#586 = CIRCLE('',#587,15.);
#587 = AXIS2_PLACEMENT_2D('',#588,#589);
#588 = CARTESIAN_POINT('',(210.,50.));
#589 = DIRECTION('',(1.,0.));
#590 = ( GEOMETRIC_REPRESENTATION_CONTEXT(2) 
PARAMETRIC_REPRESENTATION_CONTEXT() REPRESENTATION_CONTEXT('2D SPACE',''
  ) );
#591 = PCURVE('',#592,#597);
#592 = TOROIDAL_SURFACE('',#593,15.,2.);
#593 = AXIS2_PLACEMENT_3D('',#594,#595,#596);
#594 = CARTESIAN_POINT('',(20.,-35.,22.));
#595 = DIRECTION('',(0.,0.,1.));
#596 = DIRECTION('',(1.,0.,-0.));
#597 = DEFINITIONAL_REPRESENTATION('',(#598),#602);
#598 = LINE('',#599,#600);
#599 = CARTESIAN_POINT('',(0.,1.570796326795));
#600 = VECTOR('',#601,1.);
#601 = DIRECTION('',(1.,0.));
#602 = ( GEOMETRIC_REPRESENTATION_CONTEXT(2) 
PARAMETRIC_REPRESENTATION_CONTEXT() REPRESENTATION_CONTEXT('2D SPACE',''
  ) );
#603 = FACE_BOUND('',#604,.T.);
#604 = EDGE_LOOP('',(#605));
#605 = ORIENTED_EDGE('',*,*,#606,.F.);
#606 = EDGE_CURVE('',#607,#607,#609,.T.);
#607 = VERTEX_POINT('',#608);
#608 = CARTESIAN_POINT('',(75.,-35.,24.));
#609 = SURFACE_CURVE('',#610,(#615,#622),.PCURVE_S1.);
#610 = CIRCLE('',#611,15.);
#611 = AXIS2_PLACEMENT_3D('',#612,#613,#614);
#612 = CARTESIAN_POINT('',(60.,-35.,24.));
#613 = DIRECTION('',(0.,0.,1.));
#614 = DIRECTION('',(1.,0.,-0.));
#615 = PCURVE('',#241,#616);
#616 = DEFINITIONAL_REPRESENTATION('',(#617),#621);
#617 = CIRCLE('',#618,15.);
#618 = AXIS2_PLACEMENT_2D('',#619,#620);
#619 = CARTESIAN_POINT('',(250.,50.));
#620 = DIRECTION('',(1.,0.));
#621 = ( GEOMETRIC_REPRESENTATION_CONTEXT(2) 
PARAMETRIC_REPRESENTATION_CONTEXT() REPRESENTATION_CONTEXT('2D SPACE',''
  ) );
#622 = PCURVE('',#623,#628);
#623 = TOROIDAL_SURFACE('',#624,15.,2.);
#624 = AXIS2_PLACEMENT_3D('',#625,#626,#627);
#625 = CARTESIAN_POINT('',(60.,-35.,22.));
#626 = DIRECTION('',(0.,0.,1.));
#627 = DIRECTION('',(1.,0.,-0.));
#628 = DEFINITIONAL_REPRESENTATION('',(#629),#633);
#629 = LINE('',#630,#631);
#630 = CARTESIAN_POINT('',(0.,1.570796326795));
#631 = VECTOR('',#632,1.);
#632 = DIRECTION('',(1.,0.));
#633 = ( GEOMETRIC_REPRESENTATION_CONTEXT(2) 
PARAMETRIC_REPRESENTATION_CONTEXT() REPRESENTATION_CONTEXT('2D SPACE',''
  ) );
#634 = FACE_BOUND('',#635,.T.);
#635 = EDGE_LOOP('',(#636));
#636 = ORIENTED_EDGE('',*,*,#637,.F.);
#637 = EDGE_CURVE('',#638,#638,#640,.T.);
#638 = VERTEX_POINT('',#639);
#639 = CARTESIAN_POINT('',(115.,-35.,24.));
#640 = SURFACE_CURVE('',#641,(#646,#653),.PCURVE_S1.);
#641 = CIRCLE('',#642,15.);
#642 = AXIS2_PLACEMENT_3D('',#643,#644,#645);
#643 = CARTESIAN_POINT('',(100.,-35.,24.));
#644 = DIRECTION('',(0.,0.,1.));
#645 = DIRECTION('',(1.,0.,-0.));
#646 = PCURVE('',#241,#647);
#647 = DEFINITIONAL_REPRESENTATION('',(#648),#652);
#648 = CIRCLE('',#649,15.);
#649 = AXIS2_PLACEMENT_2D('',#650,#651);
#650 = CARTESIAN_POINT('',(290.,50.));
#651 = DIRECTION('',(1.,0.));
#652 = ( GEOMETRIC_REPRESENTATION_CONTEXT(2) 
PARAMETRIC_REPRESENTATION_CONTEXT() REPRESENTATION_CONTEXT('2D SPACE',''
  ) );
#653 = PCURVE('',#654,#659);
#654 = TOROIDAL_SURFACE('',#655,15.,2.);
#655 = AXIS2_PLACEMENT_3D('',#656,#657,#658);
#656 = CARTESIAN_POINT('',(100.,-35.,22.));
#657 = DIRECTION('',(0.,0.,1.));
#658 = DIRECTION('',(1.,0.,-0.));
#659 = DEFINITIONAL_REPRESENTATION('',(#660),#664);
#660 = LINE('',#661,#662);
#661 = CARTESIAN_POINT('',(0.,1.570796326795));
#662 = VECTOR('',#663,1.);
#663 = DIRECTION('',(1.,0.));
#664 = ( GEOMETRIC_REPRESENTATION_CONTEXT(2) 
PARAMETRIC_REPRESENTATION_CONTEXT() REPRESENTATION_CONTEXT('2D SPACE',''
  ) );
#665 = FACE_BOUND('',#666,.T.);
#666 = EDGE_LOOP('',(#667));
#667 = ORIENTED_EDGE('',*,*,#668,.F.);
#668 = EDGE_CURVE('',#669,#669,#671,.T.);
#669 = VERTEX_POINT('',#670);
#670 = CARTESIAN_POINT('',(-125.5,0.,24.));
#671 = SURFACE_CURVE('',#672,(#677,#684),.PCURVE_S1.);
#672 = CIRCLE('',#673,29.5);
#673 = AXIS2_PLACEMENT_3D('',#674,#675,#676);
#674 = CARTESIAN_POINT('',(-155.,0.,24.));
#675 = DIRECTION('',(0.,0.,1.));
#676 = DIRECTION('',(1.,0.,-0.));
#677 = PCURVE('',#241,#678);
#678 = DEFINITIONAL_REPRESENTATION('',(#679),#683);
#679 = CIRCLE('',#680,29.5);
#680 = AXIS2_PLACEMENT_2D('',#681,#682);
#681 = CARTESIAN_POINT('',(35.,85.));
#682 = DIRECTION('',(1.,0.));
#683 = ( GEOMETRIC_REPRESENTATION_CONTEXT(2) 
PARAMETRIC_REPRESENTATION_CONTEXT() REPRESENTATION_CONTEXT('2D SPACE',''
  ) );
#684 = PCURVE('',#685,#690);
#685 = TOROIDAL_SURFACE('',#686,29.5,2.);
#686 = AXIS2_PLACEMENT_3D('',#687,#688,#689);
#687 = CARTESIAN_POINT('',(-155.,0.,22.));
#688 = DIRECTION('',(0.,0.,1.));
#689 = DIRECTION('',(1.,0.,-0.));
#690 = DEFINITIONAL_REPRESENTATION('',(#691),#695);
#691 = LINE('',#692,#693);
#692 = CARTESIAN_POINT('',(0.,1.570796326795));
#693 = VECTOR('',#694,1.);
#694 = DIRECTION('',(1.,0.));
#695 = ( GEOMETRIC_REPRESENTATION_CONTEXT(2) 
PARAMETRIC_REPRESENTATION_CONTEXT() REPRESENTATION_CONTEXT('2D SPACE',''
  ) );
#696 = FACE_BOUND('',#697,.T.);
#697 = EDGE_LOOP('',(#698));
#698 = ORIENTED_EDGE('',*,*,#699,.F.);
#699 = EDGE_CURVE('',#700,#700,#702,.T.);
#700 = VERTEX_POINT('',#701);
#701 = CARTESIAN_POINT('',(-85.,35.,24.));
#702 = SURFACE_CURVE('',#703,(#708,#715),.PCURVE_S1.);
#703 = CIRCLE('',#704,15.);
#704 = AXIS2_PLACEMENT_3D('',#705,#706,#707);
#705 = CARTESIAN_POINT('',(-100.,35.,24.));
#706 = DIRECTION('',(0.,0.,1.));
#707 = DIRECTION('',(1.,0.,-0.));
#708 = PCURVE('',#241,#709);
#709 = DEFINITIONAL_REPRESENTATION('',(#710),#714);
#710 = CIRCLE('',#711,15.);
#711 = AXIS2_PLACEMENT_2D('',#712,#713);
#712 = CARTESIAN_POINT('',(90.,120.));
#713 = DIRECTION('',(1.,0.));
#714 = ( GEOMETRIC_REPRESENTATION_CONTEXT(2) 
PARAMETRIC_REPRESENTATION_CONTEXT() REPRESENTATION_CONTEXT('2D SPACE',''
  ) );
#715 = PCURVE('',#716,#721);
#716 = TOROIDAL_SURFACE('',#717,15.,2.);
#717 = AXIS2_PLACEMENT_3D('',#718,#719,#720);
#718 = CARTESIAN_POINT('',(-100.,35.,22.));
#719 = DIRECTION('',(0.,0.,1.));
#720 = DIRECTION('',(1.,0.,-0.));
#721 = DEFINITIONAL_REPRESENTATION('',(#722),#726);
#722 = LINE('',#723,#724);
#723 = CARTESIAN_POINT('',(0.,1.570796326795));
#724 = VECTOR('',#725,1.);
#725 = DIRECTION('',(1.,0.));
#726 = ( GEOMETRIC_REPRESENTATION_CONTEXT(2) 
PARAMETRIC_REPRESENTATION_CONTEXT() REPRESENTATION_CONTEXT('2D SPACE',''
  ) );
#727 = FACE_BOUND('',#728,.T.);
#728 = EDGE_LOOP('',(#729));
#729 = ORIENTED_EDGE('',*,*,#730,.F.);
#730 = EDGE_CURVE('',#731,#731,#733,.T.);
#731 = VERTEX_POINT('',#732);
#732 = CARTESIAN_POINT('',(-45.,35.,24.));
#733 = SURFACE_CURVE('',#734,(#739,#746),.PCURVE_S1.);
#734 = CIRCLE('',#735,15.);
#735 = AXIS2_PLACEMENT_3D('',#736,#737,#738);
#736 = CARTESIAN_POINT('',(-60.,35.,24.));
#737 = DIRECTION('',(0.,0.,1.));
#738 = DIRECTION('',(1.,0.,-0.));
#739 = PCURVE('',#241,#740);
#740 = DEFINITIONAL_REPRESENTATION('',(#741),#745);
#741 = CIRCLE('',#742,15.);
#742 = AXIS2_PLACEMENT_2D('',#743,#744);
#743 = CARTESIAN_POINT('',(130.,120.));
#744 = DIRECTION('',(1.,0.));
#745 = ( GEOMETRIC_REPRESENTATION_CONTEXT(2) 
PARAMETRIC_REPRESENTATION_CONTEXT() REPRESENTATION_CONTEXT('2D SPACE',''
  ) );
#746 = PCURVE('',#747,#752);
#747 = TOROIDAL_SURFACE('',#748,15.,2.);
#748 = AXIS2_PLACEMENT_3D('',#749,#750,#751);
#749 = CARTESIAN_POINT('',(-60.,35.,22.));
#750 = DIRECTION('',(0.,0.,1.));
#751 = DIRECTION('',(1.,0.,-0.));
#752 = DEFINITIONAL_REPRESENTATION('',(#753),#757);
#753 = LINE('',#754,#755);
#754 = CARTESIAN_POINT('',(0.,1.570796326795));
#755 = VECTOR('',#756,1.);
#756 = DIRECTION('',(1.,0.));
#757 = ( GEOMETRIC_REPRESENTATION_CONTEXT(2) 
PARAMETRIC_REPRESENTATION_CONTEXT() REPRESENTATION_CONTEXT('2D SPACE',''
  ) );
#758 = FACE_BOUND('',#759,.T.);
#759 = EDGE_LOOP('',(#760));
#760 = ORIENTED_EDGE('',*,*,#761,.F.);
#761 = EDGE_CURVE('',#762,#762,#764,.T.);
#762 = VERTEX_POINT('',#763);
#763 = CARTESIAN_POINT('',(-5.,35.,24.));
#764 = SURFACE_CURVE('',#765,(#770,#777),.PCURVE_S1.);
#765 = CIRCLE('',#766,15.);
#766 = AXIS2_PLACEMENT_3D('',#767,#768,#769);
#767 = CARTESIAN_POINT('',(-20.,35.,24.));
#768 = DIRECTION('',(0.,0.,1.));
#769 = DIRECTION('',(1.,0.,-0.));
#770 = PCURVE('',#241,#771);
#771 = DEFINITIONAL_REPRESENTATION('',(#772),#776);
#772 = CIRCLE('',#773,15.);
#773 = AXIS2_PLACEMENT_2D('',#774,#775);
#774 = CARTESIAN_POINT('',(170.,120.));
#775 = DIRECTION('',(1.,0.));
#776 = ( GEOMETRIC_REPRESENTATION_CONTEXT(2) 
PARAMETRIC_REPRESENTATION_CONTEXT() REPRESENTATION_CONTEXT('2D SPACE',''
  ) );
#777 = PCURVE('',#778,#783);
#778 = TOROIDAL_SURFACE('',#779,15.,2.);
#779 = AXIS2_PLACEMENT_3D('',#780,#781,#782);
#780 = CARTESIAN_POINT('',(-20.,35.,22.));
#781 = DIRECTION('',(0.,0.,1.));
#782 = DIRECTION('',(1.,0.,-0.));
#783 = DEFINITIONAL_REPRESENTATION('',(#784),#788);
#784 = LINE('',#785,#786);
#785 = CARTESIAN_POINT('',(0.,1.570796326795));
#786 = VECTOR('',#787,1.);
#787 = DIRECTION('',(1.,0.));
#788 = ( GEOMETRIC_REPRESENTATION_CONTEXT(2) 
PARAMETRIC_REPRESENTATION_CONTEXT() REPRESENTATION_CONTEXT('2D SPACE',''
  ) );
#789 = FACE_BOUND('',#790,.T.);
#790 = EDGE_LOOP('',(#791));
#791 = ORIENTED_EDGE('',*,*,#792,.F.);
#792 = EDGE_CURVE('',#793,#793,#795,.T.);
#793 = VERTEX_POINT('',#794);
#794 = CARTESIAN_POINT('',(184.5,0.,24.));
#795 = SURFACE_CURVE('',#796,(#801,#808),.PCURVE_S1.);
#796 = CIRCLE('',#797,29.5);
#797 = AXIS2_PLACEMENT_3D('',#798,#799,#800);
#798 = CARTESIAN_POINT('',(155.,0.,24.));
#799 = DIRECTION('',(0.,0.,1.));
#800 = DIRECTION('',(1.,0.,-0.));
#801 = PCURVE('',#241,#802);
#802 = DEFINITIONAL_REPRESENTATION('',(#803),#807);
#803 = CIRCLE('',#804,29.5);
#804 = AXIS2_PLACEMENT_2D('',#805,#806);
#805 = CARTESIAN_POINT('',(345.,85.));
#806 = DIRECTION('',(1.,0.));
#807 = ( GEOMETRIC_REPRESENTATION_CONTEXT(2) 
PARAMETRIC_REPRESENTATION_CONTEXT() REPRESENTATION_CONTEXT('2D SPACE',''
  ) );
#808 = PCURVE('',#809,#814);
#809 = TOROIDAL_SURFACE('',#810,29.5,2.);
#810 = AXIS2_PLACEMENT_3D('',#811,#812,#813);
#811 = CARTESIAN_POINT('',(155.,0.,22.));
#812 = DIRECTION('',(0.,0.,1.));
#813 = DIRECTION('',(1.,0.,-0.));
#814 = DEFINITIONAL_REPRESENTATION('',(#815),#819);
#815 = LINE('',#816,#817);
#816 = CARTESIAN_POINT('',(0.,1.570796326795));
#817 = VECTOR('',#818,1.);
#818 = DIRECTION('',(1.,0.));
#819 = ( GEOMETRIC_REPRESENTATION_CONTEXT(2) 
PARAMETRIC_REPRESENTATION_CONTEXT() REPRESENTATION_CONTEXT('2D SPACE',''
  ) );
#820 = FACE_BOUND('',#821,.T.);
#821 = EDGE_LOOP('',(#822));
#822 = ORIENTED_EDGE('',*,*,#823,.F.);
#823 = EDGE_CURVE('',#824,#824,#826,.T.);
#824 = VERTEX_POINT('',#825);
#825 = CARTESIAN_POINT('',(35.,35.,24.));
#826 = SURFACE_CURVE('',#827,(#832,#839),.PCURVE_S1.);
#827 = CIRCLE('',#828,15.);
#828 = AXIS2_PLACEMENT_3D('',#829,#830,#831);
#829 = CARTESIAN_POINT('',(20.,35.,24.));
#830 = DIRECTION('',(0.,0.,1.));
#831 = DIRECTION('',(1.,0.,-0.));
#832 = PCURVE('',#241,#833);
#833 = DEFINITIONAL_REPRESENTATION('',(#834),#838);
#834 = CIRCLE('',#835,15.);
#835 = AXIS2_PLACEMENT_2D('',#836,#837);
#836 = CARTESIAN_POINT('',(210.,120.));
#837 = DIRECTION('',(1.,0.));
#838 = ( GEOMETRIC_REPRESENTATION_CONTEXT(2) 
PARAMETRIC_REPRESENTATION_CONTEXT() REPRESENTATION_CONTEXT('2D SPACE',''
  ) );
#839 = PCURVE('',#840,#845);
#840 = TOROIDAL_SURFACE('',#841,15.,2.);
#841 = AXIS2_PLACEMENT_3D('',#842,#843,#844);
#842 = CARTESIAN_POINT('',(20.,35.,22.));
#843 = DIRECTION('',(0.,0.,1.));
#844 = DIRECTION('',(1.,0.,-0.));
#845 = DEFINITIONAL_REPRESENTATION('',(#846),#850);
#846 = LINE('',#847,#848);
#847 = CARTESIAN_POINT('',(0.,1.570796326795));
#848 = VECTOR('',#849,1.);
#849 = DIRECTION('',(1.,0.));
#850 = ( GEOMETRIC_REPRESENTATION_CONTEXT(2) 
PARAMETRIC_REPRESENTATION_CONTEXT() REPRESENTATION_CONTEXT('2D SPACE',''
  ) );
#851 = FACE_BOUND('',#852,.T.);
#852 = EDGE_LOOP('',(#853));
#853 = ORIENTED_EDGE('',*,*,#854,.F.);
#854 = EDGE_CURVE('',#855,#855,#857,.T.);
#855 = VERTEX_POINT('',#856);
#856 = CARTESIAN_POINT('',(75.,35.,24.));
#857 = SURFACE_CURVE('',#858,(#863,#870),.PCURVE_S1.);
#858 = CIRCLE('',#859,15.);
#859 = AXIS2_PLACEMENT_3D('',#860,#861,#862);
#860 = CARTESIAN_POINT('',(60.,35.,24.));
#861 = DIRECTION('',(0.,0.,1.));
#862 = DIRECTION('',(1.,0.,-0.));
#863 = PCURVE('',#241,#864);
#864 = DEFINITIONAL_REPRESENTATION('',(#865),#869);
#865 = CIRCLE('',#866,15.);
#866 = AXIS2_PLACEMENT_2D('',#867,#868);
#867 = CARTESIAN_POINT('',(250.,120.));
#868 = DIRECTION('',(1.,0.));
#869 = ( GEOMETRIC_REPRESENTATION_CONTEXT(2) 
PARAMETRIC_REPRESENTATION_CONTEXT() REPRESENTATION_CONTEXT('2D SPACE',''
  ) );
#870 = PCURVE('',#871,#876);
#871 = TOROIDAL_SURFACE('',#872,15.,2.);
#872 = AXIS2_PLACEMENT_3D('',#873,#874,#875);
#873 = CARTESIAN_POINT('',(60.,35.,22.));
#874 = DIRECTION('',(0.,0.,1.));
#875 = DIRECTION('',(1.,0.,-0.));
#876 = DEFINITIONAL_REPRESENTATION('',(#877),#881);
#877 = LINE('',#878,#879);
#878 = CARTESIAN_POINT('',(0.,1.570796326795));
#879 = VECTOR('',#880,1.);
#880 = DIRECTION('',(1.,0.));
#881 = ( GEOMETRIC_REPRESENTATION_CONTEXT(2) 
PARAMETRIC_REPRESENTATION_CONTEXT() REPRESENTATION_CONTEXT('2D SPACE',''
  ) );
#882 = FACE_BOUND('',#883,.T.);
#883 = EDGE_LOOP('',(#884));
#884 = ORIENTED_EDGE('',*,*,#885,.F.);
#885 = EDGE_CURVE('',#886,#886,#888,.T.);
#886 = VERTEX_POINT('',#887);
#887 = CARTESIAN_POINT('',(115.,35.,24.));
#888 = SURFACE_CURVE('',#889,(#894,#901),.PCURVE_S1.);
#889 = CIRCLE('',#890,15.);
#890 = AXIS2_PLACEMENT_3D('',#891,#892,#893);
#891 = CARTESIAN_POINT('',(100.,35.,24.));
#892 = DIRECTION('',(0.,0.,1.));
#893 = DIRECTION('',(1.,0.,-0.));
#894 = PCURVE('',#241,#895);
#895 = DEFINITIONAL_REPRESENTATION('',(#896),#900);
#896 = CIRCLE('',#897,15.);
#897 = AXIS2_PLACEMENT_2D('',#898,#899);
#898 = CARTESIAN_POINT('',(290.,120.));
#899 = DIRECTION('',(1.,0.));
#900 = ( GEOMETRIC_REPRESENTATION_CONTEXT(2) 
PARAMETRIC_REPRESENTATION_CONTEXT() REPRESENTATION_CONTEXT('2D SPACE',''
  ) );
#901 = PCURVE('',#902,#907);
#902 = TOROIDAL_SURFACE('',#903,15.,2.);
#903 = AXIS2_PLACEMENT_3D('',#904,#905,#906);
#904 = CARTESIAN_POINT('',(100.,35.,22.));
#905 = DIRECTION('',(0.,0.,1.));
#906 = DIRECTION('',(1.,0.,-0.));
#907 = DEFINITIONAL_REPRESENTATION('',(#908),#912);
#908 = LINE('',#909,#910);
#909 = CARTESIAN_POINT('',(0.,1.570796326795));
#910 = VECTOR('',#911,1.);
#911 = DIRECTION('',(1.,0.));
#912 = ( GEOMETRIC_REPRESENTATION_CONTEXT(2) 
PARAMETRIC_REPRESENTATION_CONTEXT() REPRESENTATION_CONTEXT('2D SPACE',''
  ) );
#913 = ADVANCED_FACE('',(#914),#253,.T.);
#914 = FACE_BOUND('',#915,.T.);
#915 = EDGE_LOOP('',(#916,#938,#939,#940));
#916 = ORIENTED_EDGE('',*,*,#917,.F.);
#917 = EDGE_CURVE('',#232,#918,#920,.T.);
#918 = VERTEX_POINT('',#919);
#919 = CARTESIAN_POINT('',(-87.,-35.,22.));
#920 = SEAM_CURVE('',#921,(#926,#932),.PCURVE_S1.);
#921 = CIRCLE('',#922,2.);
#922 = AXIS2_PLACEMENT_3D('',#923,#924,#925);
#923 = CARTESIAN_POINT('',(-85.,-35.,22.));
#924 = DIRECTION('',(0.,-1.,0.));
#925 = DIRECTION('',(1.,0.,0.));
#926 = PCURVE('',#253,#927);
#927 = DEFINITIONAL_REPRESENTATION('',(#928),#931);
#928 = B_SPLINE_CURVE_WITH_KNOTS('',1,(#929,#930),.UNSPECIFIED.,.F.,.F.,
  (2,2),(1.570796326795,3.14159265359),.PIECEWISE_BEZIER_KNOTS.);
#929 = CARTESIAN_POINT('',(0.,1.570796326795));
#930 = CARTESIAN_POINT('',(0.,3.14159265359));
#931 = ( GEOMETRIC_REPRESENTATION_CONTEXT(2) 
PARAMETRIC_REPRESENTATION_CONTEXT() REPRESENTATION_CONTEXT('2D SPACE',''
  ) );
#932 = PCURVE('',#253,#933);
#933 = DEFINITIONAL_REPRESENTATION('',(#934),#937);
#934 = B_SPLINE_CURVE_WITH_KNOTS('',1,(#935,#936),.UNSPECIFIED.,.F.,.F.,
  (2,2),(1.570796326795,3.14159265359),.PIECEWISE_BEZIER_KNOTS.);
#935 = CARTESIAN_POINT('',(6.28318530718,1.570796326795));
#936 = CARTESIAN_POINT('',(6.28318530718,3.14159265359));
#937 = ( GEOMETRIC_REPRESENTATION_CONTEXT(2) 
PARAMETRIC_REPRESENTATION_CONTEXT() REPRESENTATION_CONTEXT('2D SPACE',''
  ) );
#938 = ORIENTED_EDGE('',*,*,#231,.T.);
#939 = ORIENTED_EDGE('',*,*,#917,.T.);
#940 = ORIENTED_EDGE('',*,*,#941,.F.);
#941 = EDGE_CURVE('',#918,#918,#942,.T.);
#942 = SURFACE_CURVE('',#943,(#948,#955),.PCURVE_S1.);
#943 = CIRCLE('',#944,13.);
#944 = AXIS2_PLACEMENT_3D('',#945,#946,#947);
#945 = CARTESIAN_POINT('',(-100.,-35.,22.));
#946 = DIRECTION('',(0.,0.,1.));
#947 = DIRECTION('',(1.,0.,-0.));
#948 = PCURVE('',#253,#949);
#949 = DEFINITIONAL_REPRESENTATION('',(#950),#954);
#950 = LINE('',#951,#952);
#951 = CARTESIAN_POINT('',(0.,3.14159265359));
#952 = VECTOR('',#953,1.);
#953 = DIRECTION('',(1.,0.));
#954 = ( GEOMETRIC_REPRESENTATION_CONTEXT(2) 
PARAMETRIC_REPRESENTATION_CONTEXT() REPRESENTATION_CONTEXT('2D SPACE',''
  ) );
#955 = PCURVE('',#956,#961);
#956 = CYLINDRICAL_SURFACE('',#957,13.);
#957 = AXIS2_PLACEMENT_3D('',#958,#959,#960);
#958 = CARTESIAN_POINT('',(-100.,-35.,8.));
#959 = DIRECTION('',(0.,0.,1.));
#960 = DIRECTION('',(1.,0.,-0.));
#961 = DEFINITIONAL_REPRESENTATION('',(#962),#966);
#962 = LINE('',#963,#964);
#963 = CARTESIAN_POINT('',(0.,14.));
#964 = VECTOR('',#965,1.);
#965 = DIRECTION('',(1.,0.));
#966 = ( GEOMETRIC_REPRESENTATION_CONTEXT(2) 
PARAMETRIC_REPRESENTATION_CONTEXT() REPRESENTATION_CONTEXT('2D SPACE',''
  ) );
#967 = ADVANCED_FACE('',(#968),#285,.T.);
#968 = FACE_BOUND('',#969,.T.);
#969 = EDGE_LOOP('',(#970,#992,#993,#1015));
#970 = ORIENTED_EDGE('',*,*,#971,.T.);
#971 = EDGE_CURVE('',#972,#268,#974,.T.);
#972 = VERTEX_POINT('',#973);
#973 = CARTESIAN_POINT('',(-190.,-77.,20.));
#974 = SURFACE_CURVE('',#975,(#980,#986),.PCURVE_S1.);
#975 = CIRCLE('',#976,4.);
#976 = AXIS2_PLACEMENT_3D('',#977,#978,#979);
#977 = CARTESIAN_POINT('',(-186.,-77.,20.));
#978 = DIRECTION('',(0.,1.,0.));
#979 = DIRECTION('',(-1.,0.,0.));
#980 = PCURVE('',#285,#981);
#981 = DEFINITIONAL_REPRESENTATION('',(#982),#985);
#982 = B_SPLINE_CURVE_WITH_KNOTS('',1,(#983,#984),.UNSPECIFIED.,.F.,.F.,
  (2,2),(0.,1.570796326795),.PIECEWISE_BEZIER_KNOTS.);
#983 = CARTESIAN_POINT('',(0.,0.));
#984 = CARTESIAN_POINT('',(1.570796326795,0.));
#985 = ( GEOMETRIC_REPRESENTATION_CONTEXT(2) 
PARAMETRIC_REPRESENTATION_CONTEXT() REPRESENTATION_CONTEXT('2D SPACE',''
  ) );
#986 = PCURVE('',#318,#987);
#987 = DEFINITIONAL_REPRESENTATION('',(#988),#991);
#988 = B_SPLINE_CURVE_WITH_KNOTS('',1,(#989,#990),.UNSPECIFIED.,.F.,.F.,
  (2,2),(0.,1.570796326795),.PIECEWISE_BEZIER_KNOTS.);
#989 = CARTESIAN_POINT('',(-1.570796326795,0.));
#990 = CARTESIAN_POINT('',(-1.570796326795,1.570796326795));
#991 = ( GEOMETRIC_REPRESENTATION_CONTEXT(2) 
PARAMETRIC_REPRESENTATION_CONTEXT() REPRESENTATION_CONTEXT('2D SPACE',''
  ) );
#992 = ORIENTED_EDGE('',*,*,#267,.T.);
#993 = ORIENTED_EDGE('',*,*,#994,.F.);
#994 = EDGE_CURVE('',#995,#270,#997,.T.);
#995 = VERTEX_POINT('',#996);
#996 = CARTESIAN_POINT('',(-190.,77.,20.));
#997 = SURFACE_CURVE('',#998,(#1003,#1009),.PCURVE_S1.);
#998 = CIRCLE('',#999,4.);
#999 = AXIS2_PLACEMENT_3D('',#1000,#1001,#1002);
#1000 = CARTESIAN_POINT('',(-186.,77.,20.));
#1001 = DIRECTION('',(0.,1.,0.));
#1002 = DIRECTION('',(-1.,0.,0.));
#1003 = PCURVE('',#285,#1004);
#1004 = DEFINITIONAL_REPRESENTATION('',(#1005),#1008);
#1005 = B_SPLINE_CURVE_WITH_KNOTS('',1,(#1006,#1007),.UNSPECIFIED.,.F.,
  .F.,(2,2),(0.,1.570796326795),.PIECEWISE_BEZIER_KNOTS.);
#1006 = CARTESIAN_POINT('',(0.,154.));
#1007 = CARTESIAN_POINT('',(1.570796326795,154.));
#1008 = ( GEOMETRIC_REPRESENTATION_CONTEXT(2) 
PARAMETRIC_REPRESENTATION_CONTEXT() REPRESENTATION_CONTEXT('2D SPACE',''
  ) );
#1009 = PCURVE('',#499,#1010);
#1010 = DEFINITIONAL_REPRESENTATION('',(#1011),#1014);
#1011 = B_SPLINE_CURVE_WITH_KNOTS('',1,(#1012,#1013),.UNSPECIFIED.,.F.,
  .F.,(2,2),(0.,1.570796326795),.PIECEWISE_BEZIER_KNOTS.);
#1012 = CARTESIAN_POINT('',(0.,0.));
#1013 = CARTESIAN_POINT('',(0.,1.570796326795));
#1014 = ( GEOMETRIC_REPRESENTATION_CONTEXT(2) 
PARAMETRIC_REPRESENTATION_CONTEXT() REPRESENTATION_CONTEXT('2D SPACE',''
  ) );
#1015 = ORIENTED_EDGE('',*,*,#1016,.F.);
#1016 = EDGE_CURVE('',#972,#995,#1017,.T.);
#1017 = SURFACE_CURVE('',#1018,(#1022,#1029),.PCURVE_S1.);
#1018 = LINE('',#1019,#1020);
#1019 = CARTESIAN_POINT('',(-190.,-77.,20.));
#1020 = VECTOR('',#1021,1.);
#1021 = DIRECTION('',(0.,1.,0.));
#1022 = PCURVE('',#285,#1023);
#1023 = DEFINITIONAL_REPRESENTATION('',(#1024),#1028);
#1024 = LINE('',#1025,#1026);
#1025 = CARTESIAN_POINT('',(0.,0.));
#1026 = VECTOR('',#1027,1.);
#1027 = DIRECTION('',(0.,1.));
#1028 = ( GEOMETRIC_REPRESENTATION_CONTEXT(2) 
PARAMETRIC_REPRESENTATION_CONTEXT() REPRESENTATION_CONTEXT('2D SPACE',''
  ) );
#1029 = PCURVE('',#1030,#1035);
#1030 = PLANE('',#1031);
#1031 = AXIS2_PLACEMENT_3D('',#1032,#1033,#1034);
#1032 = CARTESIAN_POINT('',(-190.,-85.,0.));
#1033 = DIRECTION('',(1.,0.,0.));
#1034 = DIRECTION('',(0.,0.,1.));
#1035 = DEFINITIONAL_REPRESENTATION('',(#1036),#1040);
#1036 = LINE('',#1037,#1038);
#1037 = CARTESIAN_POINT('',(20.,-8.));
#1038 = VECTOR('',#1039,1.);
#1039 = DIRECTION('',(0.,-1.));
#1040 = ( GEOMETRIC_REPRESENTATION_CONTEXT(2) 
PARAMETRIC_REPRESENTATION_CONTEXT() REPRESENTATION_CONTEXT('2D SPACE',''
  ) );
#1041 = ADVANCED_FACE('',(#1042),#318,.T.);
#1042 = FACE_BOUND('',#1043,.F.);
#1043 = EDGE_LOOP('',(#1044,#1066,#1093,#1094));
#1044 = ORIENTED_EDGE('',*,*,#1045,.F.);
#1045 = EDGE_CURVE('',#1046,#298,#1048,.T.);
#1046 = VERTEX_POINT('',#1047);
#1047 = CARTESIAN_POINT('',(-182.,-85.,20.));
#1048 = SURFACE_CURVE('',#1049,(#1054,#1060),.PCURVE_S1.);
#1049 = CIRCLE('',#1050,4.);
#1050 = AXIS2_PLACEMENT_3D('',#1051,#1052,#1053);
#1051 = CARTESIAN_POINT('',(-182.,-81.,20.));
#1052 = DIRECTION('',(-1.,-0.,0.));
#1053 = DIRECTION('',(0.,-1.,0.));
#1054 = PCURVE('',#318,#1055);
#1055 = DEFINITIONAL_REPRESENTATION('',(#1056),#1059);
#1056 = B_SPLINE_CURVE_WITH_KNOTS('',1,(#1057,#1058),.UNSPECIFIED.,.F.,
  .F.,(2,2),(0.,1.570796326795),.PIECEWISE_BEZIER_KNOTS.);
#1057 = CARTESIAN_POINT('',(0.,0.));
#1058 = CARTESIAN_POINT('',(0.,1.570796326795));
#1059 = ( GEOMETRIC_REPRESENTATION_CONTEXT(2) 
PARAMETRIC_REPRESENTATION_CONTEXT() REPRESENTATION_CONTEXT('2D SPACE',''
  ) );
#1060 = PCURVE('',#346,#1061);
#1061 = DEFINITIONAL_REPRESENTATION('',(#1062),#1065);
#1062 = B_SPLINE_CURVE_WITH_KNOTS('',1,(#1063,#1064),.UNSPECIFIED.,.F.,
  .F.,(2,2),(0.,1.570796326795),.PIECEWISE_BEZIER_KNOTS.);
#1063 = CARTESIAN_POINT('',(0.,364.));
#1064 = CARTESIAN_POINT('',(1.570796326795,364.));
#1065 = ( GEOMETRIC_REPRESENTATION_CONTEXT(2) 
PARAMETRIC_REPRESENTATION_CONTEXT() REPRESENTATION_CONTEXT('2D SPACE',''
  ) );
#1066 = ORIENTED_EDGE('',*,*,#1067,.T.);
#1067 = EDGE_CURVE('',#1046,#972,#1068,.T.);
#1068 = SURFACE_CURVE('',#1069,(#1074,#1081),.PCURVE_S1.);
#1069 = CIRCLE('',#1070,8.);
#1070 = AXIS2_PLACEMENT_3D('',#1071,#1072,#1073);
#1071 = CARTESIAN_POINT('',(-182.,-77.,20.));
#1072 = DIRECTION('',(-0.,-0.,-1.));
#1073 = DIRECTION('',(0.,-1.,0.));
#1074 = PCURVE('',#318,#1075);
#1075 = DEFINITIONAL_REPRESENTATION('',(#1076),#1080);
#1076 = LINE('',#1077,#1078);
#1077 = CARTESIAN_POINT('',(-0.,0.));
#1078 = VECTOR('',#1079,1.);
#1079 = DIRECTION('',(-1.,0.));
#1080 = ( GEOMETRIC_REPRESENTATION_CONTEXT(2) 
PARAMETRIC_REPRESENTATION_CONTEXT() REPRESENTATION_CONTEXT('2D SPACE',''
  ) );
#1081 = PCURVE('',#1082,#1087);
#1082 = CYLINDRICAL_SURFACE('',#1083,8.);
#1083 = AXIS2_PLACEMENT_3D('',#1084,#1085,#1086);
#1084 = CARTESIAN_POINT('',(-182.,-77.,0.));
#1085 = DIRECTION('',(0.,0.,1.));
#1086 = DIRECTION('',(-1.,-0.,0.));
#1087 = DEFINITIONAL_REPRESENTATION('',(#1088),#1092);
#1088 = LINE('',#1089,#1090);
#1089 = CARTESIAN_POINT('',(1.570796326795,20.));
#1090 = VECTOR('',#1091,1.);
#1091 = DIRECTION('',(-1.,-0.));
#1092 = ( GEOMETRIC_REPRESENTATION_CONTEXT(2) 
PARAMETRIC_REPRESENTATION_CONTEXT() REPRESENTATION_CONTEXT('2D SPACE',''
  ) );
#1093 = ORIENTED_EDGE('',*,*,#971,.T.);
#1094 = ORIENTED_EDGE('',*,*,#297,.F.);
#1095 = ADVANCED_FACE('',(#1096),#499,.T.);
#1096 = FACE_BOUND('',#1097,.F.);
#1097 = EDGE_LOOP('',(#1098,#1099,#1128,#1148));
#1098 = ORIENTED_EDGE('',*,*,#994,.F.);
#1099 = ORIENTED_EDGE('',*,*,#1100,.T.);
#1100 = EDGE_CURVE('',#995,#1101,#1103,.T.);
#1101 = VERTEX_POINT('',#1102);
#1102 = CARTESIAN_POINT('',(-182.,85.,20.));
#1103 = SURFACE_CURVE('',#1104,(#1109,#1116),.PCURVE_S1.);
#1104 = CIRCLE('',#1105,8.);
#1105 = AXIS2_PLACEMENT_3D('',#1106,#1107,#1108);
#1106 = CARTESIAN_POINT('',(-182.,77.,20.));
#1107 = DIRECTION('',(-0.,0.,-1.));
#1108 = DIRECTION('',(-1.,0.,0.));
#1109 = PCURVE('',#499,#1110);
#1110 = DEFINITIONAL_REPRESENTATION('',(#1111),#1115);
#1111 = LINE('',#1112,#1113);
#1112 = CARTESIAN_POINT('',(-0.,0.));
#1113 = VECTOR('',#1114,1.);
#1114 = DIRECTION('',(-1.,0.));
#1115 = ( GEOMETRIC_REPRESENTATION_CONTEXT(2) 
PARAMETRIC_REPRESENTATION_CONTEXT() REPRESENTATION_CONTEXT('2D SPACE',''
  ) );
#1116 = PCURVE('',#1117,#1122);
#1117 = CYLINDRICAL_SURFACE('',#1118,8.);
#1118 = AXIS2_PLACEMENT_3D('',#1119,#1120,#1121);
#1119 = CARTESIAN_POINT('',(-182.,77.,0.));
#1120 = DIRECTION('',(0.,0.,1.));
#1121 = DIRECTION('',(-1.,-0.,0.));
#1122 = DEFINITIONAL_REPRESENTATION('',(#1123),#1127);
#1123 = LINE('',#1124,#1125);
#1124 = CARTESIAN_POINT('',(-0.,20.));
#1125 = VECTOR('',#1126,1.);
#1126 = DIRECTION('',(-1.,0.));
#1127 = ( GEOMETRIC_REPRESENTATION_CONTEXT(2) 
PARAMETRIC_REPRESENTATION_CONTEXT() REPRESENTATION_CONTEXT('2D SPACE',''
  ) );
#1128 = ORIENTED_EDGE('',*,*,#1129,.T.);
#1129 = EDGE_CURVE('',#1101,#453,#1130,.T.);
#1130 = SURFACE_CURVE('',#1131,(#1136,#1142),.PCURVE_S1.);
#1131 = CIRCLE('',#1132,4.);
#1132 = AXIS2_PLACEMENT_3D('',#1133,#1134,#1135);
#1133 = CARTESIAN_POINT('',(-182.,81.,20.));
#1134 = DIRECTION('',(1.,6.123233995737E-17,-0.));
#1135 = DIRECTION('',(-6.123233995737E-17,1.,0.));
#1136 = PCURVE('',#499,#1137);
#1137 = DEFINITIONAL_REPRESENTATION('',(#1138),#1141);
#1138 = B_SPLINE_CURVE_WITH_KNOTS('',1,(#1139,#1140),.UNSPECIFIED.,.F.,
  .F.,(2,2),(0.,1.570796326795),.PIECEWISE_BEZIER_KNOTS.);
#1139 = CARTESIAN_POINT('',(-1.570796326795,0.));
#1140 = CARTESIAN_POINT('',(-1.570796326795,1.570796326795));
#1141 = ( GEOMETRIC_REPRESENTATION_CONTEXT(2) 
PARAMETRIC_REPRESENTATION_CONTEXT() REPRESENTATION_CONTEXT('2D SPACE',''
  ) );
#1142 = PCURVE('',#468,#1143);
#1143 = DEFINITIONAL_REPRESENTATION('',(#1144),#1147);
#1144 = B_SPLINE_CURVE_WITH_KNOTS('',1,(#1145,#1146),.UNSPECIFIED.,.F.,
  .F.,(2,2),(0.,1.570796326795),.PIECEWISE_BEZIER_KNOTS.);
#1145 = CARTESIAN_POINT('',(0.,0.));
#1146 = CARTESIAN_POINT('',(1.570796326795,0.));
#1147 = ( GEOMETRIC_REPRESENTATION_CONTEXT(2) 
PARAMETRIC_REPRESENTATION_CONTEXT() REPRESENTATION_CONTEXT('2D SPACE',''
  ) );
#1148 = ORIENTED_EDGE('',*,*,#480,.F.);
#1149 = ADVANCED_FACE('',(#1150),#346,.T.);
#1150 = FACE_BOUND('',#1151,.T.);
#1151 = EDGE_LOOP('',(#1152,#1174,#1175,#1176));
#1152 = ORIENTED_EDGE('',*,*,#1153,.T.);
#1153 = EDGE_CURVE('',#1154,#331,#1156,.T.);
#1154 = VERTEX_POINT('',#1155);
#1155 = CARTESIAN_POINT('',(182.,-85.,20.));
#1156 = SURFACE_CURVE('',#1157,(#1162,#1168),.PCURVE_S1.);
#1157 = CIRCLE('',#1158,4.);
#1158 = AXIS2_PLACEMENT_3D('',#1159,#1160,#1161);
#1159 = CARTESIAN_POINT('',(182.,-81.,20.));
#1160 = DIRECTION('',(-1.,-6.123233995737E-17,0.));
#1161 = DIRECTION('',(6.123233995737E-17,-1.,-0.));
#1162 = PCURVE('',#346,#1163);
#1163 = DEFINITIONAL_REPRESENTATION('',(#1164),#1167);
#1164 = B_SPLINE_CURVE_WITH_KNOTS('',1,(#1165,#1166),.UNSPECIFIED.,.F.,
  .F.,(2,2),(0.,1.570796326795),.PIECEWISE_BEZIER_KNOTS.);
#1165 = CARTESIAN_POINT('',(0.,0.));
#1166 = CARTESIAN_POINT('',(1.570796326795,0.));
#1167 = ( GEOMETRIC_REPRESENTATION_CONTEXT(2) 
PARAMETRIC_REPRESENTATION_CONTEXT() REPRESENTATION_CONTEXT('2D SPACE',''
  ) );
#1168 = PCURVE('',#379,#1169);
#1169 = DEFINITIONAL_REPRESENTATION('',(#1170),#1173);
#1170 = B_SPLINE_CURVE_WITH_KNOTS('',1,(#1171,#1172),.UNSPECIFIED.,.F.,
  .F.,(2,2),(0.,1.570796326795),.PIECEWISE_BEZIER_KNOTS.);
#1171 = CARTESIAN_POINT('',(-1.570796326795,0.));
#1172 = CARTESIAN_POINT('',(-1.570796326795,1.570796326795));
#1173 = ( GEOMETRIC_REPRESENTATION_CONTEXT(2) 
PARAMETRIC_REPRESENTATION_CONTEXT() REPRESENTATION_CONTEXT('2D SPACE',''
  ) );
#1174 = ORIENTED_EDGE('',*,*,#330,.T.);
#1175 = ORIENTED_EDGE('',*,*,#1045,.F.);
#1176 = ORIENTED_EDGE('',*,*,#1177,.F.);
#1177 = EDGE_CURVE('',#1154,#1046,#1178,.T.);
#1178 = SURFACE_CURVE('',#1179,(#1183,#1190),.PCURVE_S1.);
#1179 = LINE('',#1180,#1181);
#1180 = CARTESIAN_POINT('',(182.,-85.,20.));
#1181 = VECTOR('',#1182,1.);
#1182 = DIRECTION('',(-1.,-0.,-0.));
#1183 = PCURVE('',#346,#1184);
#1184 = DEFINITIONAL_REPRESENTATION('',(#1185),#1189);
#1185 = LINE('',#1186,#1187);
#1186 = CARTESIAN_POINT('',(0.,0.));
#1187 = VECTOR('',#1188,1.);
#1188 = DIRECTION('',(0.,1.));
#1189 = ( GEOMETRIC_REPRESENTATION_CONTEXT(2) 
PARAMETRIC_REPRESENTATION_CONTEXT() REPRESENTATION_CONTEXT('2D SPACE',''
  ) );
#1190 = PCURVE('',#1191,#1196);
#1191 = PLANE('',#1192);
#1192 = AXIS2_PLACEMENT_3D('',#1193,#1194,#1195);
#1193 = CARTESIAN_POINT('',(-190.,-85.,0.));
#1194 = DIRECTION('',(0.,1.,0.));
#1195 = DIRECTION('',(0.,0.,1.));
#1196 = DEFINITIONAL_REPRESENTATION('',(#1197),#1201);
#1197 = LINE('',#1198,#1199);
#1198 = CARTESIAN_POINT('',(20.,372.));
#1199 = VECTOR('',#1200,1.);
#1200 = DIRECTION('',(-0.,-1.));
#1201 = ( GEOMETRIC_REPRESENTATION_CONTEXT(2) 
PARAMETRIC_REPRESENTATION_CONTEXT() REPRESENTATION_CONTEXT('2D SPACE',''
  ) );
#1202 = ADVANCED_FACE('',(#1203),#468,.T.);
#1203 = FACE_BOUND('',#1204,.T.);
#1204 = EDGE_LOOP('',(#1205,#1206,#1207,#1229));
#1205 = ORIENTED_EDGE('',*,*,#1129,.T.);
#1206 = ORIENTED_EDGE('',*,*,#452,.T.);
#1207 = ORIENTED_EDGE('',*,*,#1208,.F.);
#1208 = EDGE_CURVE('',#1209,#420,#1211,.T.);
#1209 = VERTEX_POINT('',#1210);
#1210 = CARTESIAN_POINT('',(182.,85.,20.));
#1211 = SURFACE_CURVE('',#1212,(#1217,#1223),.PCURVE_S1.);
#1212 = CIRCLE('',#1213,4.);
#1213 = AXIS2_PLACEMENT_3D('',#1214,#1215,#1216);
#1214 = CARTESIAN_POINT('',(182.,81.,20.));
#1215 = DIRECTION('',(1.,0.,0.));
#1216 = DIRECTION('',(-0.,1.,0.));
#1217 = PCURVE('',#468,#1218);
#1218 = DEFINITIONAL_REPRESENTATION('',(#1219),#1222);
#1219 = B_SPLINE_CURVE_WITH_KNOTS('',1,(#1220,#1221),.UNSPECIFIED.,.F.,
  .F.,(2,2),(0.,1.570796326795),.PIECEWISE_BEZIER_KNOTS.);
#1220 = CARTESIAN_POINT('',(0.,364.));
#1221 = CARTESIAN_POINT('',(1.570796326795,364.));
#1222 = ( GEOMETRIC_REPRESENTATION_CONTEXT(2) 
PARAMETRIC_REPRESENTATION_CONTEXT() REPRESENTATION_CONTEXT('2D SPACE',''
  ) );
#1223 = PCURVE('',#440,#1224);
#1224 = DEFINITIONAL_REPRESENTATION('',(#1225),#1228);
#1225 = B_SPLINE_CURVE_WITH_KNOTS('',1,(#1226,#1227),.UNSPECIFIED.,.F.,
  .F.,(2,2),(0.,1.570796326795),.PIECEWISE_BEZIER_KNOTS.);
#1226 = CARTESIAN_POINT('',(0.,0.));
#1227 = CARTESIAN_POINT('',(0.,1.570796326795));
#1228 = ( GEOMETRIC_REPRESENTATION_CONTEXT(2) 
PARAMETRIC_REPRESENTATION_CONTEXT() REPRESENTATION_CONTEXT('2D SPACE',''
  ) );
#1229 = ORIENTED_EDGE('',*,*,#1230,.F.);
#1230 = EDGE_CURVE('',#1101,#1209,#1231,.T.);
#1231 = SURFACE_CURVE('',#1232,(#1236,#1243),.PCURVE_S1.);
#1232 = LINE('',#1233,#1234);
#1233 = CARTESIAN_POINT('',(-182.,85.,20.));
#1234 = VECTOR('',#1235,1.);
#1235 = DIRECTION('',(1.,0.,0.));
#1236 = PCURVE('',#468,#1237);
#1237 = DEFINITIONAL_REPRESENTATION('',(#1238),#1242);
#1238 = LINE('',#1239,#1240);
#1239 = CARTESIAN_POINT('',(0.,0.));
#1240 = VECTOR('',#1241,1.);
#1241 = DIRECTION('',(0.,1.));
#1242 = ( GEOMETRIC_REPRESENTATION_CONTEXT(2) 
PARAMETRIC_REPRESENTATION_CONTEXT() REPRESENTATION_CONTEXT('2D SPACE',''
  ) );
#1243 = PCURVE('',#1244,#1249);
#1244 = PLANE('',#1245);
#1245 = AXIS2_PLACEMENT_3D('',#1246,#1247,#1248);
#1246 = CARTESIAN_POINT('',(-190.,85.,0.));
#1247 = DIRECTION('',(0.,1.,0.));
#1248 = DIRECTION('',(0.,0.,1.));
#1249 = DEFINITIONAL_REPRESENTATION('',(#1250),#1254);
#1250 = LINE('',#1251,#1252);
#1251 = CARTESIAN_POINT('',(20.,8.));
#1252 = VECTOR('',#1253,1.);
#1253 = DIRECTION('',(0.,1.));
#1254 = ( GEOMETRIC_REPRESENTATION_CONTEXT(2) 
PARAMETRIC_REPRESENTATION_CONTEXT() REPRESENTATION_CONTEXT('2D SPACE',''
  ) );
#1255 = ADVANCED_FACE('',(#1256),#379,.T.);
#1256 = FACE_BOUND('',#1257,.F.);
#1257 = EDGE_LOOP('',(#1258,#1280,#1307,#1308));
#1258 = ORIENTED_EDGE('',*,*,#1259,.F.);
#1259 = EDGE_CURVE('',#1260,#359,#1262,.T.);
#1260 = VERTEX_POINT('',#1261);
#1261 = CARTESIAN_POINT('',(190.,-77.,20.));
#1262 = SURFACE_CURVE('',#1263,(#1268,#1274),.PCURVE_S1.);
#1263 = CIRCLE('',#1264,4.);
#1264 = AXIS2_PLACEMENT_3D('',#1265,#1266,#1267);
#1265 = CARTESIAN_POINT('',(186.,-77.,20.));
#1266 = DIRECTION('',(0.,-1.,-0.));
#1267 = DIRECTION('',(1.,0.,-0.));
#1268 = PCURVE('',#379,#1269);
#1269 = DEFINITIONAL_REPRESENTATION('',(#1270),#1273);
#1270 = B_SPLINE_CURVE_WITH_KNOTS('',1,(#1271,#1272),.UNSPECIFIED.,.F.,
  .F.,(2,2),(0.,1.570796326795),.PIECEWISE_BEZIER_KNOTS.);
#1271 = CARTESIAN_POINT('',(0.,0.));
#1272 = CARTESIAN_POINT('',(0.,1.570796326795));
#1273 = ( GEOMETRIC_REPRESENTATION_CONTEXT(2) 
PARAMETRIC_REPRESENTATION_CONTEXT() REPRESENTATION_CONTEXT('2D SPACE',''
  ) );
#1274 = PCURVE('',#407,#1275);
#1275 = DEFINITIONAL_REPRESENTATION('',(#1276),#1279);
#1276 = B_SPLINE_CURVE_WITH_KNOTS('',1,(#1277,#1278),.UNSPECIFIED.,.F.,
  .F.,(2,2),(0.,1.570796326795),.PIECEWISE_BEZIER_KNOTS.);
#1277 = CARTESIAN_POINT('',(0.,154.));
#1278 = CARTESIAN_POINT('',(1.570796326795,154.));
#1279 = ( GEOMETRIC_REPRESENTATION_CONTEXT(2) 
PARAMETRIC_REPRESENTATION_CONTEXT() REPRESENTATION_CONTEXT('2D SPACE',''
  ) );
#1280 = ORIENTED_EDGE('',*,*,#1281,.T.);
#1281 = EDGE_CURVE('',#1260,#1154,#1282,.T.);
#1282 = SURFACE_CURVE('',#1283,(#1288,#1295),.PCURVE_S1.);
#1283 = CIRCLE('',#1284,8.);
#1284 = AXIS2_PLACEMENT_3D('',#1285,#1286,#1287);
#1285 = CARTESIAN_POINT('',(182.,-77.,20.));
#1286 = DIRECTION('',(0.,-0.,-1.));
#1287 = DIRECTION('',(1.,0.,-0.));
#1288 = PCURVE('',#379,#1289);
#1289 = DEFINITIONAL_REPRESENTATION('',(#1290),#1294);
#1290 = LINE('',#1291,#1292);
#1291 = CARTESIAN_POINT('',(-0.,0.));
#1292 = VECTOR('',#1293,1.);
#1293 = DIRECTION('',(-1.,0.));
#1294 = ( GEOMETRIC_REPRESENTATION_CONTEXT(2) 
PARAMETRIC_REPRESENTATION_CONTEXT() REPRESENTATION_CONTEXT('2D SPACE',''
  ) );
#1295 = PCURVE('',#1296,#1301);
#1296 = CYLINDRICAL_SURFACE('',#1297,8.);
#1297 = AXIS2_PLACEMENT_3D('',#1298,#1299,#1300);
#1298 = CARTESIAN_POINT('',(182.,-77.,0.));
#1299 = DIRECTION('',(0.,0.,1.));
#1300 = DIRECTION('',(1.,0.,-0.));
#1301 = DEFINITIONAL_REPRESENTATION('',(#1302),#1306);
#1302 = LINE('',#1303,#1304);
#1303 = CARTESIAN_POINT('',(-0.,20.));
#1304 = VECTOR('',#1305,1.);
#1305 = DIRECTION('',(-1.,0.));
#1306 = ( GEOMETRIC_REPRESENTATION_CONTEXT(2) 
PARAMETRIC_REPRESENTATION_CONTEXT() REPRESENTATION_CONTEXT('2D SPACE',''
  ) );
#1307 = ORIENTED_EDGE('',*,*,#1153,.T.);
#1308 = ORIENTED_EDGE('',*,*,#358,.F.);
#1309 = ADVANCED_FACE('',(#1310),#440,.T.);
#1310 = FACE_BOUND('',#1311,.F.);
#1311 = EDGE_LOOP('',(#1312,#1313,#1342,#1362));
#1312 = ORIENTED_EDGE('',*,*,#1208,.F.);
#1313 = ORIENTED_EDGE('',*,*,#1314,.T.);
#1314 = EDGE_CURVE('',#1209,#1315,#1317,.T.);
#1315 = VERTEX_POINT('',#1316);
#1316 = CARTESIAN_POINT('',(190.,77.,20.));
#1317 = SURFACE_CURVE('',#1318,(#1323,#1330),.PCURVE_S1.);
#1318 = CIRCLE('',#1319,8.);
#1319 = AXIS2_PLACEMENT_3D('',#1320,#1321,#1322);
#1320 = CARTESIAN_POINT('',(182.,77.,20.));
#1321 = DIRECTION('',(0.,-0.,-1.));
#1322 = DIRECTION('',(0.,1.,-0.));
#1323 = PCURVE('',#440,#1324);
#1324 = DEFINITIONAL_REPRESENTATION('',(#1325),#1329);
#1325 = LINE('',#1326,#1327);
#1326 = CARTESIAN_POINT('',(-0.,0.));
#1327 = VECTOR('',#1328,1.);
#1328 = DIRECTION('',(-1.,0.));
#1329 = ( GEOMETRIC_REPRESENTATION_CONTEXT(2) 
PARAMETRIC_REPRESENTATION_CONTEXT() REPRESENTATION_CONTEXT('2D SPACE',''
  ) );
#1330 = PCURVE('',#1331,#1336);
#1331 = CYLINDRICAL_SURFACE('',#1332,8.);
#1332 = AXIS2_PLACEMENT_3D('',#1333,#1334,#1335);
#1333 = CARTESIAN_POINT('',(182.,77.,0.));
#1334 = DIRECTION('',(0.,0.,1.));
#1335 = DIRECTION('',(1.,0.,-0.));
#1336 = DEFINITIONAL_REPRESENTATION('',(#1337),#1341);
#1337 = LINE('',#1338,#1339);
#1338 = CARTESIAN_POINT('',(1.570796326795,20.));
#1339 = VECTOR('',#1340,1.);
#1340 = DIRECTION('',(-1.,-0.));
#1341 = ( GEOMETRIC_REPRESENTATION_CONTEXT(2) 
PARAMETRIC_REPRESENTATION_CONTEXT() REPRESENTATION_CONTEXT('2D SPACE',''
  ) );
#1342 = ORIENTED_EDGE('',*,*,#1343,.T.);
#1343 = EDGE_CURVE('',#1315,#392,#1344,.T.);
#1344 = SURFACE_CURVE('',#1345,(#1350,#1356),.PCURVE_S1.);
#1345 = CIRCLE('',#1346,4.);
#1346 = AXIS2_PLACEMENT_3D('',#1347,#1348,#1349);
#1347 = CARTESIAN_POINT('',(186.,77.,20.));
#1348 = DIRECTION('',(6.123233995737E-17,-1.,0.));
#1349 = DIRECTION('',(1.,6.123233995737E-17,0.));
#1350 = PCURVE('',#440,#1351);
#1351 = DEFINITIONAL_REPRESENTATION('',(#1352),#1355);
#1352 = B_SPLINE_CURVE_WITH_KNOTS('',1,(#1353,#1354),.UNSPECIFIED.,.F.,
  .F.,(2,2),(0.,1.570796326795),.PIECEWISE_BEZIER_KNOTS.);
#1353 = CARTESIAN_POINT('',(-1.570796326795,0.));
#1354 = CARTESIAN_POINT('',(-1.570796326795,1.570796326795));
#1355 = ( GEOMETRIC_REPRESENTATION_CONTEXT(2) 
PARAMETRIC_REPRESENTATION_CONTEXT() REPRESENTATION_CONTEXT('2D SPACE',''
  ) );
#1356 = PCURVE('',#407,#1357);
#1357 = DEFINITIONAL_REPRESENTATION('',(#1358),#1361);
#1358 = B_SPLINE_CURVE_WITH_KNOTS('',1,(#1359,#1360),.UNSPECIFIED.,.F.,
  .F.,(2,2),(0.,1.570796326795),.PIECEWISE_BEZIER_KNOTS.);
#1359 = CARTESIAN_POINT('',(0.,0.));
#1360 = CARTESIAN_POINT('',(1.570796326795,0.));
#1361 = ( GEOMETRIC_REPRESENTATION_CONTEXT(2) 
PARAMETRIC_REPRESENTATION_CONTEXT() REPRESENTATION_CONTEXT('2D SPACE',''
  ) );
#1362 = ORIENTED_EDGE('',*,*,#419,.F.);
#1363 = ADVANCED_FACE('',(#1364),#407,.T.);
#1364 = FACE_BOUND('',#1365,.T.);
#1365 = EDGE_LOOP('',(#1366,#1367,#1368,#1369));
#1366 = ORIENTED_EDGE('',*,*,#1343,.T.);
#1367 = ORIENTED_EDGE('',*,*,#391,.T.);
#1368 = ORIENTED_EDGE('',*,*,#1259,.F.);
#1369 = ORIENTED_EDGE('',*,*,#1370,.F.);
#1370 = EDGE_CURVE('',#1315,#1260,#1371,.T.);
#1371 = SURFACE_CURVE('',#1372,(#1376,#1383),.PCURVE_S1.);
#1372 = LINE('',#1373,#1374);
#1373 = CARTESIAN_POINT('',(190.,77.,20.));
#1374 = VECTOR('',#1375,1.);
#1375 = DIRECTION('',(-0.,-1.,-0.));
#1376 = PCURVE('',#407,#1377);
#1377 = DEFINITIONAL_REPRESENTATION('',(#1378),#1382);
#1378 = LINE('',#1379,#1380);
#1379 = CARTESIAN_POINT('',(0.,0.));
#1380 = VECTOR('',#1381,1.);
#1381 = DIRECTION('',(0.,1.));
#1382 = ( GEOMETRIC_REPRESENTATION_CONTEXT(2) 
PARAMETRIC_REPRESENTATION_CONTEXT() REPRESENTATION_CONTEXT('2D SPACE',''
  ) );
#1383 = PCURVE('',#1384,#1389);
#1384 = PLANE('',#1385);
#1385 = AXIS2_PLACEMENT_3D('',#1386,#1387,#1388);
#1386 = CARTESIAN_POINT('',(190.,-85.,0.));
#1387 = DIRECTION('',(1.,0.,0.));
#1388 = DIRECTION('',(0.,0.,1.));
#1389 = DEFINITIONAL_REPRESENTATION('',(#1390),#1394);
#1390 = LINE('',#1391,#1392);
#1391 = CARTESIAN_POINT('',(20.,-162.));
#1392 = VECTOR('',#1393,1.);
#1393 = DIRECTION('',(-0.,1.));
#1394 = ( GEOMETRIC_REPRESENTATION_CONTEXT(2) 
PARAMETRIC_REPRESENTATION_CONTEXT() REPRESENTATION_CONTEXT('2D SPACE',''
  ) );
#1395 = ADVANCED_FACE('',(#1396),#530,.T.);
#1396 = FACE_BOUND('',#1397,.T.);
#1397 = EDGE_LOOP('',(#1398,#1420,#1421,#1422));
#1398 = ORIENTED_EDGE('',*,*,#1399,.F.);
#1399 = EDGE_CURVE('',#514,#1400,#1402,.T.);
#1400 = VERTEX_POINT('',#1401);
#1401 = CARTESIAN_POINT('',(-47.,-35.,22.));
#1402 = SEAM_CURVE('',#1403,(#1408,#1414),.PCURVE_S1.);
#1403 = CIRCLE('',#1404,2.);
#1404 = AXIS2_PLACEMENT_3D('',#1405,#1406,#1407);
#1405 = CARTESIAN_POINT('',(-45.,-35.,22.));
#1406 = DIRECTION('',(0.,-1.,0.));
#1407 = DIRECTION('',(1.,0.,0.));
#1408 = PCURVE('',#530,#1409);
#1409 = DEFINITIONAL_REPRESENTATION('',(#1410),#1413);
#1410 = B_SPLINE_CURVE_WITH_KNOTS('',1,(#1411,#1412),.UNSPECIFIED.,.F.,
  .F.,(2,2),(1.570796326795,3.14159265359),.PIECEWISE_BEZIER_KNOTS.);
#1411 = CARTESIAN_POINT('',(0.,1.570796326795));
#1412 = CARTESIAN_POINT('',(0.,3.14159265359));
#1413 = ( GEOMETRIC_REPRESENTATION_CONTEXT(2) 
PARAMETRIC_REPRESENTATION_CONTEXT() REPRESENTATION_CONTEXT('2D SPACE',''
  ) );
#1414 = PCURVE('',#530,#1415);
#1415 = DEFINITIONAL_REPRESENTATION('',(#1416),#1419);
#1416 = B_SPLINE_CURVE_WITH_KNOTS('',1,(#1417,#1418),.UNSPECIFIED.,.F.,
  .F.,(2,2),(1.570796326795,3.14159265359),.PIECEWISE_BEZIER_KNOTS.);
#1417 = CARTESIAN_POINT('',(6.28318530718,1.570796326795));
#1418 = CARTESIAN_POINT('',(6.28318530718,3.14159265359));
#1419 = ( GEOMETRIC_REPRESENTATION_CONTEXT(2) 
PARAMETRIC_REPRESENTATION_CONTEXT() REPRESENTATION_CONTEXT('2D SPACE',''
  ) );
#1420 = ORIENTED_EDGE('',*,*,#513,.T.);
#1421 = ORIENTED_EDGE('',*,*,#1399,.T.);
#1422 = ORIENTED_EDGE('',*,*,#1423,.F.);
#1423 = EDGE_CURVE('',#1400,#1400,#1424,.T.);
#1424 = SURFACE_CURVE('',#1425,(#1430,#1437),.PCURVE_S1.);
#1425 = CIRCLE('',#1426,13.);
#1426 = AXIS2_PLACEMENT_3D('',#1427,#1428,#1429);
#1427 = CARTESIAN_POINT('',(-60.,-35.,22.));
#1428 = DIRECTION('',(0.,0.,1.));
#1429 = DIRECTION('',(1.,0.,-0.));
#1430 = PCURVE('',#530,#1431);
#1431 = DEFINITIONAL_REPRESENTATION('',(#1432),#1436);
#1432 = LINE('',#1433,#1434);
#1433 = CARTESIAN_POINT('',(0.,3.14159265359));
#1434 = VECTOR('',#1435,1.);
#1435 = DIRECTION('',(1.,0.));
#1436 = ( GEOMETRIC_REPRESENTATION_CONTEXT(2) 
PARAMETRIC_REPRESENTATION_CONTEXT() REPRESENTATION_CONTEXT('2D SPACE',''
  ) );
#1437 = PCURVE('',#1438,#1443);
#1438 = CYLINDRICAL_SURFACE('',#1439,13.);
#1439 = AXIS2_PLACEMENT_3D('',#1440,#1441,#1442);
#1440 = CARTESIAN_POINT('',(-60.,-35.,8.));
#1441 = DIRECTION('',(0.,0.,1.));
#1442 = DIRECTION('',(1.,0.,-0.));
#1443 = DEFINITIONAL_REPRESENTATION('',(#1444),#1448);
#1444 = LINE('',#1445,#1446);
#1445 = CARTESIAN_POINT('',(0.,14.));
#1446 = VECTOR('',#1447,1.);
#1447 = DIRECTION('',(1.,0.));
#1448 = ( GEOMETRIC_REPRESENTATION_CONTEXT(2) 
PARAMETRIC_REPRESENTATION_CONTEXT() REPRESENTATION_CONTEXT('2D SPACE',''
  ) );
#1449 = ADVANCED_FACE('',(#1450),#561,.T.);
#1450 = FACE_BOUND('',#1451,.T.);
#1451 = EDGE_LOOP('',(#1452,#1474,#1475,#1476));
#1452 = ORIENTED_EDGE('',*,*,#1453,.F.);
#1453 = EDGE_CURVE('',#545,#1454,#1456,.T.);
#1454 = VERTEX_POINT('',#1455);
#1455 = CARTESIAN_POINT('',(-7.,-35.,22.));
#1456 = SEAM_CURVE('',#1457,(#1462,#1468),.PCURVE_S1.);
#1457 = CIRCLE('',#1458,2.);
#1458 = AXIS2_PLACEMENT_3D('',#1459,#1460,#1461);
#1459 = CARTESIAN_POINT('',(-5.,-35.,22.));
#1460 = DIRECTION('',(0.,-1.,0.));
#1461 = DIRECTION('',(1.,0.,0.));
#1462 = PCURVE('',#561,#1463);
#1463 = DEFINITIONAL_REPRESENTATION('',(#1464),#1467);
#1464 = B_SPLINE_CURVE_WITH_KNOTS('',1,(#1465,#1466),.UNSPECIFIED.,.F.,
  .F.,(2,2),(1.570796326795,3.14159265359),.PIECEWISE_BEZIER_KNOTS.);
#1465 = CARTESIAN_POINT('',(0.,1.570796326795));
#1466 = CARTESIAN_POINT('',(0.,3.14159265359));
#1467 = ( GEOMETRIC_REPRESENTATION_CONTEXT(2) 
PARAMETRIC_REPRESENTATION_CONTEXT() REPRESENTATION_CONTEXT('2D SPACE',''
  ) );
#1468 = PCURVE('',#561,#1469);
#1469 = DEFINITIONAL_REPRESENTATION('',(#1470),#1473);
#1470 = B_SPLINE_CURVE_WITH_KNOTS('',1,(#1471,#1472),.UNSPECIFIED.,.F.,
  .F.,(2,2),(1.570796326795,3.14159265359),.PIECEWISE_BEZIER_KNOTS.);
#1471 = CARTESIAN_POINT('',(6.28318530718,1.570796326795));
#1472 = CARTESIAN_POINT('',(6.28318530718,3.14159265359));
#1473 = ( GEOMETRIC_REPRESENTATION_CONTEXT(2) 
PARAMETRIC_REPRESENTATION_CONTEXT() REPRESENTATION_CONTEXT('2D SPACE',''
  ) );
#1474 = ORIENTED_EDGE('',*,*,#544,.T.);
#1475 = ORIENTED_EDGE('',*,*,#1453,.T.);
#1476 = ORIENTED_EDGE('',*,*,#1477,.F.);
#1477 = EDGE_CURVE('',#1454,#1454,#1478,.T.);
#1478 = SURFACE_CURVE('',#1479,(#1484,#1491),.PCURVE_S1.);
#1479 = CIRCLE('',#1480,13.);
#1480 = AXIS2_PLACEMENT_3D('',#1481,#1482,#1483);
#1481 = CARTESIAN_POINT('',(-20.,-35.,22.));
#1482 = DIRECTION('',(0.,0.,1.));
#1483 = DIRECTION('',(1.,0.,-0.));
#1484 = PCURVE('',#561,#1485);
#1485 = DEFINITIONAL_REPRESENTATION('',(#1486),#1490);
#1486 = LINE('',#1487,#1488);
#1487 = CARTESIAN_POINT('',(0.,3.14159265359));
#1488 = VECTOR('',#1489,1.);
#1489 = DIRECTION('',(1.,0.));
#1490 = ( GEOMETRIC_REPRESENTATION_CONTEXT(2) 
PARAMETRIC_REPRESENTATION_CONTEXT() REPRESENTATION_CONTEXT('2D SPACE',''
  ) );
#1491 = PCURVE('',#1492,#1497);
#1492 = CYLINDRICAL_SURFACE('',#1493,13.);
#1493 = AXIS2_PLACEMENT_3D('',#1494,#1495,#1496);
#1494 = CARTESIAN_POINT('',(-20.,-35.,8.));
#1495 = DIRECTION('',(0.,0.,1.));
#1496 = DIRECTION('',(1.,0.,-0.));
#1497 = DEFINITIONAL_REPRESENTATION('',(#1498),#1502);
#1498 = LINE('',#1499,#1500);
#1499 = CARTESIAN_POINT('',(0.,14.));
#1500 = VECTOR('',#1501,1.);
#1501 = DIRECTION('',(1.,0.));
#1502 = ( GEOMETRIC_REPRESENTATION_CONTEXT(2) 
PARAMETRIC_REPRESENTATION_CONTEXT() REPRESENTATION_CONTEXT('2D SPACE',''
  ) );
#1503 = ADVANCED_FACE('',(#1504),#592,.T.);
#1504 = FACE_BOUND('',#1505,.T.);
#1505 = EDGE_LOOP('',(#1506,#1528,#1529,#1530));
#1506 = ORIENTED_EDGE('',*,*,#1507,.F.);
#1507 = EDGE_CURVE('',#576,#1508,#1510,.T.);
#1508 = VERTEX_POINT('',#1509);
#1509 = CARTESIAN_POINT('',(33.,-35.,22.));
#1510 = SEAM_CURVE('',#1511,(#1516,#1522),.PCURVE_S1.);
#1511 = CIRCLE('',#1512,2.);
#1512 = AXIS2_PLACEMENT_3D('',#1513,#1514,#1515);
#1513 = CARTESIAN_POINT('',(35.,-35.,22.));
#1514 = DIRECTION('',(0.,-1.,0.));
#1515 = DIRECTION('',(1.,0.,0.));
#1516 = PCURVE('',#592,#1517);
#1517 = DEFINITIONAL_REPRESENTATION('',(#1518),#1521);
#1518 = B_SPLINE_CURVE_WITH_KNOTS('',1,(#1519,#1520),.UNSPECIFIED.,.F.,
  .F.,(2,2),(1.570796326795,3.14159265359),.PIECEWISE_BEZIER_KNOTS.);
#1519 = CARTESIAN_POINT('',(0.,1.570796326795));
#1520 = CARTESIAN_POINT('',(0.,3.14159265359));
#1521 = ( GEOMETRIC_REPRESENTATION_CONTEXT(2) 
PARAMETRIC_REPRESENTATION_CONTEXT() REPRESENTATION_CONTEXT('2D SPACE',''
  ) );
#1522 = PCURVE('',#592,#1523);
#1523 = DEFINITIONAL_REPRESENTATION('',(#1524),#1527);
#1524 = B_SPLINE_CURVE_WITH_KNOTS('',1,(#1525,#1526),.UNSPECIFIED.,.F.,
  .F.,(2,2),(1.570796326795,3.14159265359),.PIECEWISE_BEZIER_KNOTS.);
#1525 = CARTESIAN_POINT('',(6.28318530718,1.570796326795));
#1526 = CARTESIAN_POINT('',(6.28318530718,3.14159265359));
#1527 = ( GEOMETRIC_REPRESENTATION_CONTEXT(2) 
PARAMETRIC_REPRESENTATION_CONTEXT() REPRESENTATION_CONTEXT('2D SPACE',''
  ) );
#1528 = ORIENTED_EDGE('',*,*,#575,.T.);
#1529 = ORIENTED_EDGE('',*,*,#1507,.T.);
#1530 = ORIENTED_EDGE('',*,*,#1531,.F.);
#1531 = EDGE_CURVE('',#1508,#1508,#1532,.T.);
#1532 = SURFACE_CURVE('',#1533,(#1538,#1545),.PCURVE_S1.);
#1533 = CIRCLE('',#1534,13.);
#1534 = AXIS2_PLACEMENT_3D('',#1535,#1536,#1537);
#1535 = CARTESIAN_POINT('',(20.,-35.,22.));
#1536 = DIRECTION('',(0.,0.,1.));
#1537 = DIRECTION('',(1.,0.,-0.));
#1538 = PCURVE('',#592,#1539);
#1539 = DEFINITIONAL_REPRESENTATION('',(#1540),#1544);
#1540 = LINE('',#1541,#1542);
#1541 = CARTESIAN_POINT('',(0.,3.14159265359));
#1542 = VECTOR('',#1543,1.);
#1543 = DIRECTION('',(1.,0.));
#1544 = ( GEOMETRIC_REPRESENTATION_CONTEXT(2) 
PARAMETRIC_REPRESENTATION_CONTEXT() REPRESENTATION_CONTEXT('2D SPACE',''
  ) );
#1545 = PCURVE('',#1546,#1551);
#1546 = CYLINDRICAL_SURFACE('',#1547,13.);
#1547 = AXIS2_PLACEMENT_3D('',#1548,#1549,#1550);
#1548 = CARTESIAN_POINT('',(20.,-35.,8.));
#1549 = DIRECTION('',(0.,0.,1.));
#1550 = DIRECTION('',(1.,0.,-0.));
#1551 = DEFINITIONAL_REPRESENTATION('',(#1552),#1556);
#1552 = LINE('',#1553,#1554);
#1553 = CARTESIAN_POINT('',(0.,14.));
#1554 = VECTOR('',#1555,1.);
#1555 = DIRECTION('',(1.,0.));
#1556 = ( GEOMETRIC_REPRESENTATION_CONTEXT(2) 
PARAMETRIC_REPRESENTATION_CONTEXT() REPRESENTATION_CONTEXT('2D SPACE',''
  ) );
#1557 = ADVANCED_FACE('',(#1558),#623,.T.);
#1558 = FACE_BOUND('',#1559,.T.);
#1559 = EDGE_LOOP('',(#1560,#1582,#1583,#1584));
#1560 = ORIENTED_EDGE('',*,*,#1561,.F.);
#1561 = EDGE_CURVE('',#607,#1562,#1564,.T.);
#1562 = VERTEX_POINT('',#1563);
#1563 = CARTESIAN_POINT('',(73.,-35.,22.));
#1564 = SEAM_CURVE('',#1565,(#1570,#1576),.PCURVE_S1.);
#1565 = CIRCLE('',#1566,2.);
#1566 = AXIS2_PLACEMENT_3D('',#1567,#1568,#1569);
#1567 = CARTESIAN_POINT('',(75.,-35.,22.));
#1568 = DIRECTION('',(0.,-1.,0.));
#1569 = DIRECTION('',(1.,0.,0.));
#1570 = PCURVE('',#623,#1571);
#1571 = DEFINITIONAL_REPRESENTATION('',(#1572),#1575);
#1572 = B_SPLINE_CURVE_WITH_KNOTS('',1,(#1573,#1574),.UNSPECIFIED.,.F.,
  .F.,(2,2),(1.570796326795,3.14159265359),.PIECEWISE_BEZIER_KNOTS.);
#1573 = CARTESIAN_POINT('',(0.,1.570796326795));
#1574 = CARTESIAN_POINT('',(0.,3.14159265359));
#1575 = ( GEOMETRIC_REPRESENTATION_CONTEXT(2) 
PARAMETRIC_REPRESENTATION_CONTEXT() REPRESENTATION_CONTEXT('2D SPACE',''
  ) );
#1576 = PCURVE('',#623,#1577);
#1577 = DEFINITIONAL_REPRESENTATION('',(#1578),#1581);
#1578 = B_SPLINE_CURVE_WITH_KNOTS('',1,(#1579,#1580),.UNSPECIFIED.,.F.,
  .F.,(2,2),(1.570796326795,3.14159265359),.PIECEWISE_BEZIER_KNOTS.);
#1579 = CARTESIAN_POINT('',(6.28318530718,1.570796326795));
#1580 = CARTESIAN_POINT('',(6.28318530718,3.14159265359));
#1581 = ( GEOMETRIC_REPRESENTATION_CONTEXT(2) 
PARAMETRIC_REPRESENTATION_CONTEXT() REPRESENTATION_CONTEXT('2D SPACE',''
  ) );
#1582 = ORIENTED_EDGE('',*,*,#606,.T.);
#1583 = ORIENTED_EDGE('',*,*,#1561,.T.);
#1584 = ORIENTED_EDGE('',*,*,#1585,.F.);
#1585 = EDGE_CURVE('',#1562,#1562,#1586,.T.);
#1586 = SURFACE_CURVE('',#1587,(#1592,#1599),.PCURVE_S1.);
#1587 = CIRCLE('',#1588,13.);
#1588 = AXIS2_PLACEMENT_3D('',#1589,#1590,#1591);
#1589 = CARTESIAN_POINT('',(60.,-35.,22.));
#1590 = DIRECTION('',(0.,0.,1.));
#1591 = DIRECTION('',(1.,0.,-0.));
#1592 = PCURVE('',#623,#1593);
#1593 = DEFINITIONAL_REPRESENTATION('',(#1594),#1598);
#1594 = LINE('',#1595,#1596);
#1595 = CARTESIAN_POINT('',(0.,3.14159265359));
#1596 = VECTOR('',#1597,1.);
#1597 = DIRECTION('',(1.,0.));
#1598 = ( GEOMETRIC_REPRESENTATION_CONTEXT(2) 
PARAMETRIC_REPRESENTATION_CONTEXT() REPRESENTATION_CONTEXT('2D SPACE',''
  ) );
#1599 = PCURVE('',#1600,#1605);
#1600 = CYLINDRICAL_SURFACE('',#1601,13.);
#1601 = AXIS2_PLACEMENT_3D('',#1602,#1603,#1604);
#1602 = CARTESIAN_POINT('',(60.,-35.,8.));
#1603 = DIRECTION('',(0.,0.,1.));
#1604 = DIRECTION('',(1.,0.,-0.));
#1605 = DEFINITIONAL_REPRESENTATION('',(#1606),#1610);
#1606 = LINE('',#1607,#1608);
#1607 = CARTESIAN_POINT('',(0.,14.));
#1608 = VECTOR('',#1609,1.);
#1609 = DIRECTION('',(1.,0.));
#1610 = ( GEOMETRIC_REPRESENTATION_CONTEXT(2) 
PARAMETRIC_REPRESENTATION_CONTEXT() REPRESENTATION_CONTEXT('2D SPACE',''
  ) );
#1611 = ADVANCED_FACE('',(#1612),#654,.T.);
#1612 = FACE_BOUND('',#1613,.T.);
#1613 = EDGE_LOOP('',(#1614,#1636,#1637,#1638));
#1614 = ORIENTED_EDGE('',*,*,#1615,.F.);
#1615 = EDGE_CURVE('',#638,#1616,#1618,.T.);
#1616 = VERTEX_POINT('',#1617);
#1617 = CARTESIAN_POINT('',(113.,-35.,22.));
#1618 = SEAM_CURVE('',#1619,(#1624,#1630),.PCURVE_S1.);
#1619 = CIRCLE('',#1620,2.);
#1620 = AXIS2_PLACEMENT_3D('',#1621,#1622,#1623);
#1621 = CARTESIAN_POINT('',(115.,-35.,22.));
#1622 = DIRECTION('',(0.,-1.,0.));
#1623 = DIRECTION('',(1.,0.,0.));
#1624 = PCURVE('',#654,#1625);
#1625 = DEFINITIONAL_REPRESENTATION('',(#1626),#1629);
#1626 = B_SPLINE_CURVE_WITH_KNOTS('',1,(#1627,#1628),.UNSPECIFIED.,.F.,
  .F.,(2,2),(1.570796326795,3.14159265359),.PIECEWISE_BEZIER_KNOTS.);
#1627 = CARTESIAN_POINT('',(0.,1.570796326795));
#1628 = CARTESIAN_POINT('',(0.,3.14159265359));
#1629 = ( GEOMETRIC_REPRESENTATION_CONTEXT(2) 
PARAMETRIC_REPRESENTATION_CONTEXT() REPRESENTATION_CONTEXT('2D SPACE',''
  ) );
#1630 = PCURVE('',#654,#1631);
#1631 = DEFINITIONAL_REPRESENTATION('',(#1632),#1635);
#1632 = B_SPLINE_CURVE_WITH_KNOTS('',1,(#1633,#1634),.UNSPECIFIED.,.F.,
  .F.,(2,2),(1.570796326795,3.14159265359),.PIECEWISE_BEZIER_KNOTS.);
#1633 = CARTESIAN_POINT('',(6.28318530718,1.570796326795));
#1634 = CARTESIAN_POINT('',(6.28318530718,3.14159265359));
#1635 = ( GEOMETRIC_REPRESENTATION_CONTEXT(2) 
PARAMETRIC_REPRESENTATION_CONTEXT() REPRESENTATION_CONTEXT('2D SPACE',''
  ) );
#1636 = ORIENTED_EDGE('',*,*,#637,.T.);
#1637 = ORIENTED_EDGE('',*,*,#1615,.T.);
#1638 = ORIENTED_EDGE('',*,*,#1639,.F.);
#1639 = EDGE_CURVE('',#1616,#1616,#1640,.T.);
#1640 = SURFACE_CURVE('',#1641,(#1646,#1653),.PCURVE_S1.);
#1641 = CIRCLE('',#1642,13.);
#1642 = AXIS2_PLACEMENT_3D('',#1643,#1644,#1645);
#1643 = CARTESIAN_POINT('',(100.,-35.,22.));
#1644 = DIRECTION('',(0.,0.,1.));
#1645 = DIRECTION('',(1.,0.,-0.));
#1646 = PCURVE('',#654,#1647);
#1647 = DEFINITIONAL_REPRESENTATION('',(#1648),#1652);
#1648 = LINE('',#1649,#1650);
#1649 = CARTESIAN_POINT('',(0.,3.14159265359));
#1650 = VECTOR('',#1651,1.);
#1651 = DIRECTION('',(1.,0.));
#1652 = ( GEOMETRIC_REPRESENTATION_CONTEXT(2) 
PARAMETRIC_REPRESENTATION_CONTEXT() REPRESENTATION_CONTEXT('2D SPACE',''
  ) );
#1653 = PCURVE('',#1654,#1659);
#1654 = CYLINDRICAL_SURFACE('',#1655,13.);
#1655 = AXIS2_PLACEMENT_3D('',#1656,#1657,#1658);
#1656 = CARTESIAN_POINT('',(100.,-35.,8.));
#1657 = DIRECTION('',(0.,0.,1.));
#1658 = DIRECTION('',(1.,0.,-0.));
#1659 = DEFINITIONAL_REPRESENTATION('',(#1660),#1664);
#1660 = LINE('',#1661,#1662);
#1661 = CARTESIAN_POINT('',(0.,14.));
#1662 = VECTOR('',#1663,1.);
#1663 = DIRECTION('',(1.,0.));
#1664 = ( GEOMETRIC_REPRESENTATION_CONTEXT(2) 
PARAMETRIC_REPRESENTATION_CONTEXT() REPRESENTATION_CONTEXT('2D SPACE',''
  ) );
#1665 = ADVANCED_FACE('',(#1666),#685,.T.);
#1666 = FACE_BOUND('',#1667,.T.);
#1667 = EDGE_LOOP('',(#1668,#1690,#1691,#1692));
#1668 = ORIENTED_EDGE('',*,*,#1669,.F.);
#1669 = EDGE_CURVE('',#669,#1670,#1672,.T.);
#1670 = VERTEX_POINT('',#1671);
#1671 = CARTESIAN_POINT('',(-127.5,0.,22.));
#1672 = SEAM_CURVE('',#1673,(#1678,#1684),.PCURVE_S1.);
#1673 = CIRCLE('',#1674,2.);
#1674 = AXIS2_PLACEMENT_3D('',#1675,#1676,#1677);
#1675 = CARTESIAN_POINT('',(-125.5,0.,22.));
#1676 = DIRECTION('',(0.,-1.,0.));
#1677 = DIRECTION('',(1.,0.,0.));
#1678 = PCURVE('',#685,#1679);
#1679 = DEFINITIONAL_REPRESENTATION('',(#1680),#1683);
#1680 = B_SPLINE_CURVE_WITH_KNOTS('',1,(#1681,#1682),.UNSPECIFIED.,.F.,
  .F.,(2,2),(1.570796326795,3.14159265359),.PIECEWISE_BEZIER_KNOTS.);
#1681 = CARTESIAN_POINT('',(0.,1.570796326795));
#1682 = CARTESIAN_POINT('',(0.,3.14159265359));
#1683 = ( GEOMETRIC_REPRESENTATION_CONTEXT(2) 
PARAMETRIC_REPRESENTATION_CONTEXT() REPRESENTATION_CONTEXT('2D SPACE',''
  ) );
#1684 = PCURVE('',#685,#1685);
#1685 = DEFINITIONAL_REPRESENTATION('',(#1686),#1689);
#1686 = B_SPLINE_CURVE_WITH_KNOTS('',1,(#1687,#1688),.UNSPECIFIED.,.F.,
  .F.,(2,2),(1.570796326795,3.14159265359),.PIECEWISE_BEZIER_KNOTS.);
#1687 = CARTESIAN_POINT('',(6.28318530718,1.570796326795));
#1688 = CARTESIAN_POINT('',(6.28318530718,3.14159265359));
#1689 = ( GEOMETRIC_REPRESENTATION_CONTEXT(2) 
PARAMETRIC_REPRESENTATION_CONTEXT() REPRESENTATION_CONTEXT('2D SPACE',''
  ) );
#1690 = ORIENTED_EDGE('',*,*,#668,.T.);
#1691 = ORIENTED_EDGE('',*,*,#1669,.T.);
#1692 = ORIENTED_EDGE('',*,*,#1693,.F.);
#1693 = EDGE_CURVE('',#1670,#1670,#1694,.T.);
#1694 = SURFACE_CURVE('',#1695,(#1700,#1707),.PCURVE_S1.);
#1695 = CIRCLE('',#1696,27.5);
#1696 = AXIS2_PLACEMENT_3D('',#1697,#1698,#1699);
#1697 = CARTESIAN_POINT('',(-155.,0.,22.));
#1698 = DIRECTION('',(0.,0.,1.));
#1699 = DIRECTION('',(1.,0.,-0.));
#1700 = PCURVE('',#685,#1701);
#1701 = DEFINITIONAL_REPRESENTATION('',(#1702),#1706);
#1702 = LINE('',#1703,#1704);
#1703 = CARTESIAN_POINT('',(0.,3.14159265359));
#1704 = VECTOR('',#1705,1.);
#1705 = DIRECTION('',(1.,0.));
#1706 = ( GEOMETRIC_REPRESENTATION_CONTEXT(2) 
PARAMETRIC_REPRESENTATION_CONTEXT() REPRESENTATION_CONTEXT('2D SPACE',''
  ) );
#1707 = PCURVE('',#1708,#1713);
#1708 = CYLINDRICAL_SURFACE('',#1709,27.5);
#1709 = AXIS2_PLACEMENT_3D('',#1710,#1711,#1712);
#1710 = CARTESIAN_POINT('',(-155.,0.,4.));
#1711 = DIRECTION('',(0.,0.,1.));
#1712 = DIRECTION('',(1.,0.,-0.));
#1713 = DEFINITIONAL_REPRESENTATION('',(#1714),#1718);
#1714 = LINE('',#1715,#1716);
#1715 = CARTESIAN_POINT('',(0.,18.));
#1716 = VECTOR('',#1717,1.);
#1717 = DIRECTION('',(1.,0.));
#1718 = ( GEOMETRIC_REPRESENTATION_CONTEXT(2) 
PARAMETRIC_REPRESENTATION_CONTEXT() REPRESENTATION_CONTEXT('2D SPACE',''
  ) );
#1719 = ADVANCED_FACE('',(#1720),#716,.T.);
#1720 = FACE_BOUND('',#1721,.T.);
#1721 = EDGE_LOOP('',(#1722,#1744,#1745,#1746));
#1722 = ORIENTED_EDGE('',*,*,#1723,.F.);
#1723 = EDGE_CURVE('',#700,#1724,#1726,.T.);
#1724 = VERTEX_POINT('',#1725);
#1725 = CARTESIAN_POINT('',(-87.,35.,22.));
#1726 = SEAM_CURVE('',#1727,(#1732,#1738),.PCURVE_S1.);
#1727 = CIRCLE('',#1728,2.);
#1728 = AXIS2_PLACEMENT_3D('',#1729,#1730,#1731);
#1729 = CARTESIAN_POINT('',(-85.,35.,22.));
#1730 = DIRECTION('',(0.,-1.,0.));
#1731 = DIRECTION('',(1.,0.,0.));
#1732 = PCURVE('',#716,#1733);
#1733 = DEFINITIONAL_REPRESENTATION('',(#1734),#1737);
#1734 = B_SPLINE_CURVE_WITH_KNOTS('',1,(#1735,#1736),.UNSPECIFIED.,.F.,
  .F.,(2,2),(1.570796326795,3.14159265359),.PIECEWISE_BEZIER_KNOTS.);
#1735 = CARTESIAN_POINT('',(0.,1.570796326795));
#1736 = CARTESIAN_POINT('',(0.,3.14159265359));
#1737 = ( GEOMETRIC_REPRESENTATION_CONTEXT(2) 
PARAMETRIC_REPRESENTATION_CONTEXT() REPRESENTATION_CONTEXT('2D SPACE',''
  ) );
#1738 = PCURVE('',#716,#1739);
#1739 = DEFINITIONAL_REPRESENTATION('',(#1740),#1743);
#1740 = B_SPLINE_CURVE_WITH_KNOTS('',1,(#1741,#1742),.UNSPECIFIED.,.F.,
  .F.,(2,2),(1.570796326795,3.14159265359),.PIECEWISE_BEZIER_KNOTS.);
#1741 = CARTESIAN_POINT('',(6.28318530718,1.570796326795));
#1742 = CARTESIAN_POINT('',(6.28318530718,3.14159265359));
#1743 = ( GEOMETRIC_REPRESENTATION_CONTEXT(2) 
PARAMETRIC_REPRESENTATION_CONTEXT() REPRESENTATION_CONTEXT('2D SPACE',''
  ) );
#1744 = ORIENTED_EDGE('',*,*,#699,.T.);
#1745 = ORIENTED_EDGE('',*,*,#1723,.T.);
#1746 = ORIENTED_EDGE('',*,*,#1747,.F.);
#1747 = EDGE_CURVE('',#1724,#1724,#1748,.T.);
#1748 = SURFACE_CURVE('',#1749,(#1754,#1761),.PCURVE_S1.);
#1749 = CIRCLE('',#1750,13.);
#1750 = AXIS2_PLACEMENT_3D('',#1751,#1752,#1753);
#1751 = CARTESIAN_POINT('',(-100.,35.,22.));
#1752 = DIRECTION('',(0.,0.,1.));
#1753 = DIRECTION('',(1.,0.,-0.));
#1754 = PCURVE('',#716,#1755);
#1755 = DEFINITIONAL_REPRESENTATION('',(#1756),#1760);
#1756 = LINE('',#1757,#1758);
#1757 = CARTESIAN_POINT('',(0.,3.14159265359));
#1758 = VECTOR('',#1759,1.);
#1759 = DIRECTION('',(1.,0.));
#1760 = ( GEOMETRIC_REPRESENTATION_CONTEXT(2) 
PARAMETRIC_REPRESENTATION_CONTEXT() REPRESENTATION_CONTEXT('2D SPACE',''
  ) );
#1761 = PCURVE('',#1762,#1767);
#1762 = CYLINDRICAL_SURFACE('',#1763,13.);
#1763 = AXIS2_PLACEMENT_3D('',#1764,#1765,#1766);
#1764 = CARTESIAN_POINT('',(-100.,35.,8.));
#1765 = DIRECTION('',(0.,0.,1.));
#1766 = DIRECTION('',(1.,0.,-0.));
#1767 = DEFINITIONAL_REPRESENTATION('',(#1768),#1772);
#1768 = LINE('',#1769,#1770);
#1769 = CARTESIAN_POINT('',(0.,14.));
#1770 = VECTOR('',#1771,1.);
#1771 = DIRECTION('',(1.,0.));
#1772 = ( GEOMETRIC_REPRESENTATION_CONTEXT(2) 
PARAMETRIC_REPRESENTATION_CONTEXT() REPRESENTATION_CONTEXT('2D SPACE',''
  ) );
#1773 = ADVANCED_FACE('',(#1774),#747,.T.);
#1774 = FACE_BOUND('',#1775,.T.);
#1775 = EDGE_LOOP('',(#1776,#1798,#1799,#1800));
#1776 = ORIENTED_EDGE('',*,*,#1777,.F.);
#1777 = EDGE_CURVE('',#731,#1778,#1780,.T.);
#1778 = VERTEX_POINT('',#1779);
#1779 = CARTESIAN_POINT('',(-47.,35.,22.));
#1780 = SEAM_CURVE('',#1781,(#1786,#1792),.PCURVE_S1.);
#1781 = CIRCLE('',#1782,2.);
#1782 = AXIS2_PLACEMENT_3D('',#1783,#1784,#1785);
#1783 = CARTESIAN_POINT('',(-45.,35.,22.));
#1784 = DIRECTION('',(0.,-1.,0.));
#1785 = DIRECTION('',(1.,0.,0.));
#1786 = PCURVE('',#747,#1787);
#1787 = DEFINITIONAL_REPRESENTATION('',(#1788),#1791);
#1788 = B_SPLINE_CURVE_WITH_KNOTS('',1,(#1789,#1790),.UNSPECIFIED.,.F.,
  .F.,(2,2),(1.570796326795,3.14159265359),.PIECEWISE_BEZIER_KNOTS.);
#1789 = CARTESIAN_POINT('',(0.,1.570796326795));
#1790 = CARTESIAN_POINT('',(0.,3.14159265359));
#1791 = ( GEOMETRIC_REPRESENTATION_CONTEXT(2) 
PARAMETRIC_REPRESENTATION_CONTEXT() REPRESENTATION_CONTEXT('2D SPACE',''
  ) );
#1792 = PCURVE('',#747,#1793);
#1793 = DEFINITIONAL_REPRESENTATION('',(#1794),#1797);
#1794 = B_SPLINE_CURVE_WITH_KNOTS('',1,(#1795,#1796),.UNSPECIFIED.,.F.,
  .F.,(2,2),(1.570796326795,3.14159265359),.PIECEWISE_BEZIER_KNOTS.);
#1795 = CARTESIAN_POINT('',(6.28318530718,1.570796326795));
#1796 = CARTESIAN_POINT('',(6.28318530718,3.14159265359));
#1797 = ( GEOMETRIC_REPRESENTATION_CONTEXT(2) 
PARAMETRIC_REPRESENTATION_CONTEXT() REPRESENTATION_CONTEXT('2D SPACE',''
  ) );
#1798 = ORIENTED_EDGE('',*,*,#730,.T.);
#1799 = ORIENTED_EDGE('',*,*,#1777,.T.);
#1800 = ORIENTED_EDGE('',*,*,#1801,.F.);
#1801 = EDGE_CURVE('',#1778,#1778,#1802,.T.);
#1802 = SURFACE_CURVE('',#1803,(#1808,#1815),.PCURVE_S1.);
#1803 = CIRCLE('',#1804,13.);
#1804 = AXIS2_PLACEMENT_3D('',#1805,#1806,#1807);
#1805 = CARTESIAN_POINT('',(-60.,35.,22.));
#1806 = DIRECTION('',(0.,0.,1.));
#1807 = DIRECTION('',(1.,0.,-0.));
#1808 = PCURVE('',#747,#1809);
#1809 = DEFINITIONAL_REPRESENTATION('',(#1810),#1814);
#1810 = LINE('',#1811,#1812);
#1811 = CARTESIAN_POINT('',(0.,3.14159265359));
#1812 = VECTOR('',#1813,1.);
#1813 = DIRECTION('',(1.,0.));
#1814 = ( GEOMETRIC_REPRESENTATION_CONTEXT(2) 
PARAMETRIC_REPRESENTATION_CONTEXT() REPRESENTATION_CONTEXT('2D SPACE',''
  ) );
#1815 = PCURVE('',#1816,#1821);
#1816 = CYLINDRICAL_SURFACE('',#1817,13.);
#1817 = AXIS2_PLACEMENT_3D('',#1818,#1819,#1820);
#1818 = CARTESIAN_POINT('',(-60.,35.,8.));
#1819 = DIRECTION('',(0.,0.,1.));
#1820 = DIRECTION('',(1.,0.,-0.));
#1821 = DEFINITIONAL_REPRESENTATION('',(#1822),#1826);
#1822 = LINE('',#1823,#1824);
#1823 = CARTESIAN_POINT('',(0.,14.));
#1824 = VECTOR('',#1825,1.);
#1825 = DIRECTION('',(1.,0.));
#1826 = ( GEOMETRIC_REPRESENTATION_CONTEXT(2) 
PARAMETRIC_REPRESENTATION_CONTEXT() REPRESENTATION_CONTEXT('2D SPACE',''
  ) );
#1827 = ADVANCED_FACE('',(#1828),#778,.T.);
#1828 = FACE_BOUND('',#1829,.T.);
#1829 = EDGE_LOOP('',(#1830,#1852,#1853,#1854));
#1830 = ORIENTED_EDGE('',*,*,#1831,.F.);
#1831 = EDGE_CURVE('',#762,#1832,#1834,.T.);
#1832 = VERTEX_POINT('',#1833);
#1833 = CARTESIAN_POINT('',(-7.,35.,22.));
#1834 = SEAM_CURVE('',#1835,(#1840,#1846),.PCURVE_S1.);
#1835 = CIRCLE('',#1836,2.);
#1836 = AXIS2_PLACEMENT_3D('',#1837,#1838,#1839);
#1837 = CARTESIAN_POINT('',(-5.,35.,22.));
#1838 = DIRECTION('',(0.,-1.,0.));
#1839 = DIRECTION('',(1.,0.,0.));
#1840 = PCURVE('',#778,#1841);
#1841 = DEFINITIONAL_REPRESENTATION('',(#1842),#1845);
#1842 = B_SPLINE_CURVE_WITH_KNOTS('',1,(#1843,#1844),.UNSPECIFIED.,.F.,
  .F.,(2,2),(1.570796326795,3.14159265359),.PIECEWISE_BEZIER_KNOTS.);
#1843 = CARTESIAN_POINT('',(0.,1.570796326795));
#1844 = CARTESIAN_POINT('',(0.,3.14159265359));
#1845 = ( GEOMETRIC_REPRESENTATION_CONTEXT(2) 
PARAMETRIC_REPRESENTATION_CONTEXT() REPRESENTATION_CONTEXT('2D SPACE',''
  ) );
#1846 = PCURVE('',#778,#1847);
#1847 = DEFINITIONAL_REPRESENTATION('',(#1848),#1851);
#1848 = B_SPLINE_CURVE_WITH_KNOTS('',1,(#1849,#1850),.UNSPECIFIED.,.F.,
  .F.,(2,2),(1.570796326795,3.14159265359),.PIECEWISE_BEZIER_KNOTS.);
#1849 = CARTESIAN_POINT('',(6.28318530718,1.570796326795));
#1850 = CARTESIAN_POINT('',(6.28318530718,3.14159265359));
#1851 = ( GEOMETRIC_REPRESENTATION_CONTEXT(2) 
PARAMETRIC_REPRESENTATION_CONTEXT() REPRESENTATION_CONTEXT('2D SPACE',''
  ) );
#1852 = ORIENTED_EDGE('',*,*,#761,.T.);
#1853 = ORIENTED_EDGE('',*,*,#1831,.T.);
#1854 = ORIENTED_EDGE('',*,*,#1855,.F.);
#1855 = EDGE_CURVE('',#1832,#1832,#1856,.T.);
#1856 = SURFACE_CURVE('',#1857,(#1862,#1869),.PCURVE_S1.);
#1857 = CIRCLE('',#1858,13.);
#1858 = AXIS2_PLACEMENT_3D('',#1859,#1860,#1861);
#1859 = CARTESIAN_POINT('',(-20.,35.,22.));
#1860 = DIRECTION('',(0.,0.,1.));
#1861 = DIRECTION('',(1.,0.,-0.));
#1862 = PCURVE('',#778,#1863);
#1863 = DEFINITIONAL_REPRESENTATION('',(#1864),#1868);
#1864 = LINE('',#1865,#1866);
#1865 = CARTESIAN_POINT('',(0.,3.14159265359));
#1866 = VECTOR('',#1867,1.);
#1867 = DIRECTION('',(1.,0.));
#1868 = ( GEOMETRIC_REPRESENTATION_CONTEXT(2) 
PARAMETRIC_REPRESENTATION_CONTEXT() REPRESENTATION_CONTEXT('2D SPACE',''
  ) );
#1869 = PCURVE('',#1870,#1875);
#1870 = CYLINDRICAL_SURFACE('',#1871,13.);
#1871 = AXIS2_PLACEMENT_3D('',#1872,#1873,#1874);
#1872 = CARTESIAN_POINT('',(-20.,35.,8.));
#1873 = DIRECTION('',(0.,0.,1.));
#1874 = DIRECTION('',(1.,0.,-0.));
#1875 = DEFINITIONAL_REPRESENTATION('',(#1876),#1880);
#1876 = LINE('',#1877,#1878);
#1877 = CARTESIAN_POINT('',(0.,14.));
#1878 = VECTOR('',#1879,1.);
#1879 = DIRECTION('',(1.,0.));
#1880 = ( GEOMETRIC_REPRESENTATION_CONTEXT(2) 
PARAMETRIC_REPRESENTATION_CONTEXT() REPRESENTATION_CONTEXT('2D SPACE',''
  ) );
#1881 = ADVANCED_FACE('',(#1882),#809,.T.);
#1882 = FACE_BOUND('',#1883,.T.);
#1883 = EDGE_LOOP('',(#1884,#1906,#1907,#1908));
#1884 = ORIENTED_EDGE('',*,*,#1885,.F.);
#1885 = EDGE_CURVE('',#793,#1886,#1888,.T.);
#1886 = VERTEX_POINT('',#1887);
#1887 = CARTESIAN_POINT('',(182.5,0.,22.));
#1888 = SEAM_CURVE('',#1889,(#1894,#1900),.PCURVE_S1.);
#1889 = CIRCLE('',#1890,2.);
#1890 = AXIS2_PLACEMENT_3D('',#1891,#1892,#1893);
#1891 = CARTESIAN_POINT('',(184.5,0.,22.));
#1892 = DIRECTION('',(0.,-1.,0.));
#1893 = DIRECTION('',(1.,0.,0.));
#1894 = PCURVE('',#809,#1895);
#1895 = DEFINITIONAL_REPRESENTATION('',(#1896),#1899);
#1896 = B_SPLINE_CURVE_WITH_KNOTS('',1,(#1897,#1898),.UNSPECIFIED.,.F.,
  .F.,(2,2),(1.570796326795,3.14159265359),.PIECEWISE_BEZIER_KNOTS.);
#1897 = CARTESIAN_POINT('',(0.,1.570796326795));
#1898 = CARTESIAN_POINT('',(0.,3.14159265359));
#1899 = ( GEOMETRIC_REPRESENTATION_CONTEXT(2) 
PARAMETRIC_REPRESENTATION_CONTEXT() REPRESENTATION_CONTEXT('2D SPACE',''
  ) );
#1900 = PCURVE('',#809,#1901);
#1901 = DEFINITIONAL_REPRESENTATION('',(#1902),#1905);
#1902 = B_SPLINE_CURVE_WITH_KNOTS('',1,(#1903,#1904),.UNSPECIFIED.,.F.,
  .F.,(2,2),(1.570796326795,3.14159265359),.PIECEWISE_BEZIER_KNOTS.);
#1903 = CARTESIAN_POINT('',(6.28318530718,1.570796326795));
#1904 = CARTESIAN_POINT('',(6.28318530718,3.14159265359));
#1905 = ( GEOMETRIC_REPRESENTATION_CONTEXT(2) 
PARAMETRIC_REPRESENTATION_CONTEXT() REPRESENTATION_CONTEXT('2D SPACE',''
  ) );
#1906 = ORIENTED_EDGE('',*,*,#792,.T.);
#1907 = ORIENTED_EDGE('',*,*,#1885,.T.);
#1908 = ORIENTED_EDGE('',*,*,#1909,.F.);
#1909 = EDGE_CURVE('',#1886,#1886,#1910,.T.);
#1910 = SURFACE_CURVE('',#1911,(#1916,#1923),.PCURVE_S1.);
#1911 = CIRCLE('',#1912,27.5);
#1912 = AXIS2_PLACEMENT_3D('',#1913,#1914,#1915);
#1913 = CARTESIAN_POINT('',(155.,0.,22.));
#1914 = DIRECTION('',(0.,0.,1.));
#1915 = DIRECTION('',(1.,0.,-0.));
#1916 = PCURVE('',#809,#1917);
#1917 = DEFINITIONAL_REPRESENTATION('',(#1918),#1922);
#1918 = LINE('',#1919,#1920);
#1919 = CARTESIAN_POINT('',(0.,3.14159265359));
#1920 = VECTOR('',#1921,1.);
#1921 = DIRECTION('',(1.,0.));
#1922 = ( GEOMETRIC_REPRESENTATION_CONTEXT(2) 
PARAMETRIC_REPRESENTATION_CONTEXT() REPRESENTATION_CONTEXT('2D SPACE',''
  ) );
#1923 = PCURVE('',#1924,#1929);
#1924 = CYLINDRICAL_SURFACE('',#1925,27.5);
#1925 = AXIS2_PLACEMENT_3D('',#1926,#1927,#1928);
#1926 = CARTESIAN_POINT('',(155.,0.,4.));
#1927 = DIRECTION('',(0.,0.,1.));
#1928 = DIRECTION('',(1.,0.,-0.));
#1929 = DEFINITIONAL_REPRESENTATION('',(#1930),#1934);
#1930 = LINE('',#1931,#1932);
#1931 = CARTESIAN_POINT('',(0.,18.));
#1932 = VECTOR('',#1933,1.);
#1933 = DIRECTION('',(1.,0.));
#1934 = ( GEOMETRIC_REPRESENTATION_CONTEXT(2) 
PARAMETRIC_REPRESENTATION_CONTEXT() REPRESENTATION_CONTEXT('2D SPACE',''
  ) );
#1935 = ADVANCED_FACE('',(#1936),#840,.T.);
#1936 = FACE_BOUND('',#1937,.T.);
#1937 = EDGE_LOOP('',(#1938,#1960,#1961,#1962));
#1938 = ORIENTED_EDGE('',*,*,#1939,.F.);
#1939 = EDGE_CURVE('',#824,#1940,#1942,.T.);
#1940 = VERTEX_POINT('',#1941);
#1941 = CARTESIAN_POINT('',(33.,35.,22.));
#1942 = SEAM_CURVE('',#1943,(#1948,#1954),.PCURVE_S1.);
#1943 = CIRCLE('',#1944,2.);
#1944 = AXIS2_PLACEMENT_3D('',#1945,#1946,#1947);
#1945 = CARTESIAN_POINT('',(35.,35.,22.));
#1946 = DIRECTION('',(0.,-1.,0.));
#1947 = DIRECTION('',(1.,0.,0.));
#1948 = PCURVE('',#840,#1949);
#1949 = DEFINITIONAL_REPRESENTATION('',(#1950),#1953);
#1950 = B_SPLINE_CURVE_WITH_KNOTS('',1,(#1951,#1952),.UNSPECIFIED.,.F.,
  .F.,(2,2),(1.570796326795,3.14159265359),.PIECEWISE_BEZIER_KNOTS.);
#1951 = CARTESIAN_POINT('',(0.,1.570796326795));
#1952 = CARTESIAN_POINT('',(0.,3.14159265359));
#1953 = ( GEOMETRIC_REPRESENTATION_CONTEXT(2) 
PARAMETRIC_REPRESENTATION_CONTEXT() REPRESENTATION_CONTEXT('2D SPACE',''
  ) );
#1954 = PCURVE('',#840,#1955);
#1955 = DEFINITIONAL_REPRESENTATION('',(#1956),#1959);
#1956 = B_SPLINE_CURVE_WITH_KNOTS('',1,(#1957,#1958),.UNSPECIFIED.,.F.,
  .F.,(2,2),(1.570796326795,3.14159265359),.PIECEWISE_BEZIER_KNOTS.);
#1957 = CARTESIAN_POINT('',(6.28318530718,1.570796326795));
#1958 = CARTESIAN_POINT('',(6.28318530718,3.14159265359));
#1959 = ( GEOMETRIC_REPRESENTATION_CONTEXT(2) 
PARAMETRIC_REPRESENTATION_CONTEXT() REPRESENTATION_CONTEXT('2D SPACE',''
  ) );
#1960 = ORIENTED_EDGE('',*,*,#823,.T.);
#1961 = ORIENTED_EDGE('',*,*,#1939,.T.);
#1962 = ORIENTED_EDGE('',*,*,#1963,.F.);
#1963 = EDGE_CURVE('',#1940,#1940,#1964,.T.);
#1964 = SURFACE_CURVE('',#1965,(#1970,#1977),.PCURVE_S1.);
#1965 = CIRCLE('',#1966,13.);
#1966 = AXIS2_PLACEMENT_3D('',#1967,#1968,#1969);
#1967 = CARTESIAN_POINT('',(20.,35.,22.));
#1968 = DIRECTION('',(0.,0.,1.));
#1969 = DIRECTION('',(1.,0.,-0.));
#1970 = PCURVE('',#840,#1971);
#1971 = DEFINITIONAL_REPRESENTATION('',(#1972),#1976);
#1972 = LINE('',#1973,#1974);
#1973 = CARTESIAN_POINT('',(0.,3.14159265359));
#1974 = VECTOR('',#1975,1.);
#1975 = DIRECTION('',(1.,0.));
#1976 = ( GEOMETRIC_REPRESENTATION_CONTEXT(2) 
PARAMETRIC_REPRESENTATION_CONTEXT() REPRESENTATION_CONTEXT('2D SPACE',''
  ) );
#1977 = PCURVE('',#1978,#1983);
#1978 = CYLINDRICAL_SURFACE('',#1979,13.);
#1979 = AXIS2_PLACEMENT_3D('',#1980,#1981,#1982);
#1980 = CARTESIAN_POINT('',(20.,35.,8.));
#1981 = DIRECTION('',(0.,0.,1.));
#1982 = DIRECTION('',(1.,0.,-0.));
#1983 = DEFINITIONAL_REPRESENTATION('',(#1984),#1988);
#1984 = LINE('',#1985,#1986);
#1985 = CARTESIAN_POINT('',(0.,14.));
#1986 = VECTOR('',#1987,1.);
#1987 = DIRECTION('',(1.,0.));
#1988 = ( GEOMETRIC_REPRESENTATION_CONTEXT(2) 
PARAMETRIC_REPRESENTATION_CONTEXT() REPRESENTATION_CONTEXT('2D SPACE',''
  ) );
#1989 = ADVANCED_FACE('',(#1990),#871,.T.);
#1990 = FACE_BOUND('',#1991,.T.);
#1991 = EDGE_LOOP('',(#1992,#2014,#2015,#2016));
#1992 = ORIENTED_EDGE('',*,*,#1993,.F.);
#1993 = EDGE_CURVE('',#855,#1994,#1996,.T.);
#1994 = VERTEX_POINT('',#1995);
#1995 = CARTESIAN_POINT('',(73.,35.,22.));
#1996 = SEAM_CURVE('',#1997,(#2002,#2008),.PCURVE_S1.);
#1997 = CIRCLE('',#1998,2.);
#1998 = AXIS2_PLACEMENT_3D('',#1999,#2000,#2001);
#1999 = CARTESIAN_POINT('',(75.,35.,22.));
#2000 = DIRECTION('',(0.,-1.,0.));
#2001 = DIRECTION('',(1.,0.,0.));
#2002 = PCURVE('',#871,#2003);
#2003 = DEFINITIONAL_REPRESENTATION('',(#2004),#2007);
#2004 = B_SPLINE_CURVE_WITH_KNOTS('',1,(#2005,#2006),.UNSPECIFIED.,.F.,
  .F.,(2,2),(1.570796326795,3.14159265359),.PIECEWISE_BEZIER_KNOTS.);
#2005 = CARTESIAN_POINT('',(0.,1.570796326795));
#2006 = CARTESIAN_POINT('',(0.,3.14159265359));
#2007 = ( GEOMETRIC_REPRESENTATION_CONTEXT(2) 
PARAMETRIC_REPRESENTATION_CONTEXT() REPRESENTATION_CONTEXT('2D SPACE',''
  ) );
#2008 = PCURVE('',#871,#2009);
#2009 = DEFINITIONAL_REPRESENTATION('',(#2010),#2013);
#2010 = B_SPLINE_CURVE_WITH_KNOTS('',1,(#2011,#2012),.UNSPECIFIED.,.F.,
  .F.,(2,2),(1.570796326795,3.14159265359),.PIECEWISE_BEZIER_KNOTS.);
#2011 = CARTESIAN_POINT('',(6.28318530718,1.570796326795));
#2012 = CARTESIAN_POINT('',(6.28318530718,3.14159265359));
#2013 = ( GEOMETRIC_REPRESENTATION_CONTEXT(2) 
PARAMETRIC_REPRESENTATION_CONTEXT() REPRESENTATION_CONTEXT('2D SPACE',''
  ) );
#2014 = ORIENTED_EDGE('',*,*,#854,.T.);
#2015 = ORIENTED_EDGE('',*,*,#1993,.T.);
#2016 = ORIENTED_EDGE('',*,*,#2017,.F.);
#2017 = EDGE_CURVE('',#1994,#1994,#2018,.T.);
#2018 = SURFACE_CURVE('',#2019,(#2024,#2031),.PCURVE_S1.);
#2019 = CIRCLE('',#2020,13.);
#2020 = AXIS2_PLACEMENT_3D('',#2021,#2022,#2023);
#2021 = CARTESIAN_POINT('',(60.,35.,22.));
#2022 = DIRECTION('',(0.,0.,1.));
#2023 = DIRECTION('',(1.,0.,-0.));
#2024 = PCURVE('',#871,#2025);
#2025 = DEFINITIONAL_REPRESENTATION('',(#2026),#2030);
#2026 = LINE('',#2027,#2028);
#2027 = CARTESIAN_POINT('',(0.,3.14159265359));
#2028 = VECTOR('',#2029,1.);
#2029 = DIRECTION('',(1.,0.));
#2030 = ( GEOMETRIC_REPRESENTATION_CONTEXT(2) 
PARAMETRIC_REPRESENTATION_CONTEXT() REPRESENTATION_CONTEXT('2D SPACE',''
  ) );
#2031 = PCURVE('',#2032,#2037);
#2032 = CYLINDRICAL_SURFACE('',#2033,13.);
#2033 = AXIS2_PLACEMENT_3D('',#2034,#2035,#2036);
#2034 = CARTESIAN_POINT('',(60.,35.,8.));
#2035 = DIRECTION('',(0.,0.,1.));
#2036 = DIRECTION('',(1.,0.,-0.));
#2037 = DEFINITIONAL_REPRESENTATION('',(#2038),#2042);
#2038 = LINE('',#2039,#2040);
#2039 = CARTESIAN_POINT('',(0.,14.));
#2040 = VECTOR('',#2041,1.);
#2041 = DIRECTION('',(1.,0.));
#2042 = ( GEOMETRIC_REPRESENTATION_CONTEXT(2) 
PARAMETRIC_REPRESENTATION_CONTEXT() REPRESENTATION_CONTEXT('2D SPACE',''
  ) );
#2043 = ADVANCED_FACE('',(#2044),#902,.T.);
#2044 = FACE_BOUND('',#2045,.T.);
#2045 = EDGE_LOOP('',(#2046,#2068,#2069,#2070));
#2046 = ORIENTED_EDGE('',*,*,#2047,.F.);
#2047 = EDGE_CURVE('',#886,#2048,#2050,.T.);
#2048 = VERTEX_POINT('',#2049);
#2049 = CARTESIAN_POINT('',(113.,35.,22.));
#2050 = SEAM_CURVE('',#2051,(#2056,#2062),.PCURVE_S1.);
#2051 = CIRCLE('',#2052,2.);
#2052 = AXIS2_PLACEMENT_3D('',#2053,#2054,#2055);
#2053 = CARTESIAN_POINT('',(115.,35.,22.));
#2054 = DIRECTION('',(0.,-1.,0.));
#2055 = DIRECTION('',(1.,0.,0.));
#2056 = PCURVE('',#902,#2057);
#2057 = DEFINITIONAL_REPRESENTATION('',(#2058),#2061);
#2058 = B_SPLINE_CURVE_WITH_KNOTS('',1,(#2059,#2060),.UNSPECIFIED.,.F.,
  .F.,(2,2),(1.570796326795,3.14159265359),.PIECEWISE_BEZIER_KNOTS.);
#2059 = CARTESIAN_POINT('',(0.,1.570796326795));
#2060 = CARTESIAN_POINT('',(0.,3.14159265359));
#2061 = ( GEOMETRIC_REPRESENTATION_CONTEXT(2) 
PARAMETRIC_REPRESENTATION_CONTEXT() REPRESENTATION_CONTEXT('2D SPACE',''
  ) );
#2062 = PCURVE('',#902,#2063);
#2063 = DEFINITIONAL_REPRESENTATION('',(#2064),#2067);
#2064 = B_SPLINE_CURVE_WITH_KNOTS('',1,(#2065,#2066),.UNSPECIFIED.,.F.,
  .F.,(2,2),(1.570796326795,3.14159265359),.PIECEWISE_BEZIER_KNOTS.);
#2065 = CARTESIAN_POINT('',(6.28318530718,1.570796326795));
#2066 = CARTESIAN_POINT('',(6.28318530718,3.14159265359));
#2067 = ( GEOMETRIC_REPRESENTATION_CONTEXT(2) 
PARAMETRIC_REPRESENTATION_CONTEXT() REPRESENTATION_CONTEXT('2D SPACE',''
  ) );
#2068 = ORIENTED_EDGE('',*,*,#885,.T.);
#2069 = ORIENTED_EDGE('',*,*,#2047,.T.);
#2070 = ORIENTED_EDGE('',*,*,#2071,.F.);
#2071 = EDGE_CURVE('',#2048,#2048,#2072,.T.);
#2072 = SURFACE_CURVE('',#2073,(#2078,#2085),.PCURVE_S1.);
#2073 = CIRCLE('',#2074,13.);
#2074 = AXIS2_PLACEMENT_3D('',#2075,#2076,#2077);
#2075 = CARTESIAN_POINT('',(100.,35.,22.));
#2076 = DIRECTION('',(0.,0.,1.));
#2077 = DIRECTION('',(1.,0.,-0.));
#2078 = PCURVE('',#902,#2079);
#2079 = DEFINITIONAL_REPRESENTATION('',(#2080),#2084);
#2080 = LINE('',#2081,#2082);
#2081 = CARTESIAN_POINT('',(0.,3.14159265359));
#2082 = VECTOR('',#2083,1.);
#2083 = DIRECTION('',(1.,0.));
#2084 = ( GEOMETRIC_REPRESENTATION_CONTEXT(2) 
PARAMETRIC_REPRESENTATION_CONTEXT() REPRESENTATION_CONTEXT('2D SPACE',''
  ) );
#2085 = PCURVE('',#2086,#2091);
#2086 = CYLINDRICAL_SURFACE('',#2087,13.);
#2087 = AXIS2_PLACEMENT_3D('',#2088,#2089,#2090);
#2088 = CARTESIAN_POINT('',(100.,35.,8.));
#2089 = DIRECTION('',(0.,0.,1.));
#2090 = DIRECTION('',(1.,0.,-0.));
#2091 = DEFINITIONAL_REPRESENTATION('',(#2092),#2096);
#2092 = LINE('',#2093,#2094);
#2093 = CARTESIAN_POINT('',(0.,14.));
#2094 = VECTOR('',#2095,1.);
#2095 = DIRECTION('',(1.,0.));
#2096 = ( GEOMETRIC_REPRESENTATION_CONTEXT(2) 
PARAMETRIC_REPRESENTATION_CONTEXT() REPRESENTATION_CONTEXT('2D SPACE',''
  ) );
#2097 = ADVANCED_FACE('',(#2098),#956,.F.);
#2098 = FACE_BOUND('',#2099,.F.);
#2099 = EDGE_LOOP('',(#2100,#2129,#2150,#2151));
#2100 = ORIENTED_EDGE('',*,*,#2101,.T.);
#2101 = EDGE_CURVE('',#2102,#2102,#2104,.T.);
#2102 = VERTEX_POINT('',#2103);
#2103 = CARTESIAN_POINT('',(-87.,-35.,17.5));
#2104 = SURFACE_CURVE('',#2105,(#2110,#2117),.PCURVE_S1.);
#2105 = CIRCLE('',#2106,13.);
#2106 = AXIS2_PLACEMENT_3D('',#2107,#2108,#2109);
#2107 = CARTESIAN_POINT('',(-100.,-35.,17.5));
#2108 = DIRECTION('',(0.,0.,1.));
#2109 = DIRECTION('',(1.,0.,-0.));
#2110 = PCURVE('',#956,#2111);
#2111 = DEFINITIONAL_REPRESENTATION('',(#2112),#2116);
#2112 = LINE('',#2113,#2114);
#2113 = CARTESIAN_POINT('',(0.,9.5));
#2114 = VECTOR('',#2115,1.);
#2115 = DIRECTION('',(1.,0.));
#2116 = ( GEOMETRIC_REPRESENTATION_CONTEXT(2) 
PARAMETRIC_REPRESENTATION_CONTEXT() REPRESENTATION_CONTEXT('2D SPACE',''
  ) );
#2117 = PCURVE('',#2118,#2123);
#2118 = PLANE('',#2119);
#2119 = AXIS2_PLACEMENT_3D('',#2120,#2121,#2122);
#2120 = CARTESIAN_POINT('',(-100.,-35.,17.5));
#2121 = DIRECTION('',(0.,0.,1.));
#2122 = DIRECTION('',(1.,0.,-0.));
#2123 = DEFINITIONAL_REPRESENTATION('',(#2124),#2128);
#2124 = CIRCLE('',#2125,13.);
#2125 = AXIS2_PLACEMENT_2D('',#2126,#2127);
#2126 = CARTESIAN_POINT('',(0.,0.));
#2127 = DIRECTION('',(1.,0.));
#2128 = ( GEOMETRIC_REPRESENTATION_CONTEXT(2) 
PARAMETRIC_REPRESENTATION_CONTEXT() REPRESENTATION_CONTEXT('2D SPACE',''
  ) );
#2129 = ORIENTED_EDGE('',*,*,#2130,.T.);
#2130 = EDGE_CURVE('',#2102,#918,#2131,.T.);
#2131 = SEAM_CURVE('',#2132,(#2136,#2143),.PCURVE_S1.);
#2132 = LINE('',#2133,#2134);
#2133 = CARTESIAN_POINT('',(-87.,-35.,8.));
#2134 = VECTOR('',#2135,1.);
#2135 = DIRECTION('',(0.,0.,1.));
#2136 = PCURVE('',#956,#2137);
#2137 = DEFINITIONAL_REPRESENTATION('',(#2138),#2142);
#2138 = LINE('',#2139,#2140);
#2139 = CARTESIAN_POINT('',(0.,-0.));
#2140 = VECTOR('',#2141,1.);
#2141 = DIRECTION('',(0.,1.));
#2142 = ( GEOMETRIC_REPRESENTATION_CONTEXT(2) 
PARAMETRIC_REPRESENTATION_CONTEXT() REPRESENTATION_CONTEXT('2D SPACE',''
  ) );
#2143 = PCURVE('',#956,#2144);
#2144 = DEFINITIONAL_REPRESENTATION('',(#2145),#2149);
#2145 = LINE('',#2146,#2147);
#2146 = CARTESIAN_POINT('',(6.28318530718,-0.));
#2147 = VECTOR('',#2148,1.);
#2148 = DIRECTION('',(0.,1.));
#2149 = ( GEOMETRIC_REPRESENTATION_CONTEXT(2) 
PARAMETRIC_REPRESENTATION_CONTEXT() REPRESENTATION_CONTEXT('2D SPACE',''
  ) );
#2150 = ORIENTED_EDGE('',*,*,#941,.F.);
#2151 = ORIENTED_EDGE('',*,*,#2130,.F.);
#2152 = ADVANCED_FACE('',(#2153),#1030,.F.);
#2153 = FACE_BOUND('',#2154,.F.);
#2154 = EDGE_LOOP('',(#2155,#2178,#2206,#2227));
#2155 = ORIENTED_EDGE('',*,*,#2156,.F.);
#2156 = EDGE_CURVE('',#2157,#972,#2159,.T.);
#2157 = VERTEX_POINT('',#2158);
#2158 = CARTESIAN_POINT('',(-190.,-77.,0.));
#2159 = SURFACE_CURVE('',#2160,(#2164,#2171),.PCURVE_S1.);
#2160 = LINE('',#2161,#2162);
#2161 = CARTESIAN_POINT('',(-190.,-77.,0.));
#2162 = VECTOR('',#2163,1.);
#2163 = DIRECTION('',(0.,0.,1.));
#2164 = PCURVE('',#1030,#2165);
#2165 = DEFINITIONAL_REPRESENTATION('',(#2166),#2170);
#2166 = LINE('',#2167,#2168);
#2167 = CARTESIAN_POINT('',(0.,-8.));
#2168 = VECTOR('',#2169,1.);
#2169 = DIRECTION('',(1.,0.));
#2170 = ( GEOMETRIC_REPRESENTATION_CONTEXT(2) 
PARAMETRIC_REPRESENTATION_CONTEXT() REPRESENTATION_CONTEXT('2D SPACE',''
  ) );
#2171 = PCURVE('',#1082,#2172);
#2172 = DEFINITIONAL_REPRESENTATION('',(#2173),#2177);
#2173 = LINE('',#2174,#2175);
#2174 = CARTESIAN_POINT('',(0.,0.));
#2175 = VECTOR('',#2176,1.);
#2176 = DIRECTION('',(0.,1.));
#2177 = ( GEOMETRIC_REPRESENTATION_CONTEXT(2) 
PARAMETRIC_REPRESENTATION_CONTEXT() REPRESENTATION_CONTEXT('2D SPACE',''
  ) );
#2178 = ORIENTED_EDGE('',*,*,#2179,.T.);
#2179 = EDGE_CURVE('',#2157,#2180,#2182,.T.);
#2180 = VERTEX_POINT('',#2181);
#2181 = CARTESIAN_POINT('',(-190.,77.,0.));
#2182 = SURFACE_CURVE('',#2183,(#2187,#2194),.PCURVE_S1.);
#2183 = LINE('',#2184,#2185);
#2184 = CARTESIAN_POINT('',(-190.,-85.,0.));
#2185 = VECTOR('',#2186,1.);
#2186 = DIRECTION('',(0.,1.,0.));
#2187 = PCURVE('',#1030,#2188);
#2188 = DEFINITIONAL_REPRESENTATION('',(#2189),#2193);
#2189 = LINE('',#2190,#2191);
#2190 = CARTESIAN_POINT('',(0.,0.));
#2191 = VECTOR('',#2192,1.);
#2192 = DIRECTION('',(0.,-1.));
#2193 = ( GEOMETRIC_REPRESENTATION_CONTEXT(2) 
PARAMETRIC_REPRESENTATION_CONTEXT() REPRESENTATION_CONTEXT('2D SPACE',''
  ) );
#2194 = PCURVE('',#2195,#2200);
#2195 = PLANE('',#2196);
#2196 = AXIS2_PLACEMENT_3D('',#2197,#2198,#2199);
#2197 = CARTESIAN_POINT('',(-190.,-85.,0.));
#2198 = DIRECTION('',(0.,0.,1.));
#2199 = DIRECTION('',(1.,0.,0.));
#2200 = DEFINITIONAL_REPRESENTATION('',(#2201),#2205);
#2201 = LINE('',#2202,#2203);
#2202 = CARTESIAN_POINT('',(0.,0.));
#2203 = VECTOR('',#2204,1.);
#2204 = DIRECTION('',(0.,1.));
#2205 = ( GEOMETRIC_REPRESENTATION_CONTEXT(2) 
PARAMETRIC_REPRESENTATION_CONTEXT() REPRESENTATION_CONTEXT('2D SPACE',''
  ) );
#2206 = ORIENTED_EDGE('',*,*,#2207,.T.);
#2207 = EDGE_CURVE('',#2180,#995,#2208,.T.);
#2208 = SURFACE_CURVE('',#2209,(#2213,#2220),.PCURVE_S1.);
#2209 = LINE('',#2210,#2211);
#2210 = CARTESIAN_POINT('',(-190.,77.,0.));
#2211 = VECTOR('',#2212,1.);
#2212 = DIRECTION('',(0.,0.,1.));
#2213 = PCURVE('',#1030,#2214);
#2214 = DEFINITIONAL_REPRESENTATION('',(#2215),#2219);
#2215 = LINE('',#2216,#2217);
#2216 = CARTESIAN_POINT('',(0.,-162.));
#2217 = VECTOR('',#2218,1.);
#2218 = DIRECTION('',(1.,0.));
#2219 = ( GEOMETRIC_REPRESENTATION_CONTEXT(2) 
PARAMETRIC_REPRESENTATION_CONTEXT() REPRESENTATION_CONTEXT('2D SPACE',''
  ) );
#2220 = PCURVE('',#1117,#2221);
#2221 = DEFINITIONAL_REPRESENTATION('',(#2222),#2226);
#2222 = LINE('',#2223,#2224);
#2223 = CARTESIAN_POINT('',(-0.,0.));
#2224 = VECTOR('',#2225,1.);
#2225 = DIRECTION('',(-0.,1.));
#2226 = ( GEOMETRIC_REPRESENTATION_CONTEXT(2) 
PARAMETRIC_REPRESENTATION_CONTEXT() REPRESENTATION_CONTEXT('2D SPACE',''
  ) );
#2227 = ORIENTED_EDGE('',*,*,#1016,.F.);
#2228 = ADVANCED_FACE('',(#2229),#1082,.T.);
#2229 = FACE_BOUND('',#2230,.T.);
#2230 = EDGE_LOOP('',(#2231,#2232,#2256,#2277));
#2231 = ORIENTED_EDGE('',*,*,#2156,.F.);
#2232 = ORIENTED_EDGE('',*,*,#2233,.T.);
#2233 = EDGE_CURVE('',#2157,#2234,#2236,.T.);
#2234 = VERTEX_POINT('',#2235);
#2235 = CARTESIAN_POINT('',(-182.,-85.,0.));
#2236 = SURFACE_CURVE('',#2237,(#2242,#2249),.PCURVE_S1.);
#2237 = CIRCLE('',#2238,8.);
#2238 = AXIS2_PLACEMENT_3D('',#2239,#2240,#2241);
#2239 = CARTESIAN_POINT('',(-182.,-77.,0.));
#2240 = DIRECTION('',(0.,0.,1.));
#2241 = DIRECTION('',(0.,-1.,0.));
#2242 = PCURVE('',#1082,#2243);
#2243 = DEFINITIONAL_REPRESENTATION('',(#2244),#2248);
#2244 = LINE('',#2245,#2246);
#2245 = CARTESIAN_POINT('',(-4.712388980385,0.));
#2246 = VECTOR('',#2247,1.);
#2247 = DIRECTION('',(1.,0.));
#2248 = ( GEOMETRIC_REPRESENTATION_CONTEXT(2) 
PARAMETRIC_REPRESENTATION_CONTEXT() REPRESENTATION_CONTEXT('2D SPACE',''
  ) );
#2249 = PCURVE('',#2195,#2250);
#2250 = DEFINITIONAL_REPRESENTATION('',(#2251),#2255);
#2251 = CIRCLE('',#2252,8.);
#2252 = AXIS2_PLACEMENT_2D('',#2253,#2254);
#2253 = CARTESIAN_POINT('',(8.,8.));
#2254 = DIRECTION('',(0.,-1.));
#2255 = ( GEOMETRIC_REPRESENTATION_CONTEXT(2) 
PARAMETRIC_REPRESENTATION_CONTEXT() REPRESENTATION_CONTEXT('2D SPACE',''
  ) );
#2256 = ORIENTED_EDGE('',*,*,#2257,.T.);
#2257 = EDGE_CURVE('',#2234,#1046,#2258,.T.);
#2258 = SURFACE_CURVE('',#2259,(#2263,#2270),.PCURVE_S1.);
#2259 = LINE('',#2260,#2261);
#2260 = CARTESIAN_POINT('',(-182.,-85.,0.));
#2261 = VECTOR('',#2262,1.);
#2262 = DIRECTION('',(0.,0.,1.));
#2263 = PCURVE('',#1082,#2264);
#2264 = DEFINITIONAL_REPRESENTATION('',(#2265),#2269);
#2265 = LINE('',#2266,#2267);
#2266 = CARTESIAN_POINT('',(1.570796326795,0.));
#2267 = VECTOR('',#2268,1.);
#2268 = DIRECTION('',(0.,1.));
#2269 = ( GEOMETRIC_REPRESENTATION_CONTEXT(2) 
PARAMETRIC_REPRESENTATION_CONTEXT() REPRESENTATION_CONTEXT('2D SPACE',''
  ) );
#2270 = PCURVE('',#1191,#2271);
#2271 = DEFINITIONAL_REPRESENTATION('',(#2272),#2276);
#2272 = LINE('',#2273,#2274);
#2273 = CARTESIAN_POINT('',(0.,8.));
#2274 = VECTOR('',#2275,1.);
#2275 = DIRECTION('',(1.,0.));
#2276 = ( GEOMETRIC_REPRESENTATION_CONTEXT(2) 
PARAMETRIC_REPRESENTATION_CONTEXT() REPRESENTATION_CONTEXT('2D SPACE',''
  ) );
#2277 = ORIENTED_EDGE('',*,*,#1067,.T.);
#2278 = ADVANCED_FACE('',(#2279),#1117,.T.);
#2279 = FACE_BOUND('',#2280,.F.);
#2280 = EDGE_LOOP('',(#2281,#2282,#2310,#2331));
#2281 = ORIENTED_EDGE('',*,*,#2207,.F.);
#2282 = ORIENTED_EDGE('',*,*,#2283,.T.);
#2283 = EDGE_CURVE('',#2180,#2284,#2286,.T.);
#2284 = VERTEX_POINT('',#2285);
#2285 = CARTESIAN_POINT('',(-182.,85.,0.));
#2286 = SURFACE_CURVE('',#2287,(#2292,#2299),.PCURVE_S1.);
#2287 = CIRCLE('',#2288,8.);
#2288 = AXIS2_PLACEMENT_3D('',#2289,#2290,#2291);
#2289 = CARTESIAN_POINT('',(-182.,77.,0.));
#2290 = DIRECTION('',(-0.,-0.,-1.));
#2291 = DIRECTION('',(0.,-1.,0.));
#2292 = PCURVE('',#1117,#2293);
#2293 = DEFINITIONAL_REPRESENTATION('',(#2294),#2298);
#2294 = LINE('',#2295,#2296);
#2295 = CARTESIAN_POINT('',(1.570796326795,-0.));
#2296 = VECTOR('',#2297,1.);
#2297 = DIRECTION('',(-1.,0.));
#2298 = ( GEOMETRIC_REPRESENTATION_CONTEXT(2) 
PARAMETRIC_REPRESENTATION_CONTEXT() REPRESENTATION_CONTEXT('2D SPACE',''
  ) );
#2299 = PCURVE('',#2195,#2300);
#2300 = DEFINITIONAL_REPRESENTATION('',(#2301),#2309);
#2301 = ( BOUNDED_CURVE() B_SPLINE_CURVE(2,(#2302,#2303,#2304,#2305,
#2306,#2307,#2308),.UNSPECIFIED.,.T.,.F.) B_SPLINE_CURVE_WITH_KNOTS((1,2
    ,2,2,2,1),(-2.094395102393,0.,2.094395102393,4.188790204786,
6.28318530718,8.377580409573),.UNSPECIFIED.) CURVE() 
GEOMETRIC_REPRESENTATION_ITEM() RATIONAL_B_SPLINE_CURVE((1.,0.5,1.,0.5,
1.,0.5,1.)) REPRESENTATION_ITEM('') );
#2302 = CARTESIAN_POINT('',(8.,154.));
#2303 = CARTESIAN_POINT('',(-5.856406460551,154.));
#2304 = CARTESIAN_POINT('',(1.071796769724,166.));
#2305 = CARTESIAN_POINT('',(8.,178.));
#2306 = CARTESIAN_POINT('',(14.928203230276,166.));
#2307 = CARTESIAN_POINT('',(21.856406460551,154.));
#2308 = CARTESIAN_POINT('',(8.,154.));
#2309 = ( GEOMETRIC_REPRESENTATION_CONTEXT(2) 
PARAMETRIC_REPRESENTATION_CONTEXT() REPRESENTATION_CONTEXT('2D SPACE',''
  ) );
#2310 = ORIENTED_EDGE('',*,*,#2311,.T.);
#2311 = EDGE_CURVE('',#2284,#1101,#2312,.T.);
#2312 = SURFACE_CURVE('',#2313,(#2317,#2324),.PCURVE_S1.);
#2313 = LINE('',#2314,#2315);
#2314 = CARTESIAN_POINT('',(-182.,85.,0.));
#2315 = VECTOR('',#2316,1.);
#2316 = DIRECTION('',(0.,0.,1.));
#2317 = PCURVE('',#1117,#2318);
#2318 = DEFINITIONAL_REPRESENTATION('',(#2319),#2323);
#2319 = LINE('',#2320,#2321);
#2320 = CARTESIAN_POINT('',(-1.570796326795,0.));
#2321 = VECTOR('',#2322,1.);
#2322 = DIRECTION('',(-0.,1.));
#2323 = ( GEOMETRIC_REPRESENTATION_CONTEXT(2) 
PARAMETRIC_REPRESENTATION_CONTEXT() REPRESENTATION_CONTEXT('2D SPACE',''
  ) );
#2324 = PCURVE('',#1244,#2325);
#2325 = DEFINITIONAL_REPRESENTATION('',(#2326),#2330);
#2326 = LINE('',#2327,#2328);
#2327 = CARTESIAN_POINT('',(0.,8.));
#2328 = VECTOR('',#2329,1.);
#2329 = DIRECTION('',(1.,0.));
#2330 = ( GEOMETRIC_REPRESENTATION_CONTEXT(2) 
PARAMETRIC_REPRESENTATION_CONTEXT() REPRESENTATION_CONTEXT('2D SPACE',''
  ) );
#2331 = ORIENTED_EDGE('',*,*,#1100,.F.);
#2332 = ADVANCED_FACE('',(#2333),#1191,.F.);
#2333 = FACE_BOUND('',#2334,.F.);
#2334 = EDGE_LOOP('',(#2335,#2336,#2337,#2360));
#2335 = ORIENTED_EDGE('',*,*,#2257,.T.);
#2336 = ORIENTED_EDGE('',*,*,#1177,.F.);
#2337 = ORIENTED_EDGE('',*,*,#2338,.F.);
#2338 = EDGE_CURVE('',#2339,#1154,#2341,.T.);
#2339 = VERTEX_POINT('',#2340);
#2340 = CARTESIAN_POINT('',(182.,-85.,0.));
#2341 = SURFACE_CURVE('',#2342,(#2346,#2353),.PCURVE_S1.);
#2342 = LINE('',#2343,#2344);
#2343 = CARTESIAN_POINT('',(182.,-85.,0.));
#2344 = VECTOR('',#2345,1.);
#2345 = DIRECTION('',(0.,0.,1.));
#2346 = PCURVE('',#1191,#2347);
#2347 = DEFINITIONAL_REPRESENTATION('',(#2348),#2352);
#2348 = LINE('',#2349,#2350);
#2349 = CARTESIAN_POINT('',(0.,372.));
#2350 = VECTOR('',#2351,1.);
#2351 = DIRECTION('',(1.,0.));
#2352 = ( GEOMETRIC_REPRESENTATION_CONTEXT(2) 
PARAMETRIC_REPRESENTATION_CONTEXT() REPRESENTATION_CONTEXT('2D SPACE',''
  ) );
#2353 = PCURVE('',#1296,#2354);
#2354 = DEFINITIONAL_REPRESENTATION('',(#2355),#2359);
#2355 = LINE('',#2356,#2357);
#2356 = CARTESIAN_POINT('',(-1.570796326795,0.));
#2357 = VECTOR('',#2358,1.);
#2358 = DIRECTION('',(-0.,1.));
#2359 = ( GEOMETRIC_REPRESENTATION_CONTEXT(2) 
PARAMETRIC_REPRESENTATION_CONTEXT() REPRESENTATION_CONTEXT('2D SPACE',''
  ) );
#2360 = ORIENTED_EDGE('',*,*,#2361,.F.);
#2361 = EDGE_CURVE('',#2234,#2339,#2362,.T.);
#2362 = SURFACE_CURVE('',#2363,(#2367,#2374),.PCURVE_S1.);
#2363 = LINE('',#2364,#2365);
#2364 = CARTESIAN_POINT('',(-190.,-85.,0.));
#2365 = VECTOR('',#2366,1.);
#2366 = DIRECTION('',(1.,0.,0.));
#2367 = PCURVE('',#1191,#2368);
#2368 = DEFINITIONAL_REPRESENTATION('',(#2369),#2373);
#2369 = LINE('',#2370,#2371);
#2370 = CARTESIAN_POINT('',(0.,0.));
#2371 = VECTOR('',#2372,1.);
#2372 = DIRECTION('',(0.,1.));
#2373 = ( GEOMETRIC_REPRESENTATION_CONTEXT(2) 
PARAMETRIC_REPRESENTATION_CONTEXT() REPRESENTATION_CONTEXT('2D SPACE',''
  ) );
#2374 = PCURVE('',#2195,#2375);
#2375 = DEFINITIONAL_REPRESENTATION('',(#2376),#2380);
#2376 = LINE('',#2377,#2378);
#2377 = CARTESIAN_POINT('',(0.,0.));
#2378 = VECTOR('',#2379,1.);
#2379 = DIRECTION('',(1.,0.));
#2380 = ( GEOMETRIC_REPRESENTATION_CONTEXT(2) 
PARAMETRIC_REPRESENTATION_CONTEXT() REPRESENTATION_CONTEXT('2D SPACE',''
  ) );
#2381 = ADVANCED_FACE('',(#2382),#1244,.T.);
#2382 = FACE_BOUND('',#2383,.T.);
#2383 = EDGE_LOOP('',(#2384,#2385,#2386,#2409));
#2384 = ORIENTED_EDGE('',*,*,#2311,.T.);
#2385 = ORIENTED_EDGE('',*,*,#1230,.T.);
#2386 = ORIENTED_EDGE('',*,*,#2387,.F.);
#2387 = EDGE_CURVE('',#2388,#1209,#2390,.T.);
#2388 = VERTEX_POINT('',#2389);
#2389 = CARTESIAN_POINT('',(182.,85.,0.));
#2390 = SURFACE_CURVE('',#2391,(#2395,#2402),.PCURVE_S1.);
#2391 = LINE('',#2392,#2393);
#2392 = CARTESIAN_POINT('',(182.,85.,0.));
#2393 = VECTOR('',#2394,1.);
#2394 = DIRECTION('',(0.,0.,1.));
#2395 = PCURVE('',#1244,#2396);
#2396 = DEFINITIONAL_REPRESENTATION('',(#2397),#2401);
#2397 = LINE('',#2398,#2399);
#2398 = CARTESIAN_POINT('',(0.,372.));
#2399 = VECTOR('',#2400,1.);
#2400 = DIRECTION('',(1.,0.));
#2401 = ( GEOMETRIC_REPRESENTATION_CONTEXT(2) 
PARAMETRIC_REPRESENTATION_CONTEXT() REPRESENTATION_CONTEXT('2D SPACE',''
  ) );
#2402 = PCURVE('',#1331,#2403);
#2403 = DEFINITIONAL_REPRESENTATION('',(#2404),#2408);
#2404 = LINE('',#2405,#2406);
#2405 = CARTESIAN_POINT('',(1.570796326795,0.));
#2406 = VECTOR('',#2407,1.);
#2407 = DIRECTION('',(0.,1.));
#2408 = ( GEOMETRIC_REPRESENTATION_CONTEXT(2) 
PARAMETRIC_REPRESENTATION_CONTEXT() REPRESENTATION_CONTEXT('2D SPACE',''
  ) );
#2409 = ORIENTED_EDGE('',*,*,#2410,.F.);
#2410 = EDGE_CURVE('',#2284,#2388,#2411,.T.);
#2411 = SURFACE_CURVE('',#2412,(#2416,#2423),.PCURVE_S1.);
#2412 = LINE('',#2413,#2414);
#2413 = CARTESIAN_POINT('',(-190.,85.,0.));
#2414 = VECTOR('',#2415,1.);
#2415 = DIRECTION('',(1.,0.,0.));
#2416 = PCURVE('',#1244,#2417);
#2417 = DEFINITIONAL_REPRESENTATION('',(#2418),#2422);
#2418 = LINE('',#2419,#2420);
#2419 = CARTESIAN_POINT('',(0.,0.));
#2420 = VECTOR('',#2421,1.);
#2421 = DIRECTION('',(0.,1.));
#2422 = ( GEOMETRIC_REPRESENTATION_CONTEXT(2) 
PARAMETRIC_REPRESENTATION_CONTEXT() REPRESENTATION_CONTEXT('2D SPACE',''
  ) );
#2423 = PCURVE('',#2195,#2424);
#2424 = DEFINITIONAL_REPRESENTATION('',(#2425),#2429);
#2425 = LINE('',#2426,#2427);
#2426 = CARTESIAN_POINT('',(0.,170.));
#2427 = VECTOR('',#2428,1.);
#2428 = DIRECTION('',(1.,0.));
#2429 = ( GEOMETRIC_REPRESENTATION_CONTEXT(2) 
PARAMETRIC_REPRESENTATION_CONTEXT() REPRESENTATION_CONTEXT('2D SPACE',''
  ) );
#2430 = ADVANCED_FACE('',(#2431),#1296,.T.);
#2431 = FACE_BOUND('',#2432,.F.);
#2432 = EDGE_LOOP('',(#2433,#2456,#2482,#2483));
#2433 = ORIENTED_EDGE('',*,*,#2434,.F.);
#2434 = EDGE_CURVE('',#2435,#1260,#2437,.T.);
#2435 = VERTEX_POINT('',#2436);
#2436 = CARTESIAN_POINT('',(190.,-77.,0.));
#2437 = SURFACE_CURVE('',#2438,(#2442,#2449),.PCURVE_S1.);
#2438 = LINE('',#2439,#2440);
#2439 = CARTESIAN_POINT('',(190.,-77.,0.));
#2440 = VECTOR('',#2441,1.);
#2441 = DIRECTION('',(0.,0.,1.));
#2442 = PCURVE('',#1296,#2443);
#2443 = DEFINITIONAL_REPRESENTATION('',(#2444),#2448);
#2444 = LINE('',#2445,#2446);
#2445 = CARTESIAN_POINT('',(-0.,0.));
#2446 = VECTOR('',#2447,1.);
#2447 = DIRECTION('',(-0.,1.));
#2448 = ( GEOMETRIC_REPRESENTATION_CONTEXT(2) 
PARAMETRIC_REPRESENTATION_CONTEXT() REPRESENTATION_CONTEXT('2D SPACE',''
  ) );
#2449 = PCURVE('',#1384,#2450);
#2450 = DEFINITIONAL_REPRESENTATION('',(#2451),#2455);
#2451 = LINE('',#2452,#2453);
#2452 = CARTESIAN_POINT('',(0.,-8.));
#2453 = VECTOR('',#2454,1.);
#2454 = DIRECTION('',(1.,0.));
#2455 = ( GEOMETRIC_REPRESENTATION_CONTEXT(2) 
PARAMETRIC_REPRESENTATION_CONTEXT() REPRESENTATION_CONTEXT('2D SPACE',''
  ) );
#2456 = ORIENTED_EDGE('',*,*,#2457,.T.);
#2457 = EDGE_CURVE('',#2435,#2339,#2458,.T.);
#2458 = SURFACE_CURVE('',#2459,(#2464,#2471),.PCURVE_S1.);
#2459 = CIRCLE('',#2460,8.);
#2460 = AXIS2_PLACEMENT_3D('',#2461,#2462,#2463);
#2461 = CARTESIAN_POINT('',(182.,-77.,0.));
#2462 = DIRECTION('',(-0.,-0.,-1.));
#2463 = DIRECTION('',(0.,-1.,0.));
#2464 = PCURVE('',#1296,#2465);
#2465 = DEFINITIONAL_REPRESENTATION('',(#2466),#2470);
#2466 = LINE('',#2467,#2468);
#2467 = CARTESIAN_POINT('',(4.712388980385,-0.));
#2468 = VECTOR('',#2469,1.);
#2469 = DIRECTION('',(-1.,0.));
#2470 = ( GEOMETRIC_REPRESENTATION_CONTEXT(2) 
PARAMETRIC_REPRESENTATION_CONTEXT() REPRESENTATION_CONTEXT('2D SPACE',''
  ) );
#2471 = PCURVE('',#2195,#2472);
#2472 = DEFINITIONAL_REPRESENTATION('',(#2473),#2481);
#2473 = ( BOUNDED_CURVE() B_SPLINE_CURVE(2,(#2474,#2475,#2476,#2477,
#2478,#2479,#2480),.UNSPECIFIED.,.T.,.F.) B_SPLINE_CURVE_WITH_KNOTS((1,2
    ,2,2,2,1),(-2.094395102393,0.,2.094395102393,4.188790204786,
6.28318530718,8.377580409573),.UNSPECIFIED.) CURVE() 
GEOMETRIC_REPRESENTATION_ITEM() RATIONAL_B_SPLINE_CURVE((1.,0.5,1.,0.5,
1.,0.5,1.)) REPRESENTATION_ITEM('') );
#2474 = CARTESIAN_POINT('',(372.,0.));
#2475 = CARTESIAN_POINT('',(358.14359353944,0.));
#2476 = CARTESIAN_POINT('',(365.07179676972,12.));
#2477 = CARTESIAN_POINT('',(372.,24.));
#2478 = CARTESIAN_POINT('',(378.92820323027,12.));
#2479 = CARTESIAN_POINT('',(385.85640646055,1.24344978758E-14));
#2480 = CARTESIAN_POINT('',(372.,0.));
#2481 = ( GEOMETRIC_REPRESENTATION_CONTEXT(2) 
PARAMETRIC_REPRESENTATION_CONTEXT() REPRESENTATION_CONTEXT('2D SPACE',''
  ) );
#2482 = ORIENTED_EDGE('',*,*,#2338,.T.);
#2483 = ORIENTED_EDGE('',*,*,#1281,.F.);
#2484 = ADVANCED_FACE('',(#2485),#1331,.T.);
#2485 = FACE_BOUND('',#2486,.T.);
#2486 = EDGE_LOOP('',(#2487,#2510,#2532,#2533));
#2487 = ORIENTED_EDGE('',*,*,#2488,.F.);
#2488 = EDGE_CURVE('',#2489,#1315,#2491,.T.);
#2489 = VERTEX_POINT('',#2490);
#2490 = CARTESIAN_POINT('',(190.,77.,0.));
#2491 = SURFACE_CURVE('',#2492,(#2496,#2503),.PCURVE_S1.);
#2492 = LINE('',#2493,#2494);
#2493 = CARTESIAN_POINT('',(190.,77.,0.));
#2494 = VECTOR('',#2495,1.);
#2495 = DIRECTION('',(0.,0.,1.));
#2496 = PCURVE('',#1331,#2497);
#2497 = DEFINITIONAL_REPRESENTATION('',(#2498),#2502);
#2498 = LINE('',#2499,#2500);
#2499 = CARTESIAN_POINT('',(0.,0.));
#2500 = VECTOR('',#2501,1.);
#2501 = DIRECTION('',(0.,1.));
#2502 = ( GEOMETRIC_REPRESENTATION_CONTEXT(2) 
PARAMETRIC_REPRESENTATION_CONTEXT() REPRESENTATION_CONTEXT('2D SPACE',''
  ) );
#2503 = PCURVE('',#1384,#2504);
#2504 = DEFINITIONAL_REPRESENTATION('',(#2505),#2509);
#2505 = LINE('',#2506,#2507);
#2506 = CARTESIAN_POINT('',(0.,-162.));
#2507 = VECTOR('',#2508,1.);
#2508 = DIRECTION('',(1.,0.));
#2509 = ( GEOMETRIC_REPRESENTATION_CONTEXT(2) 
PARAMETRIC_REPRESENTATION_CONTEXT() REPRESENTATION_CONTEXT('2D SPACE',''
  ) );
#2510 = ORIENTED_EDGE('',*,*,#2511,.T.);
#2511 = EDGE_CURVE('',#2489,#2388,#2512,.T.);
#2512 = SURFACE_CURVE('',#2513,(#2518,#2525),.PCURVE_S1.);
#2513 = CIRCLE('',#2514,8.);
#2514 = AXIS2_PLACEMENT_3D('',#2515,#2516,#2517);
#2515 = CARTESIAN_POINT('',(182.,77.,0.));
#2516 = DIRECTION('',(0.,0.,1.));
#2517 = DIRECTION('',(0.,-1.,0.));
#2518 = PCURVE('',#1331,#2519);
#2519 = DEFINITIONAL_REPRESENTATION('',(#2520),#2524);
#2520 = LINE('',#2521,#2522);
#2521 = CARTESIAN_POINT('',(-1.570796326795,0.));
#2522 = VECTOR('',#2523,1.);
#2523 = DIRECTION('',(1.,0.));
#2524 = ( GEOMETRIC_REPRESENTATION_CONTEXT(2) 
PARAMETRIC_REPRESENTATION_CONTEXT() REPRESENTATION_CONTEXT('2D SPACE',''
  ) );
#2525 = PCURVE('',#2195,#2526);
#2526 = DEFINITIONAL_REPRESENTATION('',(#2527),#2531);
#2527 = CIRCLE('',#2528,8.);
#2528 = AXIS2_PLACEMENT_2D('',#2529,#2530);
#2529 = CARTESIAN_POINT('',(372.,162.));
#2530 = DIRECTION('',(0.,-1.));
#2531 = ( GEOMETRIC_REPRESENTATION_CONTEXT(2) 
PARAMETRIC_REPRESENTATION_CONTEXT() REPRESENTATION_CONTEXT('2D SPACE',''
  ) );
#2532 = ORIENTED_EDGE('',*,*,#2387,.T.);
#2533 = ORIENTED_EDGE('',*,*,#1314,.T.);
#2534 = ADVANCED_FACE('',(#2535),#1384,.T.);
#2535 = FACE_BOUND('',#2536,.T.);
#2536 = EDGE_LOOP('',(#2537,#2538,#2559,#2560));
#2537 = ORIENTED_EDGE('',*,*,#2434,.F.);
#2538 = ORIENTED_EDGE('',*,*,#2539,.T.);
#2539 = EDGE_CURVE('',#2435,#2489,#2540,.T.);
#2540 = SURFACE_CURVE('',#2541,(#2545,#2552),.PCURVE_S1.);
#2541 = LINE('',#2542,#2543);
#2542 = CARTESIAN_POINT('',(190.,-85.,0.));
#2543 = VECTOR('',#2544,1.);
#2544 = DIRECTION('',(0.,1.,0.));
#2545 = PCURVE('',#1384,#2546);
#2546 = DEFINITIONAL_REPRESENTATION('',(#2547),#2551);
#2547 = LINE('',#2548,#2549);
#2548 = CARTESIAN_POINT('',(0.,0.));
#2549 = VECTOR('',#2550,1.);
#2550 = DIRECTION('',(0.,-1.));
#2551 = ( GEOMETRIC_REPRESENTATION_CONTEXT(2) 
PARAMETRIC_REPRESENTATION_CONTEXT() REPRESENTATION_CONTEXT('2D SPACE',''
  ) );
#2552 = PCURVE('',#2195,#2553);
#2553 = DEFINITIONAL_REPRESENTATION('',(#2554),#2558);
#2554 = LINE('',#2555,#2556);
#2555 = CARTESIAN_POINT('',(380.,0.));
#2556 = VECTOR('',#2557,1.);
#2557 = DIRECTION('',(0.,1.));
#2558 = ( GEOMETRIC_REPRESENTATION_CONTEXT(2) 
PARAMETRIC_REPRESENTATION_CONTEXT() REPRESENTATION_CONTEXT('2D SPACE',''
  ) );
#2559 = ORIENTED_EDGE('',*,*,#2488,.T.);
#2560 = ORIENTED_EDGE('',*,*,#1370,.T.);
#2561 = ADVANCED_FACE('',(#2562),#1438,.F.);
#2562 = FACE_BOUND('',#2563,.F.);
#2563 = EDGE_LOOP('',(#2564,#2593,#2614,#2615));
#2564 = ORIENTED_EDGE('',*,*,#2565,.T.);
#2565 = EDGE_CURVE('',#2566,#2566,#2568,.T.);
#2566 = VERTEX_POINT('',#2567);
#2567 = CARTESIAN_POINT('',(-47.,-35.,17.5));
#2568 = SURFACE_CURVE('',#2569,(#2574,#2581),.PCURVE_S1.);
#2569 = CIRCLE('',#2570,13.);
#2570 = AXIS2_PLACEMENT_3D('',#2571,#2572,#2573);
#2571 = CARTESIAN_POINT('',(-60.,-35.,17.5));
#2572 = DIRECTION('',(0.,0.,1.));
#2573 = DIRECTION('',(1.,0.,-0.));
#2574 = PCURVE('',#1438,#2575);
#2575 = DEFINITIONAL_REPRESENTATION('',(#2576),#2580);
#2576 = LINE('',#2577,#2578);
#2577 = CARTESIAN_POINT('',(0.,9.5));
#2578 = VECTOR('',#2579,1.);
#2579 = DIRECTION('',(1.,0.));
#2580 = ( GEOMETRIC_REPRESENTATION_CONTEXT(2) 
PARAMETRIC_REPRESENTATION_CONTEXT() REPRESENTATION_CONTEXT('2D SPACE',''
  ) );
#2581 = PCURVE('',#2582,#2587);
#2582 = PLANE('',#2583);
#2583 = AXIS2_PLACEMENT_3D('',#2584,#2585,#2586);
#2584 = CARTESIAN_POINT('',(-60.,-35.,17.5));
#2585 = DIRECTION('',(0.,0.,1.));
#2586 = DIRECTION('',(1.,0.,-0.));
#2587 = DEFINITIONAL_REPRESENTATION('',(#2588),#2592);
#2588 = CIRCLE('',#2589,13.);
#2589 = AXIS2_PLACEMENT_2D('',#2590,#2591);
#2590 = CARTESIAN_POINT('',(0.,0.));
#2591 = DIRECTION('',(1.,0.));
#2592 = ( GEOMETRIC_REPRESENTATION_CONTEXT(2) 
PARAMETRIC_REPRESENTATION_CONTEXT() REPRESENTATION_CONTEXT('2D SPACE',''
  ) );
#2593 = ORIENTED_EDGE('',*,*,#2594,.T.);
#2594 = EDGE_CURVE('',#2566,#1400,#2595,.T.);
#2595 = SEAM_CURVE('',#2596,(#2600,#2607),.PCURVE_S1.);
#2596 = LINE('',#2597,#2598);
#2597 = CARTESIAN_POINT('',(-47.,-35.,8.));
#2598 = VECTOR('',#2599,1.);
#2599 = DIRECTION('',(0.,0.,1.));
#2600 = PCURVE('',#1438,#2601);
#2601 = DEFINITIONAL_REPRESENTATION('',(#2602),#2606);
#2602 = LINE('',#2603,#2604);
#2603 = CARTESIAN_POINT('',(0.,-0.));
#2604 = VECTOR('',#2605,1.);
#2605 = DIRECTION('',(0.,1.));
#2606 = ( GEOMETRIC_REPRESENTATION_CONTEXT(2) 
PARAMETRIC_REPRESENTATION_CONTEXT() REPRESENTATION_CONTEXT('2D SPACE',''
  ) );
#2607 = PCURVE('',#1438,#2608);
#2608 = DEFINITIONAL_REPRESENTATION('',(#2609),#2613);
#2609 = LINE('',#2610,#2611);
#2610 = CARTESIAN_POINT('',(6.28318530718,-0.));
#2611 = VECTOR('',#2612,1.);
#2612 = DIRECTION('',(0.,1.));
#2613 = ( GEOMETRIC_REPRESENTATION_CONTEXT(2) 
PARAMETRIC_REPRESENTATION_CONTEXT() REPRESENTATION_CONTEXT('2D SPACE',''
  ) );
#2614 = ORIENTED_EDGE('',*,*,#1423,.F.);
#2615 = ORIENTED_EDGE('',*,*,#2594,.F.);
#2616 = ADVANCED_FACE('',(#2617),#1492,.F.);
#2617 = FACE_BOUND('',#2618,.F.);
#2618 = EDGE_LOOP('',(#2619,#2648,#2669,#2670));
#2619 = ORIENTED_EDGE('',*,*,#2620,.T.);
#2620 = EDGE_CURVE('',#2621,#2621,#2623,.T.);
#2621 = VERTEX_POINT('',#2622);
#2622 = CARTESIAN_POINT('',(-7.,-35.,17.5));
#2623 = SURFACE_CURVE('',#2624,(#2629,#2636),.PCURVE_S1.);
#2624 = CIRCLE('',#2625,13.);
#2625 = AXIS2_PLACEMENT_3D('',#2626,#2627,#2628);
#2626 = CARTESIAN_POINT('',(-20.,-35.,17.5));
#2627 = DIRECTION('',(0.,0.,1.));
#2628 = DIRECTION('',(1.,0.,-0.));
#2629 = PCURVE('',#1492,#2630);
#2630 = DEFINITIONAL_REPRESENTATION('',(#2631),#2635);
#2631 = LINE('',#2632,#2633);
#2632 = CARTESIAN_POINT('',(0.,9.5));
#2633 = VECTOR('',#2634,1.);
#2634 = DIRECTION('',(1.,0.));
#2635 = ( GEOMETRIC_REPRESENTATION_CONTEXT(2) 
PARAMETRIC_REPRESENTATION_CONTEXT() REPRESENTATION_CONTEXT('2D SPACE',''
  ) );
#2636 = PCURVE('',#2637,#2642);
#2637 = PLANE('',#2638);
#2638 = AXIS2_PLACEMENT_3D('',#2639,#2640,#2641);
#2639 = CARTESIAN_POINT('',(-20.,-35.,17.5));
#2640 = DIRECTION('',(0.,0.,1.));
#2641 = DIRECTION('',(1.,0.,-0.));
#2642 = DEFINITIONAL_REPRESENTATION('',(#2643),#2647);
#2643 = CIRCLE('',#2644,13.);
#2644 = AXIS2_PLACEMENT_2D('',#2645,#2646);
#2645 = CARTESIAN_POINT('',(0.,0.));
#2646 = DIRECTION('',(1.,0.));
#2647 = ( GEOMETRIC_REPRESENTATION_CONTEXT(2) 
PARAMETRIC_REPRESENTATION_CONTEXT() REPRESENTATION_CONTEXT('2D SPACE',''
  ) );
#2648 = ORIENTED_EDGE('',*,*,#2649,.T.);
#2649 = EDGE_CURVE('',#2621,#1454,#2650,.T.);
#2650 = SEAM_CURVE('',#2651,(#2655,#2662),.PCURVE_S1.);
#2651 = LINE('',#2652,#2653);
#2652 = CARTESIAN_POINT('',(-7.,-35.,8.));
#2653 = VECTOR('',#2654,1.);
#2654 = DIRECTION('',(0.,0.,1.));
#2655 = PCURVE('',#1492,#2656);
#2656 = DEFINITIONAL_REPRESENTATION('',(#2657),#2661);
#2657 = LINE('',#2658,#2659);
#2658 = CARTESIAN_POINT('',(0.,-0.));
#2659 = VECTOR('',#2660,1.);
#2660 = DIRECTION('',(0.,1.));
#2661 = ( GEOMETRIC_REPRESENTATION_CONTEXT(2) 
PARAMETRIC_REPRESENTATION_CONTEXT() REPRESENTATION_CONTEXT('2D SPACE',''
  ) );
#2662 = PCURVE('',#1492,#2663);
#2663 = DEFINITIONAL_REPRESENTATION('',(#2664),#2668);
#2664 = LINE('',#2665,#2666);
#2665 = CARTESIAN_POINT('',(6.28318530718,-0.));
#2666 = VECTOR('',#2667,1.);
#2667 = DIRECTION('',(0.,1.));
#2668 = ( GEOMETRIC_REPRESENTATION_CONTEXT(2) 
PARAMETRIC_REPRESENTATION_CONTEXT() REPRESENTATION_CONTEXT('2D SPACE',''
  ) );
#2669 = ORIENTED_EDGE('',*,*,#1477,.F.);
#2670 = ORIENTED_EDGE('',*,*,#2649,.F.);
#2671 = ADVANCED_FACE('',(#2672),#1546,.F.);
#2672 = FACE_BOUND('',#2673,.F.);
#2673 = EDGE_LOOP('',(#2674,#2703,#2724,#2725));
#2674 = ORIENTED_EDGE('',*,*,#2675,.T.);
#2675 = EDGE_CURVE('',#2676,#2676,#2678,.T.);
#2676 = VERTEX_POINT('',#2677);
#2677 = CARTESIAN_POINT('',(33.,-35.,17.5));
#2678 = SURFACE_CURVE('',#2679,(#2684,#2691),.PCURVE_S1.);
#2679 = CIRCLE('',#2680,13.);
#2680 = AXIS2_PLACEMENT_3D('',#2681,#2682,#2683);
#2681 = CARTESIAN_POINT('',(20.,-35.,17.5));
#2682 = DIRECTION('',(0.,0.,1.));
#2683 = DIRECTION('',(1.,0.,-0.));
#2684 = PCURVE('',#1546,#2685);
#2685 = DEFINITIONAL_REPRESENTATION('',(#2686),#2690);
#2686 = LINE('',#2687,#2688);
#2687 = CARTESIAN_POINT('',(0.,9.5));
#2688 = VECTOR('',#2689,1.);
#2689 = DIRECTION('',(1.,0.));
#2690 = ( GEOMETRIC_REPRESENTATION_CONTEXT(2) 
PARAMETRIC_REPRESENTATION_CONTEXT() REPRESENTATION_CONTEXT('2D SPACE',''
  ) );
#2691 = PCURVE('',#2692,#2697);
#2692 = PLANE('',#2693);
#2693 = AXIS2_PLACEMENT_3D('',#2694,#2695,#2696);
#2694 = CARTESIAN_POINT('',(20.,-35.,17.5));
#2695 = DIRECTION('',(0.,0.,1.));
#2696 = DIRECTION('',(1.,0.,-0.));
#2697 = DEFINITIONAL_REPRESENTATION('',(#2698),#2702);
#2698 = CIRCLE('',#2699,13.);
#2699 = AXIS2_PLACEMENT_2D('',#2700,#2701);
#2700 = CARTESIAN_POINT('',(0.,0.));
#2701 = DIRECTION('',(1.,0.));
#2702 = ( GEOMETRIC_REPRESENTATION_CONTEXT(2) 
PARAMETRIC_REPRESENTATION_CONTEXT() REPRESENTATION_CONTEXT('2D SPACE',''
  ) );
#2703 = ORIENTED_EDGE('',*,*,#2704,.T.);
#2704 = EDGE_CURVE('',#2676,#1508,#2705,.T.);
#2705 = SEAM_CURVE('',#2706,(#2710,#2717),.PCURVE_S1.);
#2706 = LINE('',#2707,#2708);
#2707 = CARTESIAN_POINT('',(33.,-35.,8.));
#2708 = VECTOR('',#2709,1.);
#2709 = DIRECTION('',(0.,0.,1.));
#2710 = PCURVE('',#1546,#2711);
#2711 = DEFINITIONAL_REPRESENTATION('',(#2712),#2716);
#2712 = LINE('',#2713,#2714);
#2713 = CARTESIAN_POINT('',(0.,-0.));
#2714 = VECTOR('',#2715,1.);
#2715 = DIRECTION('',(0.,1.));
#2716 = ( GEOMETRIC_REPRESENTATION_CONTEXT(2) 
PARAMETRIC_REPRESENTATION_CONTEXT() REPRESENTATION_CONTEXT('2D SPACE',''
  ) );
#2717 = PCURVE('',#1546,#2718);
#2718 = DEFINITIONAL_REPRESENTATION('',(#2719),#2723);
#2719 = LINE('',#2720,#2721);
#2720 = CARTESIAN_POINT('',(6.28318530718,-0.));
#2721 = VECTOR('',#2722,1.);
#2722 = DIRECTION('',(0.,1.));
#2723 = ( GEOMETRIC_REPRESENTATION_CONTEXT(2) 
PARAMETRIC_REPRESENTATION_CONTEXT() REPRESENTATION_CONTEXT('2D SPACE',''
  ) );
#2724 = ORIENTED_EDGE('',*,*,#1531,.F.);
#2725 = ORIENTED_EDGE('',*,*,#2704,.F.);
#2726 = ADVANCED_FACE('',(#2727),#1600,.F.);
#2727 = FACE_BOUND('',#2728,.F.);
#2728 = EDGE_LOOP('',(#2729,#2758,#2779,#2780));
#2729 = ORIENTED_EDGE('',*,*,#2730,.T.);
#2730 = EDGE_CURVE('',#2731,#2731,#2733,.T.);
#2731 = VERTEX_POINT('',#2732);
#2732 = CARTESIAN_POINT('',(73.,-35.,17.5));
#2733 = SURFACE_CURVE('',#2734,(#2739,#2746),.PCURVE_S1.);
#2734 = CIRCLE('',#2735,13.);
#2735 = AXIS2_PLACEMENT_3D('',#2736,#2737,#2738);
#2736 = CARTESIAN_POINT('',(60.,-35.,17.5));
#2737 = DIRECTION('',(0.,0.,1.));
#2738 = DIRECTION('',(1.,0.,-0.));
#2739 = PCURVE('',#1600,#2740);
#2740 = DEFINITIONAL_REPRESENTATION('',(#2741),#2745);
#2741 = LINE('',#2742,#2743);
#2742 = CARTESIAN_POINT('',(0.,9.5));
#2743 = VECTOR('',#2744,1.);
#2744 = DIRECTION('',(1.,0.));
#2745 = ( GEOMETRIC_REPRESENTATION_CONTEXT(2) 
PARAMETRIC_REPRESENTATION_CONTEXT() REPRESENTATION_CONTEXT('2D SPACE',''
  ) );
#2746 = PCURVE('',#2747,#2752);
#2747 = PLANE('',#2748);
#2748 = AXIS2_PLACEMENT_3D('',#2749,#2750,#2751);
#2749 = CARTESIAN_POINT('',(60.,-35.,17.5));
#2750 = DIRECTION('',(0.,0.,1.));
#2751 = DIRECTION('',(1.,0.,-0.));
#2752 = DEFINITIONAL_REPRESENTATION('',(#2753),#2757);
#2753 = CIRCLE('',#2754,13.);
#2754 = AXIS2_PLACEMENT_2D('',#2755,#2756);
#2755 = CARTESIAN_POINT('',(0.,0.));
#2756 = DIRECTION('',(1.,0.));
#2757 = ( GEOMETRIC_REPRESENTATION_CONTEXT(2) 
PARAMETRIC_REPRESENTATION_CONTEXT() REPRESENTATION_CONTEXT('2D SPACE',''
  ) );
#2758 = ORIENTED_EDGE('',*,*,#2759,.T.);
#2759 = EDGE_CURVE('',#2731,#1562,#2760,.T.);
#2760 = SEAM_CURVE('',#2761,(#2765,#2772),.PCURVE_S1.);
#2761 = LINE('',#2762,#2763);
#2762 = CARTESIAN_POINT('',(73.,-35.,8.));
#2763 = VECTOR('',#2764,1.);
#2764 = DIRECTION('',(0.,0.,1.));
#2765 = PCURVE('',#1600,#2766);
#2766 = DEFINITIONAL_REPRESENTATION('',(#2767),#2771);
#2767 = LINE('',#2768,#2769);
#2768 = CARTESIAN_POINT('',(0.,-0.));
#2769 = VECTOR('',#2770,1.);
#2770 = DIRECTION('',(0.,1.));
#2771 = ( GEOMETRIC_REPRESENTATION_CONTEXT(2) 
PARAMETRIC_REPRESENTATION_CONTEXT() REPRESENTATION_CONTEXT('2D SPACE',''
  ) );
#2772 = PCURVE('',#1600,#2773);
#2773 = DEFINITIONAL_REPRESENTATION('',(#2774),#2778);
#2774 = LINE('',#2775,#2776);
#2775 = CARTESIAN_POINT('',(6.28318530718,-0.));
#2776 = VECTOR('',#2777,1.);
#2777 = DIRECTION('',(0.,1.));
#2778 = ( GEOMETRIC_REPRESENTATION_CONTEXT(2) 
PARAMETRIC_REPRESENTATION_CONTEXT() REPRESENTATION_CONTEXT('2D SPACE',''
  ) );
#2779 = ORIENTED_EDGE('',*,*,#1585,.F.);
#2780 = ORIENTED_EDGE('',*,*,#2759,.F.);
#2781 = ADVANCED_FACE('',(#2782),#1654,.F.);
#2782 = FACE_BOUND('',#2783,.F.);
#2783 = EDGE_LOOP('',(#2784,#2813,#2834,#2835));
#2784 = ORIENTED_EDGE('',*,*,#2785,.T.);
#2785 = EDGE_CURVE('',#2786,#2786,#2788,.T.);
#2786 = VERTEX_POINT('',#2787);
#2787 = CARTESIAN_POINT('',(113.,-35.,17.5));
#2788 = SURFACE_CURVE('',#2789,(#2794,#2801),.PCURVE_S1.);
#2789 = CIRCLE('',#2790,13.);
#2790 = AXIS2_PLACEMENT_3D('',#2791,#2792,#2793);
#2791 = CARTESIAN_POINT('',(100.,-35.,17.5));
#2792 = DIRECTION('',(0.,0.,1.));
#2793 = DIRECTION('',(1.,0.,-0.));
#2794 = PCURVE('',#1654,#2795);
#2795 = DEFINITIONAL_REPRESENTATION('',(#2796),#2800);
#2796 = LINE('',#2797,#2798);
#2797 = CARTESIAN_POINT('',(0.,9.5));
#2798 = VECTOR('',#2799,1.);
#2799 = DIRECTION('',(1.,0.));
#2800 = ( GEOMETRIC_REPRESENTATION_CONTEXT(2) 
PARAMETRIC_REPRESENTATION_CONTEXT() REPRESENTATION_CONTEXT('2D SPACE',''
  ) );
#2801 = PCURVE('',#2802,#2807);
#2802 = PLANE('',#2803);
#2803 = AXIS2_PLACEMENT_3D('',#2804,#2805,#2806);
#2804 = CARTESIAN_POINT('',(100.,-35.,17.5));
#2805 = DIRECTION('',(0.,0.,1.));
#2806 = DIRECTION('',(1.,0.,-0.));
#2807 = DEFINITIONAL_REPRESENTATION('',(#2808),#2812);
#2808 = CIRCLE('',#2809,13.);
#2809 = AXIS2_PLACEMENT_2D('',#2810,#2811);
#2810 = CARTESIAN_POINT('',(0.,0.));
#2811 = DIRECTION('',(1.,0.));
#2812 = ( GEOMETRIC_REPRESENTATION_CONTEXT(2) 
PARAMETRIC_REPRESENTATION_CONTEXT() REPRESENTATION_CONTEXT('2D SPACE',''
  ) );
#2813 = ORIENTED_EDGE('',*,*,#2814,.T.);
#2814 = EDGE_CURVE('',#2786,#1616,#2815,.T.);
#2815 = SEAM_CURVE('',#2816,(#2820,#2827),.PCURVE_S1.);
#2816 = LINE('',#2817,#2818);
#2817 = CARTESIAN_POINT('',(113.,-35.,8.));
#2818 = VECTOR('',#2819,1.);
#2819 = DIRECTION('',(0.,0.,1.));
#2820 = PCURVE('',#1654,#2821);
#2821 = DEFINITIONAL_REPRESENTATION('',(#2822),#2826);
#2822 = LINE('',#2823,#2824);
#2823 = CARTESIAN_POINT('',(0.,-0.));
#2824 = VECTOR('',#2825,1.);
#2825 = DIRECTION('',(0.,1.));
#2826 = ( GEOMETRIC_REPRESENTATION_CONTEXT(2) 
PARAMETRIC_REPRESENTATION_CONTEXT() REPRESENTATION_CONTEXT('2D SPACE',''
  ) );
#2827 = PCURVE('',#1654,#2828);
#2828 = DEFINITIONAL_REPRESENTATION('',(#2829),#2833);
#2829 = LINE('',#2830,#2831);
#2830 = CARTESIAN_POINT('',(6.28318530718,-0.));
#2831 = VECTOR('',#2832,1.);
#2832 = DIRECTION('',(0.,1.));
#2833 = ( GEOMETRIC_REPRESENTATION_CONTEXT(2) 
PARAMETRIC_REPRESENTATION_CONTEXT() REPRESENTATION_CONTEXT('2D SPACE',''
  ) );
#2834 = ORIENTED_EDGE('',*,*,#1639,.F.);
#2835 = ORIENTED_EDGE('',*,*,#2814,.F.);
#2836 = ADVANCED_FACE('',(#2837),#1708,.F.);
#2837 = FACE_BOUND('',#2838,.F.);
#2838 = EDGE_LOOP('',(#2839,#2862,#2863,#2864));
#2839 = ORIENTED_EDGE('',*,*,#2840,.T.);
#2840 = EDGE_CURVE('',#2841,#1670,#2843,.T.);
#2841 = VERTEX_POINT('',#2842);
#2842 = CARTESIAN_POINT('',(-127.5,-6.73555739531E-15,4.));
#2843 = SEAM_CURVE('',#2844,(#2848,#2855),.PCURVE_S1.);
#2844 = LINE('',#2845,#2846);
#2845 = CARTESIAN_POINT('',(-127.5,-6.73555739531E-15,4.));
#2846 = VECTOR('',#2847,1.);
#2847 = DIRECTION('',(0.,0.,1.));
#2848 = PCURVE('',#1708,#2849);
#2849 = DEFINITIONAL_REPRESENTATION('',(#2850),#2854);
#2850 = LINE('',#2851,#2852);
#2851 = CARTESIAN_POINT('',(6.28318530718,-0.));
#2852 = VECTOR('',#2853,1.);
#2853 = DIRECTION('',(0.,1.));
#2854 = ( GEOMETRIC_REPRESENTATION_CONTEXT(2) 
PARAMETRIC_REPRESENTATION_CONTEXT() REPRESENTATION_CONTEXT('2D SPACE',''
  ) );
#2855 = PCURVE('',#1708,#2856);
#2856 = DEFINITIONAL_REPRESENTATION('',(#2857),#2861);
#2857 = LINE('',#2858,#2859);
#2858 = CARTESIAN_POINT('',(0.,-0.));
#2859 = VECTOR('',#2860,1.);
#2860 = DIRECTION('',(0.,1.));
#2861 = ( GEOMETRIC_REPRESENTATION_CONTEXT(2) 
PARAMETRIC_REPRESENTATION_CONTEXT() REPRESENTATION_CONTEXT('2D SPACE',''
  ) );
#2862 = ORIENTED_EDGE('',*,*,#1693,.F.);
#2863 = ORIENTED_EDGE('',*,*,#2840,.F.);
#2864 = ORIENTED_EDGE('',*,*,#2865,.T.);
#2865 = EDGE_CURVE('',#2841,#2841,#2866,.T.);
#2866 = SURFACE_CURVE('',#2867,(#2872,#2879),.PCURVE_S1.);
#2867 = CIRCLE('',#2868,27.5);
#2868 = AXIS2_PLACEMENT_3D('',#2869,#2870,#2871);
#2869 = CARTESIAN_POINT('',(-155.,0.,4.));
#2870 = DIRECTION('',(0.,0.,1.));
#2871 = DIRECTION('',(1.,0.,-0.));
#2872 = PCURVE('',#1708,#2873);
#2873 = DEFINITIONAL_REPRESENTATION('',(#2874),#2878);
#2874 = LINE('',#2875,#2876);
#2875 = CARTESIAN_POINT('',(0.,0.));
#2876 = VECTOR('',#2877,1.);
#2877 = DIRECTION('',(1.,0.));
#2878 = ( GEOMETRIC_REPRESENTATION_CONTEXT(2) 
PARAMETRIC_REPRESENTATION_CONTEXT() REPRESENTATION_CONTEXT('2D SPACE',''
  ) );
#2879 = PCURVE('',#2880,#2885);
#2880 = PLANE('',#2881);
#2881 = AXIS2_PLACEMENT_3D('',#2882,#2883,#2884);
#2882 = CARTESIAN_POINT('',(-155.,0.,4.));
#2883 = DIRECTION('',(0.,0.,1.));
#2884 = DIRECTION('',(1.,0.,-0.));
#2885 = DEFINITIONAL_REPRESENTATION('',(#2886),#2890);
#2886 = CIRCLE('',#2887,27.5);
#2887 = AXIS2_PLACEMENT_2D('',#2888,#2889);
#2888 = CARTESIAN_POINT('',(0.,0.));
#2889 = DIRECTION('',(1.,0.));
#2890 = ( GEOMETRIC_REPRESENTATION_CONTEXT(2) 
PARAMETRIC_REPRESENTATION_CONTEXT() REPRESENTATION_CONTEXT('2D SPACE',''
  ) );
#2891 = ADVANCED_FACE('',(#2892),#1762,.F.);
#2892 = FACE_BOUND('',#2893,.F.);
#2893 = EDGE_LOOP('',(#2894,#2923,#2944,#2945));
#2894 = ORIENTED_EDGE('',*,*,#2895,.T.);
#2895 = EDGE_CURVE('',#2896,#2896,#2898,.T.);
#2896 = VERTEX_POINT('',#2897);
#2897 = CARTESIAN_POINT('',(-87.,35.,17.5));
#2898 = SURFACE_CURVE('',#2899,(#2904,#2911),.PCURVE_S1.);
#2899 = CIRCLE('',#2900,13.);
#2900 = AXIS2_PLACEMENT_3D('',#2901,#2902,#2903);
#2901 = CARTESIAN_POINT('',(-100.,35.,17.5));
#2902 = DIRECTION('',(0.,0.,1.));
#2903 = DIRECTION('',(1.,0.,-0.));
#2904 = PCURVE('',#1762,#2905);
#2905 = DEFINITIONAL_REPRESENTATION('',(#2906),#2910);
#2906 = LINE('',#2907,#2908);
#2907 = CARTESIAN_POINT('',(0.,9.5));
#2908 = VECTOR('',#2909,1.);
#2909 = DIRECTION('',(1.,0.));
#2910 = ( GEOMETRIC_REPRESENTATION_CONTEXT(2) 
PARAMETRIC_REPRESENTATION_CONTEXT() REPRESENTATION_CONTEXT('2D SPACE',''
  ) );
#2911 = PCURVE('',#2912,#2917);
#2912 = PLANE('',#2913);
#2913 = AXIS2_PLACEMENT_3D('',#2914,#2915,#2916);
#2914 = CARTESIAN_POINT('',(-100.,35.,17.5));
#2915 = DIRECTION('',(0.,0.,1.));
#2916 = DIRECTION('',(1.,0.,-0.));
#2917 = DEFINITIONAL_REPRESENTATION('',(#2918),#2922);
#2918 = CIRCLE('',#2919,13.);
#2919 = AXIS2_PLACEMENT_2D('',#2920,#2921);
#2920 = CARTESIAN_POINT('',(0.,0.));
#2921 = DIRECTION('',(1.,0.));
#2922 = ( GEOMETRIC_REPRESENTATION_CONTEXT(2) 
PARAMETRIC_REPRESENTATION_CONTEXT() REPRESENTATION_CONTEXT('2D SPACE',''
  ) );
#2923 = ORIENTED_EDGE('',*,*,#2924,.T.);
#2924 = EDGE_CURVE('',#2896,#1724,#2925,.T.);
#2925 = SEAM_CURVE('',#2926,(#2930,#2937),.PCURVE_S1.);
#2926 = LINE('',#2927,#2928);
#2927 = CARTESIAN_POINT('',(-87.,35.,8.));
#2928 = VECTOR('',#2929,1.);
#2929 = DIRECTION('',(0.,0.,1.));
#2930 = PCURVE('',#1762,#2931);
#2931 = DEFINITIONAL_REPRESENTATION('',(#2932),#2936);
#2932 = LINE('',#2933,#2934);
#2933 = CARTESIAN_POINT('',(0.,-0.));
#2934 = VECTOR('',#2935,1.);
#2935 = DIRECTION('',(0.,1.));
#2936 = ( GEOMETRIC_REPRESENTATION_CONTEXT(2) 
PARAMETRIC_REPRESENTATION_CONTEXT() REPRESENTATION_CONTEXT('2D SPACE',''
  ) );
#2937 = PCURVE('',#1762,#2938);
#2938 = DEFINITIONAL_REPRESENTATION('',(#2939),#2943);
#2939 = LINE('',#2940,#2941);
#2940 = CARTESIAN_POINT('',(6.28318530718,-0.));
#2941 = VECTOR('',#2942,1.);
#2942 = DIRECTION('',(0.,1.));
#2943 = ( GEOMETRIC_REPRESENTATION_CONTEXT(2) 
PARAMETRIC_REPRESENTATION_CONTEXT() REPRESENTATION_CONTEXT('2D SPACE',''
  ) );
#2944 = ORIENTED_EDGE('',*,*,#1747,.F.);
#2945 = ORIENTED_EDGE('',*,*,#2924,.F.);
#2946 = ADVANCED_FACE('',(#2947),#1816,.F.);
#2947 = FACE_BOUND('',#2948,.F.);
#2948 = EDGE_LOOP('',(#2949,#2978,#2999,#3000));
#2949 = ORIENTED_EDGE('',*,*,#2950,.T.);
#2950 = EDGE_CURVE('',#2951,#2951,#2953,.T.);
#2951 = VERTEX_POINT('',#2952);
#2952 = CARTESIAN_POINT('',(-47.,35.,17.5));
#2953 = SURFACE_CURVE('',#2954,(#2959,#2966),.PCURVE_S1.);
#2954 = CIRCLE('',#2955,13.);
#2955 = AXIS2_PLACEMENT_3D('',#2956,#2957,#2958);
#2956 = CARTESIAN_POINT('',(-60.,35.,17.5));
#2957 = DIRECTION('',(0.,0.,1.));
#2958 = DIRECTION('',(1.,0.,-0.));
#2959 = PCURVE('',#1816,#2960);
#2960 = DEFINITIONAL_REPRESENTATION('',(#2961),#2965);
#2961 = LINE('',#2962,#2963);
#2962 = CARTESIAN_POINT('',(0.,9.5));
#2963 = VECTOR('',#2964,1.);
#2964 = DIRECTION('',(1.,0.));
#2965 = ( GEOMETRIC_REPRESENTATION_CONTEXT(2) 
PARAMETRIC_REPRESENTATION_CONTEXT() REPRESENTATION_CONTEXT('2D SPACE',''
  ) );
#2966 = PCURVE('',#2967,#2972);
#2967 = PLANE('',#2968);
#2968 = AXIS2_PLACEMENT_3D('',#2969,#2970,#2971);
#2969 = CARTESIAN_POINT('',(-60.,35.,17.5));
#2970 = DIRECTION('',(0.,0.,1.));
#2971 = DIRECTION('',(1.,0.,-0.));
#2972 = DEFINITIONAL_REPRESENTATION('',(#2973),#2977);
#2973 = CIRCLE('',#2974,13.);
#2974 = AXIS2_PLACEMENT_2D('',#2975,#2976);
#2975 = CARTESIAN_POINT('',(0.,0.));
#2976 = DIRECTION('',(1.,0.));
#2977 = ( GEOMETRIC_REPRESENTATION_CONTEXT(2) 
PARAMETRIC_REPRESENTATION_CONTEXT() REPRESENTATION_CONTEXT('2D SPACE',''
  ) );
#2978 = ORIENTED_EDGE('',*,*,#2979,.T.);
#2979 = EDGE_CURVE('',#2951,#1778,#2980,.T.);
#2980 = SEAM_CURVE('',#2981,(#2985,#2992),.PCURVE_S1.);
#2981 = LINE('',#2982,#2983);
#2982 = CARTESIAN_POINT('',(-47.,35.,8.));
#2983 = VECTOR('',#2984,1.);
#2984 = DIRECTION('',(0.,0.,1.));
#2985 = PCURVE('',#1816,#2986);
#2986 = DEFINITIONAL_REPRESENTATION('',(#2987),#2991);
#2987 = LINE('',#2988,#2989);
#2988 = CARTESIAN_POINT('',(0.,-0.));
#2989 = VECTOR('',#2990,1.);
#2990 = DIRECTION('',(0.,1.));
#2991 = ( GEOMETRIC_REPRESENTATION_CONTEXT(2) 
PARAMETRIC_REPRESENTATION_CONTEXT() REPRESENTATION_CONTEXT('2D SPACE',''
  ) );
#2992 = PCURVE('',#1816,#2993);
#2993 = DEFINITIONAL_REPRESENTATION('',(#2994),#2998);
#2994 = LINE('',#2995,#2996);
#2995 = CARTESIAN_POINT('',(6.28318530718,-0.));
#2996 = VECTOR('',#2997,1.);
#2997 = DIRECTION('',(0.,1.));
#2998 = ( GEOMETRIC_REPRESENTATION_CONTEXT(2) 
PARAMETRIC_REPRESENTATION_CONTEXT() REPRESENTATION_CONTEXT('2D SPACE',''
  ) );
#2999 = ORIENTED_EDGE('',*,*,#1801,.F.);
#3000 = ORIENTED_EDGE('',*,*,#2979,.F.);
#3001 = ADVANCED_FACE('',(#3002),#1870,.F.);
#3002 = FACE_BOUND('',#3003,.F.);
#3003 = EDGE_LOOP('',(#3004,#3033,#3054,#3055));
#3004 = ORIENTED_EDGE('',*,*,#3005,.T.);
#3005 = EDGE_CURVE('',#3006,#3006,#3008,.T.);
#3006 = VERTEX_POINT('',#3007);
#3007 = CARTESIAN_POINT('',(-7.,35.,17.5));
#3008 = SURFACE_CURVE('',#3009,(#3014,#3021),.PCURVE_S1.);
#3009 = CIRCLE('',#3010,13.);
#3010 = AXIS2_PLACEMENT_3D('',#3011,#3012,#3013);
#3011 = CARTESIAN_POINT('',(-20.,35.,17.5));
#3012 = DIRECTION('',(0.,0.,1.));
#3013 = DIRECTION('',(1.,0.,-0.));
#3014 = PCURVE('',#1870,#3015);
#3015 = DEFINITIONAL_REPRESENTATION('',(#3016),#3020);
#3016 = LINE('',#3017,#3018);
#3017 = CARTESIAN_POINT('',(0.,9.5));
#3018 = VECTOR('',#3019,1.);
#3019 = DIRECTION('',(1.,0.));
#3020 = ( GEOMETRIC_REPRESENTATION_CONTEXT(2) 
PARAMETRIC_REPRESENTATION_CONTEXT() REPRESENTATION_CONTEXT('2D SPACE',''
  ) );
#3021 = PCURVE('',#3022,#3027);
#3022 = PLANE('',#3023);
#3023 = AXIS2_PLACEMENT_3D('',#3024,#3025,#3026);
#3024 = CARTESIAN_POINT('',(-20.,35.,17.5));
#3025 = DIRECTION('',(0.,0.,1.));
#3026 = DIRECTION('',(1.,0.,-0.));
#3027 = DEFINITIONAL_REPRESENTATION('',(#3028),#3032);
#3028 = CIRCLE('',#3029,13.);
#3029 = AXIS2_PLACEMENT_2D('',#3030,#3031);
#3030 = CARTESIAN_POINT('',(0.,0.));
#3031 = DIRECTION('',(1.,0.));
#3032 = ( GEOMETRIC_REPRESENTATION_CONTEXT(2) 
PARAMETRIC_REPRESENTATION_CONTEXT() REPRESENTATION_CONTEXT('2D SPACE',''
  ) );
#3033 = ORIENTED_EDGE('',*,*,#3034,.T.);
#3034 = EDGE_CURVE('',#3006,#1832,#3035,.T.);
#3035 = SEAM_CURVE('',#3036,(#3040,#3047),.PCURVE_S1.);
#3036 = LINE('',#3037,#3038);
#3037 = CARTESIAN_POINT('',(-7.,35.,8.));
#3038 = VECTOR('',#3039,1.);
#3039 = DIRECTION('',(0.,0.,1.));
#3040 = PCURVE('',#1870,#3041);
#3041 = DEFINITIONAL_REPRESENTATION('',(#3042),#3046);
#3042 = LINE('',#3043,#3044);
#3043 = CARTESIAN_POINT('',(0.,-0.));
#3044 = VECTOR('',#3045,1.);
#3045 = DIRECTION('',(0.,1.));
#3046 = ( GEOMETRIC_REPRESENTATION_CONTEXT(2) 
PARAMETRIC_REPRESENTATION_CONTEXT() REPRESENTATION_CONTEXT('2D SPACE',''
  ) );
#3047 = PCURVE('',#1870,#3048);
#3048 = DEFINITIONAL_REPRESENTATION('',(#3049),#3053);
#3049 = LINE('',#3050,#3051);
#3050 = CARTESIAN_POINT('',(6.28318530718,-0.));
#3051 = VECTOR('',#3052,1.);
#3052 = DIRECTION('',(0.,1.));
#3053 = ( GEOMETRIC_REPRESENTATION_CONTEXT(2) 
PARAMETRIC_REPRESENTATION_CONTEXT() REPRESENTATION_CONTEXT('2D SPACE',''
  ) );
#3054 = ORIENTED_EDGE('',*,*,#1855,.F.);
#3055 = ORIENTED_EDGE('',*,*,#3034,.F.);
#3056 = ADVANCED_FACE('',(#3057),#1924,.F.);
#3057 = FACE_BOUND('',#3058,.F.);
#3058 = EDGE_LOOP('',(#3059,#3082,#3083,#3084));
#3059 = ORIENTED_EDGE('',*,*,#3060,.T.);
#3060 = EDGE_CURVE('',#3061,#1886,#3063,.T.);
#3061 = VERTEX_POINT('',#3062);
#3062 = CARTESIAN_POINT('',(182.5,-6.73555739531E-15,4.));
#3063 = SEAM_CURVE('',#3064,(#3068,#3075),.PCURVE_S1.);
#3064 = LINE('',#3065,#3066);
#3065 = CARTESIAN_POINT('',(182.5,-6.73555739531E-15,4.));
#3066 = VECTOR('',#3067,1.);
#3067 = DIRECTION('',(0.,0.,1.));
#3068 = PCURVE('',#1924,#3069);
#3069 = DEFINITIONAL_REPRESENTATION('',(#3070),#3074);
#3070 = LINE('',#3071,#3072);
#3071 = CARTESIAN_POINT('',(6.28318530718,-0.));
#3072 = VECTOR('',#3073,1.);
#3073 = DIRECTION('',(0.,1.));
#3074 = ( GEOMETRIC_REPRESENTATION_CONTEXT(2) 
PARAMETRIC_REPRESENTATION_CONTEXT() REPRESENTATION_CONTEXT('2D SPACE',''
  ) );
#3075 = PCURVE('',#1924,#3076);
#3076 = DEFINITIONAL_REPRESENTATION('',(#3077),#3081);
#3077 = LINE('',#3078,#3079);
#3078 = CARTESIAN_POINT('',(0.,-0.));
#3079 = VECTOR('',#3080,1.);
#3080 = DIRECTION('',(0.,1.));
#3081 = ( GEOMETRIC_REPRESENTATION_CONTEXT(2) 
PARAMETRIC_REPRESENTATION_CONTEXT() REPRESENTATION_CONTEXT('2D SPACE',''
  ) );
#3082 = ORIENTED_EDGE('',*,*,#1909,.F.);
#3083 = ORIENTED_EDGE('',*,*,#3060,.F.);
#3084 = ORIENTED_EDGE('',*,*,#3085,.T.);
#3085 = EDGE_CURVE('',#3061,#3061,#3086,.T.);
#3086 = SURFACE_CURVE('',#3087,(#3092,#3099),.PCURVE_S1.);
#3087 = CIRCLE('',#3088,27.5);
#3088 = AXIS2_PLACEMENT_3D('',#3089,#3090,#3091);
#3089 = CARTESIAN_POINT('',(155.,0.,4.));
#3090 = DIRECTION('',(0.,0.,1.));
#3091 = DIRECTION('',(1.,0.,-0.));
#3092 = PCURVE('',#1924,#3093);
#3093 = DEFINITIONAL_REPRESENTATION('',(#3094),#3098);
#3094 = LINE('',#3095,#3096);
#3095 = CARTESIAN_POINT('',(0.,0.));
#3096 = VECTOR('',#3097,1.);
#3097 = DIRECTION('',(1.,0.));
#3098 = ( GEOMETRIC_REPRESENTATION_CONTEXT(2) 
PARAMETRIC_REPRESENTATION_CONTEXT() REPRESENTATION_CONTEXT('2D SPACE',''
  ) );
#3099 = PCURVE('',#3100,#3105);
#3100 = PLANE('',#3101);
#3101 = AXIS2_PLACEMENT_3D('',#3102,#3103,#3104);
#3102 = CARTESIAN_POINT('',(155.,0.,4.));
#3103 = DIRECTION('',(0.,0.,1.));
#3104 = DIRECTION('',(1.,0.,-0.));
#3105 = DEFINITIONAL_REPRESENTATION('',(#3106),#3110);
#3106 = CIRCLE('',#3107,27.5);
#3107 = AXIS2_PLACEMENT_2D('',#3108,#3109);
#3108 = CARTESIAN_POINT('',(0.,0.));
#3109 = DIRECTION('',(1.,0.));
#3110 = ( GEOMETRIC_REPRESENTATION_CONTEXT(2) 
PARAMETRIC_REPRESENTATION_CONTEXT() REPRESENTATION_CONTEXT('2D SPACE',''
  ) );
#3111 = ADVANCED_FACE('',(#3112),#1978,.F.);
#3112 = FACE_BOUND('',#3113,.F.);
#3113 = EDGE_LOOP('',(#3114,#3143,#3164,#3165));
#3114 = ORIENTED_EDGE('',*,*,#3115,.T.);
#3115 = EDGE_CURVE('',#3116,#3116,#3118,.T.);
#3116 = VERTEX_POINT('',#3117);
#3117 = CARTESIAN_POINT('',(33.,35.,17.5));
#3118 = SURFACE_CURVE('',#3119,(#3124,#3131),.PCURVE_S1.);
#3119 = CIRCLE('',#3120,13.);
#3120 = AXIS2_PLACEMENT_3D('',#3121,#3122,#3123);
#3121 = CARTESIAN_POINT('',(20.,35.,17.5));
#3122 = DIRECTION('',(0.,0.,1.));
#3123 = DIRECTION('',(1.,0.,-0.));
#3124 = PCURVE('',#1978,#3125);
#3125 = DEFINITIONAL_REPRESENTATION('',(#3126),#3130);
#3126 = LINE('',#3127,#3128);
#3127 = CARTESIAN_POINT('',(0.,9.5));
#3128 = VECTOR('',#3129,1.);
#3129 = DIRECTION('',(1.,0.));
#3130 = ( GEOMETRIC_REPRESENTATION_CONTEXT(2) 
PARAMETRIC_REPRESENTATION_CONTEXT() REPRESENTATION_CONTEXT('2D SPACE',''
  ) );
#3131 = PCURVE('',#3132,#3137);
#3132 = PLANE('',#3133);
#3133 = AXIS2_PLACEMENT_3D('',#3134,#3135,#3136);
#3134 = CARTESIAN_POINT('',(20.,35.,17.5));
#3135 = DIRECTION('',(0.,0.,1.));
#3136 = DIRECTION('',(1.,0.,-0.));
#3137 = DEFINITIONAL_REPRESENTATION('',(#3138),#3142);
#3138 = CIRCLE('',#3139,13.);
#3139 = AXIS2_PLACEMENT_2D('',#3140,#3141);
#3140 = CARTESIAN_POINT('',(0.,0.));
#3141 = DIRECTION('',(1.,0.));
#3142 = ( GEOMETRIC_REPRESENTATION_CONTEXT(2) 
PARAMETRIC_REPRESENTATION_CONTEXT() REPRESENTATION_CONTEXT('2D SPACE',''
  ) );
#3143 = ORIENTED_EDGE('',*,*,#3144,.T.);
#3144 = EDGE_CURVE('',#3116,#1940,#3145,.T.);
#3145 = SEAM_CURVE('',#3146,(#3150,#3157),.PCURVE_S1.);
#3146 = LINE('',#3147,#3148);
#3147 = CARTESIAN_POINT('',(33.,35.,8.));
#3148 = VECTOR('',#3149,1.);
#3149 = DIRECTION('',(0.,0.,1.));
#3150 = PCURVE('',#1978,#3151);
#3151 = DEFINITIONAL_REPRESENTATION('',(#3152),#3156);
#3152 = LINE('',#3153,#3154);
#3153 = CARTESIAN_POINT('',(0.,-0.));
#3154 = VECTOR('',#3155,1.);
#3155 = DIRECTION('',(0.,1.));
#3156 = ( GEOMETRIC_REPRESENTATION_CONTEXT(2) 
PARAMETRIC_REPRESENTATION_CONTEXT() REPRESENTATION_CONTEXT('2D SPACE',''
  ) );
#3157 = PCURVE('',#1978,#3158);
#3158 = DEFINITIONAL_REPRESENTATION('',(#3159),#3163);
#3159 = LINE('',#3160,#3161);
#3160 = CARTESIAN_POINT('',(6.28318530718,-0.));
#3161 = VECTOR('',#3162,1.);
#3162 = DIRECTION('',(0.,1.));
#3163 = ( GEOMETRIC_REPRESENTATION_CONTEXT(2) 
PARAMETRIC_REPRESENTATION_CONTEXT() REPRESENTATION_CONTEXT('2D SPACE',''
  ) );
#3164 = ORIENTED_EDGE('',*,*,#1963,.F.);
#3165 = ORIENTED_EDGE('',*,*,#3144,.F.);
#3166 = ADVANCED_FACE('',(#3167),#2032,.F.);
#3167 = FACE_BOUND('',#3168,.F.);
#3168 = EDGE_LOOP('',(#3169,#3198,#3219,#3220));
#3169 = ORIENTED_EDGE('',*,*,#3170,.T.);
#3170 = EDGE_CURVE('',#3171,#3171,#3173,.T.);
#3171 = VERTEX_POINT('',#3172);
#3172 = CARTESIAN_POINT('',(73.,35.,17.5));
#3173 = SURFACE_CURVE('',#3174,(#3179,#3186),.PCURVE_S1.);
#3174 = CIRCLE('',#3175,13.);
#3175 = AXIS2_PLACEMENT_3D('',#3176,#3177,#3178);
#3176 = CARTESIAN_POINT('',(60.,35.,17.5));
#3177 = DIRECTION('',(0.,0.,1.));
#3178 = DIRECTION('',(1.,0.,-0.));
#3179 = PCURVE('',#2032,#3180);
#3180 = DEFINITIONAL_REPRESENTATION('',(#3181),#3185);
#3181 = LINE('',#3182,#3183);
#3182 = CARTESIAN_POINT('',(0.,9.5));
#3183 = VECTOR('',#3184,1.);
#3184 = DIRECTION('',(1.,0.));
#3185 = ( GEOMETRIC_REPRESENTATION_CONTEXT(2) 
PARAMETRIC_REPRESENTATION_CONTEXT() REPRESENTATION_CONTEXT('2D SPACE',''
  ) );
#3186 = PCURVE('',#3187,#3192);
#3187 = PLANE('',#3188);
#3188 = AXIS2_PLACEMENT_3D('',#3189,#3190,#3191);
#3189 = CARTESIAN_POINT('',(60.,35.,17.5));
#3190 = DIRECTION('',(0.,0.,1.));
#3191 = DIRECTION('',(1.,0.,-0.));
#3192 = DEFINITIONAL_REPRESENTATION('',(#3193),#3197);
#3193 = CIRCLE('',#3194,13.);
#3194 = AXIS2_PLACEMENT_2D('',#3195,#3196);
#3195 = CARTESIAN_POINT('',(0.,0.));
#3196 = DIRECTION('',(1.,0.));
#3197 = ( GEOMETRIC_REPRESENTATION_CONTEXT(2) 
PARAMETRIC_REPRESENTATION_CONTEXT() REPRESENTATION_CONTEXT('2D SPACE',''
  ) );
#3198 = ORIENTED_EDGE('',*,*,#3199,.T.);
#3199 = EDGE_CURVE('',#3171,#1994,#3200,.T.);
#3200 = SEAM_CURVE('',#3201,(#3205,#3212),.PCURVE_S1.);
#3201 = LINE('',#3202,#3203);
#3202 = CARTESIAN_POINT('',(73.,35.,8.));
#3203 = VECTOR('',#3204,1.);
#3204 = DIRECTION('',(0.,0.,1.));
#3205 = PCURVE('',#2032,#3206);
#3206 = DEFINITIONAL_REPRESENTATION('',(#3207),#3211);
#3207 = LINE('',#3208,#3209);
#3208 = CARTESIAN_POINT('',(0.,-0.));
#3209 = VECTOR('',#3210,1.);
#3210 = DIRECTION('',(0.,1.));
#3211 = ( GEOMETRIC_REPRESENTATION_CONTEXT(2) 
PARAMETRIC_REPRESENTATION_CONTEXT() REPRESENTATION_CONTEXT('2D SPACE',''
  ) );
#3212 = PCURVE('',#2032,#3213);
#3213 = DEFINITIONAL_REPRESENTATION('',(#3214),#3218);
#3214 = LINE('',#3215,#3216);
#3215 = CARTESIAN_POINT('',(6.28318530718,-0.));
#3216 = VECTOR('',#3217,1.);
#3217 = DIRECTION('',(0.,1.));
#3218 = ( GEOMETRIC_REPRESENTATION_CONTEXT(2) 
PARAMETRIC_REPRESENTATION_CONTEXT() REPRESENTATION_CONTEXT('2D SPACE',''
  ) );
#3219 = ORIENTED_EDGE('',*,*,#2017,.F.);
#3220 = ORIENTED_EDGE('',*,*,#3199,.F.);
#3221 = ADVANCED_FACE('',(#3222),#2086,.F.);
#3222 = FACE_BOUND('',#3223,.F.);
#3223 = EDGE_LOOP('',(#3224,#3253,#3274,#3275));
#3224 = ORIENTED_EDGE('',*,*,#3225,.T.);
#3225 = EDGE_CURVE('',#3226,#3226,#3228,.T.);
#3226 = VERTEX_POINT('',#3227);
#3227 = CARTESIAN_POINT('',(113.,35.,17.5));
#3228 = SURFACE_CURVE('',#3229,(#3234,#3241),.PCURVE_S1.);
#3229 = CIRCLE('',#3230,13.);
#3230 = AXIS2_PLACEMENT_3D('',#3231,#3232,#3233);
#3231 = CARTESIAN_POINT('',(100.,35.,17.5));
#3232 = DIRECTION('',(0.,0.,1.));
#3233 = DIRECTION('',(1.,0.,-0.));
#3234 = PCURVE('',#2086,#3235);
#3235 = DEFINITIONAL_REPRESENTATION('',(#3236),#3240);
#3236 = LINE('',#3237,#3238);
#3237 = CARTESIAN_POINT('',(0.,9.5));
#3238 = VECTOR('',#3239,1.);
#3239 = DIRECTION('',(1.,0.));
#3240 = ( GEOMETRIC_REPRESENTATION_CONTEXT(2) 
PARAMETRIC_REPRESENTATION_CONTEXT() REPRESENTATION_CONTEXT('2D SPACE',''
  ) );
#3241 = PCURVE('',#3242,#3247);
#3242 = PLANE('',#3243);
#3243 = AXIS2_PLACEMENT_3D('',#3244,#3245,#3246);
#3244 = CARTESIAN_POINT('',(100.,35.,17.5));
#3245 = DIRECTION('',(0.,0.,1.));
#3246 = DIRECTION('',(1.,0.,-0.));
#3247 = DEFINITIONAL_REPRESENTATION('',(#3248),#3252);
#3248 = CIRCLE('',#3249,13.);
#3249 = AXIS2_PLACEMENT_2D('',#3250,#3251);
#3250 = CARTESIAN_POINT('',(0.,0.));
#3251 = DIRECTION('',(1.,0.));
#3252 = ( GEOMETRIC_REPRESENTATION_CONTEXT(2) 
PARAMETRIC_REPRESENTATION_CONTEXT() REPRESENTATION_CONTEXT('2D SPACE',''
  ) );
#3253 = ORIENTED_EDGE('',*,*,#3254,.T.);
#3254 = EDGE_CURVE('',#3226,#2048,#3255,.T.);
#3255 = SEAM_CURVE('',#3256,(#3260,#3267),.PCURVE_S1.);
#3256 = LINE('',#3257,#3258);
#3257 = CARTESIAN_POINT('',(113.,35.,8.));
#3258 = VECTOR('',#3259,1.);
#3259 = DIRECTION('',(0.,0.,1.));
#3260 = PCURVE('',#2086,#3261);
#3261 = DEFINITIONAL_REPRESENTATION('',(#3262),#3266);
#3262 = LINE('',#3263,#3264);
#3263 = CARTESIAN_POINT('',(0.,-0.));
#3264 = VECTOR('',#3265,1.);
#3265 = DIRECTION('',(0.,1.));
#3266 = ( GEOMETRIC_REPRESENTATION_CONTEXT(2) 
PARAMETRIC_REPRESENTATION_CONTEXT() REPRESENTATION_CONTEXT('2D SPACE',''
  ) );
#3267 = PCURVE('',#2086,#3268);
#3268 = DEFINITIONAL_REPRESENTATION('',(#3269),#3273);
#3269 = LINE('',#3270,#3271);
#3270 = CARTESIAN_POINT('',(6.28318530718,-0.));
#3271 = VECTOR('',#3272,1.);
#3272 = DIRECTION('',(0.,1.));
#3273 = ( GEOMETRIC_REPRESENTATION_CONTEXT(2) 
PARAMETRIC_REPRESENTATION_CONTEXT() REPRESENTATION_CONTEXT('2D SPACE',''
  ) );
#3274 = ORIENTED_EDGE('',*,*,#2071,.F.);
#3275 = ORIENTED_EDGE('',*,*,#3254,.F.);
#3276 = ADVANCED_FACE('',(#3277,#3308),#2118,.F.);
#3277 = FACE_BOUND('',#3278,.F.);
#3278 = EDGE_LOOP('',(#3279));
#3279 = ORIENTED_EDGE('',*,*,#3280,.T.);
#3280 = EDGE_CURVE('',#3281,#3281,#3283,.T.);
#3281 = VERTEX_POINT('',#3282);
#3282 = CARTESIAN_POINT('',(-86.5,-35.,17.5));
#3283 = SURFACE_CURVE('',#3284,(#3289,#3296),.PCURVE_S1.);
#3284 = CIRCLE('',#3285,13.5);
#3285 = AXIS2_PLACEMENT_3D('',#3286,#3287,#3288);
#3286 = CARTESIAN_POINT('',(-100.,-35.,17.5));
#3287 = DIRECTION('',(0.,0.,1.));
#3288 = DIRECTION('',(1.,0.,-0.));
#3289 = PCURVE('',#2118,#3290);
#3290 = DEFINITIONAL_REPRESENTATION('',(#3291),#3295);
#3291 = CIRCLE('',#3292,13.5);
#3292 = AXIS2_PLACEMENT_2D('',#3293,#3294);
#3293 = CARTESIAN_POINT('',(0.,0.));
#3294 = DIRECTION('',(1.,0.));
#3295 = ( GEOMETRIC_REPRESENTATION_CONTEXT(2) 
PARAMETRIC_REPRESENTATION_CONTEXT() REPRESENTATION_CONTEXT('2D SPACE',''
  ) );
#3296 = PCURVE('',#3297,#3302);
#3297 = CYLINDRICAL_SURFACE('',#3298,13.5);
#3298 = AXIS2_PLACEMENT_3D('',#3299,#3300,#3301);
#3299 = CARTESIAN_POINT('',(-100.,-35.,16.5));
#3300 = DIRECTION('',(0.,0.,1.));
#3301 = DIRECTION('',(1.,0.,-0.));
#3302 = DEFINITIONAL_REPRESENTATION('',(#3303),#3307);
#3303 = LINE('',#3304,#3305);
#3304 = CARTESIAN_POINT('',(0.,1.));
#3305 = VECTOR('',#3306,1.);
#3306 = DIRECTION('',(1.,0.));
#3307 = ( GEOMETRIC_REPRESENTATION_CONTEXT(2) 
PARAMETRIC_REPRESENTATION_CONTEXT() REPRESENTATION_CONTEXT('2D SPACE',''
  ) );
#3308 = FACE_BOUND('',#3309,.F.);
#3309 = EDGE_LOOP('',(#3310));
#3310 = ORIENTED_EDGE('',*,*,#2101,.F.);
#3311 = ADVANCED_FACE('',(#3312),#2195,.F.);
#3312 = FACE_BOUND('',#3313,.F.);
#3313 = EDGE_LOOP('',(#3314,#3315,#3316,#3317,#3318,#3319,#3320,#3321));
#3314 = ORIENTED_EDGE('',*,*,#2179,.F.);
#3315 = ORIENTED_EDGE('',*,*,#2233,.T.);
#3316 = ORIENTED_EDGE('',*,*,#2361,.T.);
#3317 = ORIENTED_EDGE('',*,*,#2457,.F.);
#3318 = ORIENTED_EDGE('',*,*,#2539,.T.);
#3319 = ORIENTED_EDGE('',*,*,#2511,.T.);
#3320 = ORIENTED_EDGE('',*,*,#2410,.F.);
#3321 = ORIENTED_EDGE('',*,*,#2283,.F.);
#3322 = ADVANCED_FACE('',(#3323,#3354),#2582,.F.);
#3323 = FACE_BOUND('',#3324,.F.);
#3324 = EDGE_LOOP('',(#3325));
#3325 = ORIENTED_EDGE('',*,*,#3326,.T.);
#3326 = EDGE_CURVE('',#3327,#3327,#3329,.T.);
#3327 = VERTEX_POINT('',#3328);
#3328 = CARTESIAN_POINT('',(-46.5,-35.,17.5));
#3329 = SURFACE_CURVE('',#3330,(#3335,#3342),.PCURVE_S1.);
#3330 = CIRCLE('',#3331,13.5);
#3331 = AXIS2_PLACEMENT_3D('',#3332,#3333,#3334);
#3332 = CARTESIAN_POINT('',(-60.,-35.,17.5));
#3333 = DIRECTION('',(0.,0.,1.));
#3334 = DIRECTION('',(1.,0.,-0.));
#3335 = PCURVE('',#2582,#3336);
#3336 = DEFINITIONAL_REPRESENTATION('',(#3337),#3341);
#3337 = CIRCLE('',#3338,13.5);
#3338 = AXIS2_PLACEMENT_2D('',#3339,#3340);
#3339 = CARTESIAN_POINT('',(0.,0.));
#3340 = DIRECTION('',(1.,0.));
#3341 = ( GEOMETRIC_REPRESENTATION_CONTEXT(2) 
PARAMETRIC_REPRESENTATION_CONTEXT() REPRESENTATION_CONTEXT('2D SPACE',''
  ) );
#3342 = PCURVE('',#3343,#3348);
#3343 = CYLINDRICAL_SURFACE('',#3344,13.5);
#3344 = AXIS2_PLACEMENT_3D('',#3345,#3346,#3347);
#3345 = CARTESIAN_POINT('',(-60.,-35.,16.5));
#3346 = DIRECTION('',(0.,0.,1.));
#3347 = DIRECTION('',(1.,0.,-0.));
#3348 = DEFINITIONAL_REPRESENTATION('',(#3349),#3353);
#3349 = LINE('',#3350,#3351);
#3350 = CARTESIAN_POINT('',(0.,1.));
#3351 = VECTOR('',#3352,1.);
#3352 = DIRECTION('',(1.,0.));
#3353 = ( GEOMETRIC_REPRESENTATION_CONTEXT(2) 
PARAMETRIC_REPRESENTATION_CONTEXT() REPRESENTATION_CONTEXT('2D SPACE',''
  ) );
#3354 = FACE_BOUND('',#3355,.F.);
#3355 = EDGE_LOOP('',(#3356));
#3356 = ORIENTED_EDGE('',*,*,#2565,.F.);
#3357 = ADVANCED_FACE('',(#3358,#3389),#2637,.F.);
#3358 = FACE_BOUND('',#3359,.F.);
#3359 = EDGE_LOOP('',(#3360));
#3360 = ORIENTED_EDGE('',*,*,#3361,.T.);
#3361 = EDGE_CURVE('',#3362,#3362,#3364,.T.);
#3362 = VERTEX_POINT('',#3363);
#3363 = CARTESIAN_POINT('',(-6.5,-35.,17.5));
#3364 = SURFACE_CURVE('',#3365,(#3370,#3377),.PCURVE_S1.);
#3365 = CIRCLE('',#3366,13.5);
#3366 = AXIS2_PLACEMENT_3D('',#3367,#3368,#3369);
#3367 = CARTESIAN_POINT('',(-20.,-35.,17.5));
#3368 = DIRECTION('',(0.,0.,1.));
#3369 = DIRECTION('',(1.,0.,-0.));
#3370 = PCURVE('',#2637,#3371);
#3371 = DEFINITIONAL_REPRESENTATION('',(#3372),#3376);
#3372 = CIRCLE('',#3373,13.5);
#3373 = AXIS2_PLACEMENT_2D('',#3374,#3375);
#3374 = CARTESIAN_POINT('',(0.,0.));
#3375 = DIRECTION('',(1.,0.));
#3376 = ( GEOMETRIC_REPRESENTATION_CONTEXT(2) 
PARAMETRIC_REPRESENTATION_CONTEXT() REPRESENTATION_CONTEXT('2D SPACE',''
  ) );
#3377 = PCURVE('',#3378,#3383);
#3378 = CYLINDRICAL_SURFACE('',#3379,13.5);
#3379 = AXIS2_PLACEMENT_3D('',#3380,#3381,#3382);
#3380 = CARTESIAN_POINT('',(-20.,-35.,16.5));
#3381 = DIRECTION('',(0.,0.,1.));
#3382 = DIRECTION('',(1.,0.,-0.));
#3383 = DEFINITIONAL_REPRESENTATION('',(#3384),#3388);
#3384 = LINE('',#3385,#3386);
#3385 = CARTESIAN_POINT('',(0.,1.));
#3386 = VECTOR('',#3387,1.);
#3387 = DIRECTION('',(1.,0.));
#3388 = ( GEOMETRIC_REPRESENTATION_CONTEXT(2) 
PARAMETRIC_REPRESENTATION_CONTEXT() REPRESENTATION_CONTEXT('2D SPACE',''
  ) );
#3389 = FACE_BOUND('',#3390,.F.);
#3390 = EDGE_LOOP('',(#3391));
#3391 = ORIENTED_EDGE('',*,*,#2620,.F.);
#3392 = ADVANCED_FACE('',(#3393,#3424),#2692,.F.);
#3393 = FACE_BOUND('',#3394,.F.);
#3394 = EDGE_LOOP('',(#3395));
#3395 = ORIENTED_EDGE('',*,*,#3396,.T.);
#3396 = EDGE_CURVE('',#3397,#3397,#3399,.T.);
#3397 = VERTEX_POINT('',#3398);
#3398 = CARTESIAN_POINT('',(33.5,-35.,17.5));
#3399 = SURFACE_CURVE('',#3400,(#3405,#3412),.PCURVE_S1.);
#3400 = CIRCLE('',#3401,13.5);
#3401 = AXIS2_PLACEMENT_3D('',#3402,#3403,#3404);
#3402 = CARTESIAN_POINT('',(20.,-35.,17.5));
#3403 = DIRECTION('',(0.,0.,1.));
#3404 = DIRECTION('',(1.,0.,-0.));
#3405 = PCURVE('',#2692,#3406);
#3406 = DEFINITIONAL_REPRESENTATION('',(#3407),#3411);
#3407 = CIRCLE('',#3408,13.5);
#3408 = AXIS2_PLACEMENT_2D('',#3409,#3410);
#3409 = CARTESIAN_POINT('',(0.,0.));
#3410 = DIRECTION('',(1.,0.));
#3411 = ( GEOMETRIC_REPRESENTATION_CONTEXT(2) 
PARAMETRIC_REPRESENTATION_CONTEXT() REPRESENTATION_CONTEXT('2D SPACE',''
  ) );
#3412 = PCURVE('',#3413,#3418);
#3413 = CYLINDRICAL_SURFACE('',#3414,13.5);
#3414 = AXIS2_PLACEMENT_3D('',#3415,#3416,#3417);
#3415 = CARTESIAN_POINT('',(20.,-35.,16.5));
#3416 = DIRECTION('',(0.,0.,1.));
#3417 = DIRECTION('',(1.,0.,-0.));
#3418 = DEFINITIONAL_REPRESENTATION('',(#3419),#3423);
#3419 = LINE('',#3420,#3421);
#3420 = CARTESIAN_POINT('',(0.,1.));
#3421 = VECTOR('',#3422,1.);
#3422 = DIRECTION('',(1.,0.));
#3423 = ( GEOMETRIC_REPRESENTATION_CONTEXT(2) 
PARAMETRIC_REPRESENTATION_CONTEXT() REPRESENTATION_CONTEXT('2D SPACE',''
  ) );
#3424 = FACE_BOUND('',#3425,.F.);
#3425 = EDGE_LOOP('',(#3426));
#3426 = ORIENTED_EDGE('',*,*,#2675,.F.);
#3427 = ADVANCED_FACE('',(#3428,#3459),#2747,.F.);
#3428 = FACE_BOUND('',#3429,.F.);
#3429 = EDGE_LOOP('',(#3430));
#3430 = ORIENTED_EDGE('',*,*,#3431,.T.);
#3431 = EDGE_CURVE('',#3432,#3432,#3434,.T.);
#3432 = VERTEX_POINT('',#3433);
#3433 = CARTESIAN_POINT('',(73.5,-35.,17.5));
#3434 = SURFACE_CURVE('',#3435,(#3440,#3447),.PCURVE_S1.);
#3435 = CIRCLE('',#3436,13.5);
#3436 = AXIS2_PLACEMENT_3D('',#3437,#3438,#3439);
#3437 = CARTESIAN_POINT('',(60.,-35.,17.5));
#3438 = DIRECTION('',(0.,0.,1.));
#3439 = DIRECTION('',(1.,0.,-0.));
#3440 = PCURVE('',#2747,#3441);
#3441 = DEFINITIONAL_REPRESENTATION('',(#3442),#3446);
#3442 = CIRCLE('',#3443,13.5);
#3443 = AXIS2_PLACEMENT_2D('',#3444,#3445);
#3444 = CARTESIAN_POINT('',(0.,0.));
#3445 = DIRECTION('',(1.,0.));
#3446 = ( GEOMETRIC_REPRESENTATION_CONTEXT(2) 
PARAMETRIC_REPRESENTATION_CONTEXT() REPRESENTATION_CONTEXT('2D SPACE',''
  ) );
#3447 = PCURVE('',#3448,#3453);
#3448 = CYLINDRICAL_SURFACE('',#3449,13.5);
#3449 = AXIS2_PLACEMENT_3D('',#3450,#3451,#3452);
#3450 = CARTESIAN_POINT('',(60.,-35.,16.5));
#3451 = DIRECTION('',(0.,0.,1.));
#3452 = DIRECTION('',(1.,0.,-0.));
#3453 = DEFINITIONAL_REPRESENTATION('',(#3454),#3458);
#3454 = LINE('',#3455,#3456);
#3455 = CARTESIAN_POINT('',(0.,1.));
#3456 = VECTOR('',#3457,1.);
#3457 = DIRECTION('',(1.,0.));
#3458 = ( GEOMETRIC_REPRESENTATION_CONTEXT(2) 
PARAMETRIC_REPRESENTATION_CONTEXT() REPRESENTATION_CONTEXT('2D SPACE',''
  ) );
#3459 = FACE_BOUND('',#3460,.F.);
#3460 = EDGE_LOOP('',(#3461));
#3461 = ORIENTED_EDGE('',*,*,#2730,.F.);
#3462 = ADVANCED_FACE('',(#3463,#3494),#2802,.F.);
#3463 = FACE_BOUND('',#3464,.F.);
#3464 = EDGE_LOOP('',(#3465));
#3465 = ORIENTED_EDGE('',*,*,#3466,.T.);
#3466 = EDGE_CURVE('',#3467,#3467,#3469,.T.);
#3467 = VERTEX_POINT('',#3468);
#3468 = CARTESIAN_POINT('',(113.5,-35.,17.5));
#3469 = SURFACE_CURVE('',#3470,(#3475,#3482),.PCURVE_S1.);
#3470 = CIRCLE('',#3471,13.5);
#3471 = AXIS2_PLACEMENT_3D('',#3472,#3473,#3474);
#3472 = CARTESIAN_POINT('',(100.,-35.,17.5));
#3473 = DIRECTION('',(0.,0.,1.));
#3474 = DIRECTION('',(1.,0.,-0.));
#3475 = PCURVE('',#2802,#3476);
#3476 = DEFINITIONAL_REPRESENTATION('',(#3477),#3481);
#3477 = CIRCLE('',#3478,13.5);
#3478 = AXIS2_PLACEMENT_2D('',#3479,#3480);
#3479 = CARTESIAN_POINT('',(0.,0.));
#3480 = DIRECTION('',(1.,0.));
#3481 = ( GEOMETRIC_REPRESENTATION_CONTEXT(2) 
PARAMETRIC_REPRESENTATION_CONTEXT() REPRESENTATION_CONTEXT('2D SPACE',''
  ) );
#3482 = PCURVE('',#3483,#3488);
#3483 = CYLINDRICAL_SURFACE('',#3484,13.5);
#3484 = AXIS2_PLACEMENT_3D('',#3485,#3486,#3487);
#3485 = CARTESIAN_POINT('',(100.,-35.,16.5));
#3486 = DIRECTION('',(0.,0.,1.));
#3487 = DIRECTION('',(1.,0.,-0.));
#3488 = DEFINITIONAL_REPRESENTATION('',(#3489),#3493);
#3489 = LINE('',#3490,#3491);
#3490 = CARTESIAN_POINT('',(0.,1.));
#3491 = VECTOR('',#3492,1.);
#3492 = DIRECTION('',(1.,0.));
#3493 = ( GEOMETRIC_REPRESENTATION_CONTEXT(2) 
PARAMETRIC_REPRESENTATION_CONTEXT() REPRESENTATION_CONTEXT('2D SPACE',''
  ) );
#3494 = FACE_BOUND('',#3495,.F.);
#3495 = EDGE_LOOP('',(#3496));
#3496 = ORIENTED_EDGE('',*,*,#2785,.F.);
#3497 = ADVANCED_FACE('',(#3498),#2880,.T.);
#3498 = FACE_BOUND('',#3499,.F.);
#3499 = EDGE_LOOP('',(#3500));
#3500 = ORIENTED_EDGE('',*,*,#2865,.F.);
#3501 = ADVANCED_FACE('',(#3502,#3533),#2912,.F.);
#3502 = FACE_BOUND('',#3503,.F.);
#3503 = EDGE_LOOP('',(#3504));
#3504 = ORIENTED_EDGE('',*,*,#3505,.T.);
#3505 = EDGE_CURVE('',#3506,#3506,#3508,.T.);
#3506 = VERTEX_POINT('',#3507);
#3507 = CARTESIAN_POINT('',(-86.5,35.,17.5));
#3508 = SURFACE_CURVE('',#3509,(#3514,#3521),.PCURVE_S1.);
#3509 = CIRCLE('',#3510,13.5);
#3510 = AXIS2_PLACEMENT_3D('',#3511,#3512,#3513);
#3511 = CARTESIAN_POINT('',(-100.,35.,17.5));
#3512 = DIRECTION('',(0.,0.,1.));
#3513 = DIRECTION('',(1.,0.,-0.));
#3514 = PCURVE('',#2912,#3515);
#3515 = DEFINITIONAL_REPRESENTATION('',(#3516),#3520);
#3516 = CIRCLE('',#3517,13.5);
#3517 = AXIS2_PLACEMENT_2D('',#3518,#3519);
#3518 = CARTESIAN_POINT('',(0.,0.));
#3519 = DIRECTION('',(1.,0.));
#3520 = ( GEOMETRIC_REPRESENTATION_CONTEXT(2) 
PARAMETRIC_REPRESENTATION_CONTEXT() REPRESENTATION_CONTEXT('2D SPACE',''
  ) );
#3521 = PCURVE('',#3522,#3527);
#3522 = CYLINDRICAL_SURFACE('',#3523,13.5);
#3523 = AXIS2_PLACEMENT_3D('',#3524,#3525,#3526);
#3524 = CARTESIAN_POINT('',(-100.,35.,16.5));
#3525 = DIRECTION('',(0.,0.,1.));
#3526 = DIRECTION('',(1.,0.,-0.));
#3527 = DEFINITIONAL_REPRESENTATION('',(#3528),#3532);
#3528 = LINE('',#3529,#3530);
#3529 = CARTESIAN_POINT('',(0.,1.));
#3530 = VECTOR('',#3531,1.);
#3531 = DIRECTION('',(1.,0.));
#3532 = ( GEOMETRIC_REPRESENTATION_CONTEXT(2) 
PARAMETRIC_REPRESENTATION_CONTEXT() REPRESENTATION_CONTEXT('2D SPACE',''
  ) );
#3533 = FACE_BOUND('',#3534,.F.);
#3534 = EDGE_LOOP('',(#3535));
#3535 = ORIENTED_EDGE('',*,*,#2895,.F.);
#3536 = ADVANCED_FACE('',(#3537,#3568),#2967,.F.);
#3537 = FACE_BOUND('',#3538,.F.);
#3538 = EDGE_LOOP('',(#3539));
#3539 = ORIENTED_EDGE('',*,*,#3540,.T.);
#3540 = EDGE_CURVE('',#3541,#3541,#3543,.T.);
#3541 = VERTEX_POINT('',#3542);
#3542 = CARTESIAN_POINT('',(-46.5,35.,17.5));
#3543 = SURFACE_CURVE('',#3544,(#3549,#3556),.PCURVE_S1.);
#3544 = CIRCLE('',#3545,13.5);
#3545 = AXIS2_PLACEMENT_3D('',#3546,#3547,#3548);
#3546 = CARTESIAN_POINT('',(-60.,35.,17.5));
#3547 = DIRECTION('',(0.,0.,1.));
#3548 = DIRECTION('',(1.,0.,-0.));
#3549 = PCURVE('',#2967,#3550);
#3550 = DEFINITIONAL_REPRESENTATION('',(#3551),#3555);
#3551 = CIRCLE('',#3552,13.5);
#3552 = AXIS2_PLACEMENT_2D('',#3553,#3554);
#3553 = CARTESIAN_POINT('',(0.,0.));
#3554 = DIRECTION('',(1.,0.));
#3555 = ( GEOMETRIC_REPRESENTATION_CONTEXT(2) 
PARAMETRIC_REPRESENTATION_CONTEXT() REPRESENTATION_CONTEXT('2D SPACE',''
  ) );
#3556 = PCURVE('',#3557,#3562);
#3557 = CYLINDRICAL_SURFACE('',#3558,13.5);
#3558 = AXIS2_PLACEMENT_3D('',#3559,#3560,#3561);
#3559 = CARTESIAN_POINT('',(-60.,35.,16.5));
#3560 = DIRECTION('',(0.,0.,1.));
#3561 = DIRECTION('',(1.,0.,-0.));
#3562 = DEFINITIONAL_REPRESENTATION('',(#3563),#3567);
#3563 = LINE('',#3564,#3565);
#3564 = CARTESIAN_POINT('',(0.,1.));
#3565 = VECTOR('',#3566,1.);
#3566 = DIRECTION('',(1.,0.));
#3567 = ( GEOMETRIC_REPRESENTATION_CONTEXT(2) 
PARAMETRIC_REPRESENTATION_CONTEXT() REPRESENTATION_CONTEXT('2D SPACE',''
  ) );
#3568 = FACE_BOUND('',#3569,.F.);
#3569 = EDGE_LOOP('',(#3570));
#3570 = ORIENTED_EDGE('',*,*,#2950,.F.);
#3571 = ADVANCED_FACE('',(#3572,#3603),#3022,.F.);
#3572 = FACE_BOUND('',#3573,.F.);
#3573 = EDGE_LOOP('',(#3574));
#3574 = ORIENTED_EDGE('',*,*,#3575,.T.);
#3575 = EDGE_CURVE('',#3576,#3576,#3578,.T.);
#3576 = VERTEX_POINT('',#3577);
#3577 = CARTESIAN_POINT('',(-6.5,35.,17.5));
#3578 = SURFACE_CURVE('',#3579,(#3584,#3591),.PCURVE_S1.);
#3579 = CIRCLE('',#3580,13.5);
#3580 = AXIS2_PLACEMENT_3D('',#3581,#3582,#3583);
#3581 = CARTESIAN_POINT('',(-20.,35.,17.5));
#3582 = DIRECTION('',(0.,0.,1.));
#3583 = DIRECTION('',(1.,0.,-0.));
#3584 = PCURVE('',#3022,#3585);
#3585 = DEFINITIONAL_REPRESENTATION('',(#3586),#3590);
#3586 = CIRCLE('',#3587,13.5);
#3587 = AXIS2_PLACEMENT_2D('',#3588,#3589);
#3588 = CARTESIAN_POINT('',(0.,0.));
#3589 = DIRECTION('',(1.,0.));
#3590 = ( GEOMETRIC_REPRESENTATION_CONTEXT(2) 
PARAMETRIC_REPRESENTATION_CONTEXT() REPRESENTATION_CONTEXT('2D SPACE',''
  ) );
#3591 = PCURVE('',#3592,#3597);
#3592 = CYLINDRICAL_SURFACE('',#3593,13.5);
#3593 = AXIS2_PLACEMENT_3D('',#3594,#3595,#3596);
#3594 = CARTESIAN_POINT('',(-20.,35.,16.5));
#3595 = DIRECTION('',(0.,0.,1.));
#3596 = DIRECTION('',(1.,0.,-0.));
#3597 = DEFINITIONAL_REPRESENTATION('',(#3598),#3602);
#3598 = LINE('',#3599,#3600);
#3599 = CARTESIAN_POINT('',(0.,1.));
#3600 = VECTOR('',#3601,1.);
#3601 = DIRECTION('',(1.,0.));
#3602 = ( GEOMETRIC_REPRESENTATION_CONTEXT(2) 
PARAMETRIC_REPRESENTATION_CONTEXT() REPRESENTATION_CONTEXT('2D SPACE',''
  ) );
#3603 = FACE_BOUND('',#3604,.F.);
#3604 = EDGE_LOOP('',(#3605));
#3605 = ORIENTED_EDGE('',*,*,#3005,.F.);
#3606 = ADVANCED_FACE('',(#3607),#3100,.T.);
#3607 = FACE_BOUND('',#3608,.F.);
#3608 = EDGE_LOOP('',(#3609));
#3609 = ORIENTED_EDGE('',*,*,#3085,.F.);
#3610 = ADVANCED_FACE('',(#3611,#3642),#3132,.F.);
#3611 = FACE_BOUND('',#3612,.F.);
#3612 = EDGE_LOOP('',(#3613));
#3613 = ORIENTED_EDGE('',*,*,#3614,.T.);
#3614 = EDGE_CURVE('',#3615,#3615,#3617,.T.);
#3615 = VERTEX_POINT('',#3616);
#3616 = CARTESIAN_POINT('',(33.5,35.,17.5));
#3617 = SURFACE_CURVE('',#3618,(#3623,#3630),.PCURVE_S1.);
#3618 = CIRCLE('',#3619,13.5);
#3619 = AXIS2_PLACEMENT_3D('',#3620,#3621,#3622);
#3620 = CARTESIAN_POINT('',(20.,35.,17.5));
#3621 = DIRECTION('',(0.,0.,1.));
#3622 = DIRECTION('',(1.,0.,-0.));
#3623 = PCURVE('',#3132,#3624);
#3624 = DEFINITIONAL_REPRESENTATION('',(#3625),#3629);
#3625 = CIRCLE('',#3626,13.5);
#3626 = AXIS2_PLACEMENT_2D('',#3627,#3628);
#3627 = CARTESIAN_POINT('',(0.,0.));
#3628 = DIRECTION('',(1.,0.));
#3629 = ( GEOMETRIC_REPRESENTATION_CONTEXT(2) 
PARAMETRIC_REPRESENTATION_CONTEXT() REPRESENTATION_CONTEXT('2D SPACE',''
  ) );
#3630 = PCURVE('',#3631,#3636);
#3631 = CYLINDRICAL_SURFACE('',#3632,13.5);
#3632 = AXIS2_PLACEMENT_3D('',#3633,#3634,#3635);
#3633 = CARTESIAN_POINT('',(20.,35.,16.5));
#3634 = DIRECTION('',(0.,0.,1.));
#3635 = DIRECTION('',(1.,0.,-0.));
#3636 = DEFINITIONAL_REPRESENTATION('',(#3637),#3641);
#3637 = LINE('',#3638,#3639);
#3638 = CARTESIAN_POINT('',(0.,1.));
#3639 = VECTOR('',#3640,1.);
#3640 = DIRECTION('',(1.,0.));
#3641 = ( GEOMETRIC_REPRESENTATION_CONTEXT(2) 
PARAMETRIC_REPRESENTATION_CONTEXT() REPRESENTATION_CONTEXT('2D SPACE',''
  ) );
#3642 = FACE_BOUND('',#3643,.F.);
#3643 = EDGE_LOOP('',(#3644));
#3644 = ORIENTED_EDGE('',*,*,#3115,.F.);
#3645 = ADVANCED_FACE('',(#3646,#3677),#3187,.F.);
#3646 = FACE_BOUND('',#3647,.F.);
#3647 = EDGE_LOOP('',(#3648));
#3648 = ORIENTED_EDGE('',*,*,#3649,.T.);
#3649 = EDGE_CURVE('',#3650,#3650,#3652,.T.);
#3650 = VERTEX_POINT('',#3651);
#3651 = CARTESIAN_POINT('',(73.5,35.,17.5));
#3652 = SURFACE_CURVE('',#3653,(#3658,#3665),.PCURVE_S1.);
#3653 = CIRCLE('',#3654,13.5);
#3654 = AXIS2_PLACEMENT_3D('',#3655,#3656,#3657);
#3655 = CARTESIAN_POINT('',(60.,35.,17.5));
#3656 = DIRECTION('',(0.,0.,1.));
#3657 = DIRECTION('',(1.,0.,-0.));
#3658 = PCURVE('',#3187,#3659);
#3659 = DEFINITIONAL_REPRESENTATION('',(#3660),#3664);
#3660 = CIRCLE('',#3661,13.5);
#3661 = AXIS2_PLACEMENT_2D('',#3662,#3663);
#3662 = CARTESIAN_POINT('',(0.,0.));
#3663 = DIRECTION('',(1.,0.));
#3664 = ( GEOMETRIC_REPRESENTATION_CONTEXT(2) 
PARAMETRIC_REPRESENTATION_CONTEXT() REPRESENTATION_CONTEXT('2D SPACE',''
  ) );
#3665 = PCURVE('',#3666,#3671);
#3666 = CYLINDRICAL_SURFACE('',#3667,13.5);
#3667 = AXIS2_PLACEMENT_3D('',#3668,#3669,#3670);
#3668 = CARTESIAN_POINT('',(60.,35.,16.5));
#3669 = DIRECTION('',(0.,0.,1.));
#3670 = DIRECTION('',(1.,0.,-0.));
#3671 = DEFINITIONAL_REPRESENTATION('',(#3672),#3676);
#3672 = LINE('',#3673,#3674);
#3673 = CARTESIAN_POINT('',(0.,1.));
#3674 = VECTOR('',#3675,1.);
#3675 = DIRECTION('',(1.,0.));
#3676 = ( GEOMETRIC_REPRESENTATION_CONTEXT(2) 
PARAMETRIC_REPRESENTATION_CONTEXT() REPRESENTATION_CONTEXT('2D SPACE',''
  ) );
#3677 = FACE_BOUND('',#3678,.F.);
#3678 = EDGE_LOOP('',(#3679));
#3679 = ORIENTED_EDGE('',*,*,#3170,.F.);
#3680 = ADVANCED_FACE('',(#3681,#3712),#3242,.F.);
#3681 = FACE_BOUND('',#3682,.F.);
#3682 = EDGE_LOOP('',(#3683));
#3683 = ORIENTED_EDGE('',*,*,#3684,.T.);
#3684 = EDGE_CURVE('',#3685,#3685,#3687,.T.);
#3685 = VERTEX_POINT('',#3686);
#3686 = CARTESIAN_POINT('',(113.5,35.,17.5));
#3687 = SURFACE_CURVE('',#3688,(#3693,#3700),.PCURVE_S1.);
#3688 = CIRCLE('',#3689,13.5);
#3689 = AXIS2_PLACEMENT_3D('',#3690,#3691,#3692);
#3690 = CARTESIAN_POINT('',(100.,35.,17.5));
#3691 = DIRECTION('',(0.,0.,1.));
#3692 = DIRECTION('',(1.,0.,-0.));
#3693 = PCURVE('',#3242,#3694);
#3694 = DEFINITIONAL_REPRESENTATION('',(#3695),#3699);
#3695 = CIRCLE('',#3696,13.5);
#3696 = AXIS2_PLACEMENT_2D('',#3697,#3698);
#3697 = CARTESIAN_POINT('',(0.,0.));
#3698 = DIRECTION('',(1.,0.));
#3699 = ( GEOMETRIC_REPRESENTATION_CONTEXT(2) 
PARAMETRIC_REPRESENTATION_CONTEXT() REPRESENTATION_CONTEXT('2D SPACE',''
  ) );
#3700 = PCURVE('',#3701,#3706);
#3701 = CYLINDRICAL_SURFACE('',#3702,13.5);
#3702 = AXIS2_PLACEMENT_3D('',#3703,#3704,#3705);
#3703 = CARTESIAN_POINT('',(100.,35.,16.5));
#3704 = DIRECTION('',(0.,0.,1.));
#3705 = DIRECTION('',(1.,0.,-0.));
#3706 = DEFINITIONAL_REPRESENTATION('',(#3707),#3711);
#3707 = LINE('',#3708,#3709);
#3708 = CARTESIAN_POINT('',(0.,1.));
#3709 = VECTOR('',#3710,1.);
#3710 = DIRECTION('',(1.,0.));
#3711 = ( GEOMETRIC_REPRESENTATION_CONTEXT(2) 
PARAMETRIC_REPRESENTATION_CONTEXT() REPRESENTATION_CONTEXT('2D SPACE',''
  ) );
#3712 = FACE_BOUND('',#3713,.F.);
#3713 = EDGE_LOOP('',(#3714));
#3714 = ORIENTED_EDGE('',*,*,#3225,.F.);
#3715 = ADVANCED_FACE('',(#3716),#3297,.F.);
#3716 = FACE_BOUND('',#3717,.F.);
#3717 = EDGE_LOOP('',(#3718,#3719,#3742,#3769));
#3718 = ORIENTED_EDGE('',*,*,#3280,.F.);
#3719 = ORIENTED_EDGE('',*,*,#3720,.F.);
#3720 = EDGE_CURVE('',#3721,#3281,#3723,.T.);
#3721 = VERTEX_POINT('',#3722);
#3722 = CARTESIAN_POINT('',(-86.5,-35.,16.5));
#3723 = SEAM_CURVE('',#3724,(#3728,#3735),.PCURVE_S1.);
#3724 = LINE('',#3725,#3726);
#3725 = CARTESIAN_POINT('',(-86.5,-35.,16.5));
#3726 = VECTOR('',#3727,1.);
#3727 = DIRECTION('',(0.,0.,1.));
#3728 = PCURVE('',#3297,#3729);
#3729 = DEFINITIONAL_REPRESENTATION('',(#3730),#3734);
#3730 = LINE('',#3731,#3732);
#3731 = CARTESIAN_POINT('',(6.28318530718,-0.));
#3732 = VECTOR('',#3733,1.);
#3733 = DIRECTION('',(0.,1.));
#3734 = ( GEOMETRIC_REPRESENTATION_CONTEXT(2) 
PARAMETRIC_REPRESENTATION_CONTEXT() REPRESENTATION_CONTEXT('2D SPACE',''
  ) );
#3735 = PCURVE('',#3297,#3736);
#3736 = DEFINITIONAL_REPRESENTATION('',(#3737),#3741);
#3737 = LINE('',#3738,#3739);
#3738 = CARTESIAN_POINT('',(0.,-0.));
#3739 = VECTOR('',#3740,1.);
#3740 = DIRECTION('',(0.,1.));
#3741 = ( GEOMETRIC_REPRESENTATION_CONTEXT(2) 
PARAMETRIC_REPRESENTATION_CONTEXT() REPRESENTATION_CONTEXT('2D SPACE',''
  ) );
#3742 = ORIENTED_EDGE('',*,*,#3743,.T.);
#3743 = EDGE_CURVE('',#3721,#3721,#3744,.T.);
#3744 = SURFACE_CURVE('',#3745,(#3750,#3757),.PCURVE_S1.);
#3745 = CIRCLE('',#3746,13.5);
#3746 = AXIS2_PLACEMENT_3D('',#3747,#3748,#3749);
#3747 = CARTESIAN_POINT('',(-100.,-35.,16.5));
#3748 = DIRECTION('',(0.,0.,1.));
#3749 = DIRECTION('',(1.,0.,-0.));
#3750 = PCURVE('',#3297,#3751);
#3751 = DEFINITIONAL_REPRESENTATION('',(#3752),#3756);
#3752 = LINE('',#3753,#3754);
#3753 = CARTESIAN_POINT('',(0.,0.));
#3754 = VECTOR('',#3755,1.);
#3755 = DIRECTION('',(1.,0.));
#3756 = ( GEOMETRIC_REPRESENTATION_CONTEXT(2) 
PARAMETRIC_REPRESENTATION_CONTEXT() REPRESENTATION_CONTEXT('2D SPACE',''
  ) );
#3757 = PCURVE('',#3758,#3763);
#3758 = PLANE('',#3759);
#3759 = AXIS2_PLACEMENT_3D('',#3760,#3761,#3762);
#3760 = CARTESIAN_POINT('',(-100.,-35.,16.5));
#3761 = DIRECTION('',(0.,0.,1.));
#3762 = DIRECTION('',(1.,0.,-0.));
#3763 = DEFINITIONAL_REPRESENTATION('',(#3764),#3768);
#3764 = CIRCLE('',#3765,13.5);
#3765 = AXIS2_PLACEMENT_2D('',#3766,#3767);
#3766 = CARTESIAN_POINT('',(0.,0.));
#3767 = DIRECTION('',(1.,0.));
#3768 = ( GEOMETRIC_REPRESENTATION_CONTEXT(2) 
PARAMETRIC_REPRESENTATION_CONTEXT() REPRESENTATION_CONTEXT('2D SPACE',''
  ) );
#3769 = ORIENTED_EDGE('',*,*,#3720,.T.);
#3770 = ADVANCED_FACE('',(#3771),#3343,.F.);
#3771 = FACE_BOUND('',#3772,.F.);
#3772 = EDGE_LOOP('',(#3773,#3774,#3797,#3824));
#3773 = ORIENTED_EDGE('',*,*,#3326,.F.);
#3774 = ORIENTED_EDGE('',*,*,#3775,.F.);
#3775 = EDGE_CURVE('',#3776,#3327,#3778,.T.);
#3776 = VERTEX_POINT('',#3777);
#3777 = CARTESIAN_POINT('',(-46.5,-35.,16.5));
#3778 = SEAM_CURVE('',#3779,(#3783,#3790),.PCURVE_S1.);
#3779 = LINE('',#3780,#3781);
#3780 = CARTESIAN_POINT('',(-46.5,-35.,16.5));
#3781 = VECTOR('',#3782,1.);
#3782 = DIRECTION('',(0.,0.,1.));
#3783 = PCURVE('',#3343,#3784);
#3784 = DEFINITIONAL_REPRESENTATION('',(#3785),#3789);
#3785 = LINE('',#3786,#3787);
#3786 = CARTESIAN_POINT('',(6.28318530718,-0.));
#3787 = VECTOR('',#3788,1.);
#3788 = DIRECTION('',(0.,1.));
#3789 = ( GEOMETRIC_REPRESENTATION_CONTEXT(2) 
PARAMETRIC_REPRESENTATION_CONTEXT() REPRESENTATION_CONTEXT('2D SPACE',''
  ) );
#3790 = PCURVE('',#3343,#3791);
#3791 = DEFINITIONAL_REPRESENTATION('',(#3792),#3796);
#3792 = LINE('',#3793,#3794);
#3793 = CARTESIAN_POINT('',(0.,-0.));
#3794 = VECTOR('',#3795,1.);
#3795 = DIRECTION('',(0.,1.));
#3796 = ( GEOMETRIC_REPRESENTATION_CONTEXT(2) 
PARAMETRIC_REPRESENTATION_CONTEXT() REPRESENTATION_CONTEXT('2D SPACE',''
  ) );
#3797 = ORIENTED_EDGE('',*,*,#3798,.T.);
#3798 = EDGE_CURVE('',#3776,#3776,#3799,.T.);
#3799 = SURFACE_CURVE('',#3800,(#3805,#3812),.PCURVE_S1.);
#3800 = CIRCLE('',#3801,13.5);
#3801 = AXIS2_PLACEMENT_3D('',#3802,#3803,#3804);
#3802 = CARTESIAN_POINT('',(-60.,-35.,16.5));
#3803 = DIRECTION('',(0.,0.,1.));
#3804 = DIRECTION('',(1.,0.,-0.));
#3805 = PCURVE('',#3343,#3806);
#3806 = DEFINITIONAL_REPRESENTATION('',(#3807),#3811);
#3807 = LINE('',#3808,#3809);
#3808 = CARTESIAN_POINT('',(0.,0.));
#3809 = VECTOR('',#3810,1.);
#3810 = DIRECTION('',(1.,0.));
#3811 = ( GEOMETRIC_REPRESENTATION_CONTEXT(2) 
PARAMETRIC_REPRESENTATION_CONTEXT() REPRESENTATION_CONTEXT('2D SPACE',''
  ) );
#3812 = PCURVE('',#3813,#3818);
#3813 = PLANE('',#3814);
#3814 = AXIS2_PLACEMENT_3D('',#3815,#3816,#3817);
#3815 = CARTESIAN_POINT('',(-60.,-35.,16.5));
#3816 = DIRECTION('',(0.,0.,1.));
#3817 = DIRECTION('',(1.,0.,-0.));
#3818 = DEFINITIONAL_REPRESENTATION('',(#3819),#3823);
#3819 = CIRCLE('',#3820,13.5);
#3820 = AXIS2_PLACEMENT_2D('',#3821,#3822);
#3821 = CARTESIAN_POINT('',(0.,0.));
#3822 = DIRECTION('',(1.,0.));
#3823 = ( GEOMETRIC_REPRESENTATION_CONTEXT(2) 
PARAMETRIC_REPRESENTATION_CONTEXT() REPRESENTATION_CONTEXT('2D SPACE',''
  ) );
#3824 = ORIENTED_EDGE('',*,*,#3775,.T.);
#3825 = ADVANCED_FACE('',(#3826),#3378,.F.);
#3826 = FACE_BOUND('',#3827,.F.);
#3827 = EDGE_LOOP('',(#3828,#3829,#3852,#3879));
#3828 = ORIENTED_EDGE('',*,*,#3361,.F.);
#3829 = ORIENTED_EDGE('',*,*,#3830,.F.);
#3830 = EDGE_CURVE('',#3831,#3362,#3833,.T.);
#3831 = VERTEX_POINT('',#3832);
#3832 = CARTESIAN_POINT('',(-6.5,-35.,16.5));
#3833 = SEAM_CURVE('',#3834,(#3838,#3845),.PCURVE_S1.);
#3834 = LINE('',#3835,#3836);
#3835 = CARTESIAN_POINT('',(-6.5,-35.,16.5));
#3836 = VECTOR('',#3837,1.);
#3837 = DIRECTION('',(0.,0.,1.));
#3838 = PCURVE('',#3378,#3839);
#3839 = DEFINITIONAL_REPRESENTATION('',(#3840),#3844);
#3840 = LINE('',#3841,#3842);
#3841 = CARTESIAN_POINT('',(6.28318530718,-0.));
#3842 = VECTOR('',#3843,1.);
#3843 = DIRECTION('',(0.,1.));
#3844 = ( GEOMETRIC_REPRESENTATION_CONTEXT(2) 
PARAMETRIC_REPRESENTATION_CONTEXT() REPRESENTATION_CONTEXT('2D SPACE',''
  ) );
#3845 = PCURVE('',#3378,#3846);
#3846 = DEFINITIONAL_REPRESENTATION('',(#3847),#3851);
#3847 = LINE('',#3848,#3849);
#3848 = CARTESIAN_POINT('',(0.,-0.));
#3849 = VECTOR('',#3850,1.);
#3850 = DIRECTION('',(0.,1.));
#3851 = ( GEOMETRIC_REPRESENTATION_CONTEXT(2) 
PARAMETRIC_REPRESENTATION_CONTEXT() REPRESENTATION_CONTEXT('2D SPACE',''
  ) );
#3852 = ORIENTED_EDGE('',*,*,#3853,.T.);
#3853 = EDGE_CURVE('',#3831,#3831,#3854,.T.);
#3854 = SURFACE_CURVE('',#3855,(#3860,#3867),.PCURVE_S1.);
#3855 = CIRCLE('',#3856,13.5);
#3856 = AXIS2_PLACEMENT_3D('',#3857,#3858,#3859);
#3857 = CARTESIAN_POINT('',(-20.,-35.,16.5));
#3858 = DIRECTION('',(0.,0.,1.));
#3859 = DIRECTION('',(1.,0.,-0.));
#3860 = PCURVE('',#3378,#3861);
#3861 = DEFINITIONAL_REPRESENTATION('',(#3862),#3866);
#3862 = LINE('',#3863,#3864);
#3863 = CARTESIAN_POINT('',(0.,0.));
#3864 = VECTOR('',#3865,1.);
#3865 = DIRECTION('',(1.,0.));
#3866 = ( GEOMETRIC_REPRESENTATION_CONTEXT(2) 
PARAMETRIC_REPRESENTATION_CONTEXT() REPRESENTATION_CONTEXT('2D SPACE',''
  ) );
#3867 = PCURVE('',#3868,#3873);
#3868 = PLANE('',#3869);
#3869 = AXIS2_PLACEMENT_3D('',#3870,#3871,#3872);
#3870 = CARTESIAN_POINT('',(-20.,-35.,16.5));
#3871 = DIRECTION('',(0.,0.,1.));
#3872 = DIRECTION('',(1.,0.,-0.));
#3873 = DEFINITIONAL_REPRESENTATION('',(#3874),#3878);
#3874 = CIRCLE('',#3875,13.5);
#3875 = AXIS2_PLACEMENT_2D('',#3876,#3877);
#3876 = CARTESIAN_POINT('',(0.,0.));
#3877 = DIRECTION('',(1.,0.));
#3878 = ( GEOMETRIC_REPRESENTATION_CONTEXT(2) 
PARAMETRIC_REPRESENTATION_CONTEXT() REPRESENTATION_CONTEXT('2D SPACE',''
  ) );
#3879 = ORIENTED_EDGE('',*,*,#3830,.T.);
#3880 = ADVANCED_FACE('',(#3881),#3413,.F.);
#3881 = FACE_BOUND('',#3882,.F.);
#3882 = EDGE_LOOP('',(#3883,#3884,#3907,#3934));
#3883 = ORIENTED_EDGE('',*,*,#3396,.F.);
#3884 = ORIENTED_EDGE('',*,*,#3885,.F.);
#3885 = EDGE_CURVE('',#3886,#3397,#3888,.T.);
#3886 = VERTEX_POINT('',#3887);
#3887 = CARTESIAN_POINT('',(33.5,-35.,16.5));
#3888 = SEAM_CURVE('',#3889,(#3893,#3900),.PCURVE_S1.);
#3889 = LINE('',#3890,#3891);
#3890 = CARTESIAN_POINT('',(33.5,-35.,16.5));
#3891 = VECTOR('',#3892,1.);
#3892 = DIRECTION('',(0.,0.,1.));
#3893 = PCURVE('',#3413,#3894);
#3894 = DEFINITIONAL_REPRESENTATION('',(#3895),#3899);
#3895 = LINE('',#3896,#3897);
#3896 = CARTESIAN_POINT('',(6.28318530718,-0.));
#3897 = VECTOR('',#3898,1.);
#3898 = DIRECTION('',(0.,1.));
#3899 = ( GEOMETRIC_REPRESENTATION_CONTEXT(2) 
PARAMETRIC_REPRESENTATION_CONTEXT() REPRESENTATION_CONTEXT('2D SPACE',''
  ) );
#3900 = PCURVE('',#3413,#3901);
#3901 = DEFINITIONAL_REPRESENTATION('',(#3902),#3906);
#3902 = LINE('',#3903,#3904);
#3903 = CARTESIAN_POINT('',(0.,-0.));
#3904 = VECTOR('',#3905,1.);
#3905 = DIRECTION('',(0.,1.));
#3906 = ( GEOMETRIC_REPRESENTATION_CONTEXT(2) 
PARAMETRIC_REPRESENTATION_CONTEXT() REPRESENTATION_CONTEXT('2D SPACE',''
  ) );
#3907 = ORIENTED_EDGE('',*,*,#3908,.T.);
#3908 = EDGE_CURVE('',#3886,#3886,#3909,.T.);
#3909 = SURFACE_CURVE('',#3910,(#3915,#3922),.PCURVE_S1.);
#3910 = CIRCLE('',#3911,13.5);
#3911 = AXIS2_PLACEMENT_3D('',#3912,#3913,#3914);
#3912 = CARTESIAN_POINT('',(20.,-35.,16.5));
#3913 = DIRECTION('',(0.,0.,1.));
#3914 = DIRECTION('',(1.,0.,-0.));
#3915 = PCURVE('',#3413,#3916);
#3916 = DEFINITIONAL_REPRESENTATION('',(#3917),#3921);
#3917 = LINE('',#3918,#3919);
#3918 = CARTESIAN_POINT('',(0.,0.));
#3919 = VECTOR('',#3920,1.);
#3920 = DIRECTION('',(1.,0.));
#3921 = ( GEOMETRIC_REPRESENTATION_CONTEXT(2) 
PARAMETRIC_REPRESENTATION_CONTEXT() REPRESENTATION_CONTEXT('2D SPACE',''
  ) );
#3922 = PCURVE('',#3923,#3928);
#3923 = PLANE('',#3924);
#3924 = AXIS2_PLACEMENT_3D('',#3925,#3926,#3927);
#3925 = CARTESIAN_POINT('',(20.,-35.,16.5));
#3926 = DIRECTION('',(0.,0.,1.));
#3927 = DIRECTION('',(1.,0.,-0.));
#3928 = DEFINITIONAL_REPRESENTATION('',(#3929),#3933);
#3929 = CIRCLE('',#3930,13.5);
#3930 = AXIS2_PLACEMENT_2D('',#3931,#3932);
#3931 = CARTESIAN_POINT('',(0.,0.));
#3932 = DIRECTION('',(1.,0.));
#3933 = ( GEOMETRIC_REPRESENTATION_CONTEXT(2) 
PARAMETRIC_REPRESENTATION_CONTEXT() REPRESENTATION_CONTEXT('2D SPACE',''
  ) );
#3934 = ORIENTED_EDGE('',*,*,#3885,.T.);
#3935 = ADVANCED_FACE('',(#3936),#3448,.F.);
#3936 = FACE_BOUND('',#3937,.F.);
#3937 = EDGE_LOOP('',(#3938,#3939,#3962,#3989));
#3938 = ORIENTED_EDGE('',*,*,#3431,.F.);
#3939 = ORIENTED_EDGE('',*,*,#3940,.F.);
#3940 = EDGE_CURVE('',#3941,#3432,#3943,.T.);
#3941 = VERTEX_POINT('',#3942);
#3942 = CARTESIAN_POINT('',(73.5,-35.,16.5));
#3943 = SEAM_CURVE('',#3944,(#3948,#3955),.PCURVE_S1.);
#3944 = LINE('',#3945,#3946);
#3945 = CARTESIAN_POINT('',(73.5,-35.,16.5));
#3946 = VECTOR('',#3947,1.);
#3947 = DIRECTION('',(0.,0.,1.));
#3948 = PCURVE('',#3448,#3949);
#3949 = DEFINITIONAL_REPRESENTATION('',(#3950),#3954);
#3950 = LINE('',#3951,#3952);
#3951 = CARTESIAN_POINT('',(6.28318530718,-0.));
#3952 = VECTOR('',#3953,1.);
#3953 = DIRECTION('',(0.,1.));
#3954 = ( GEOMETRIC_REPRESENTATION_CONTEXT(2) 
PARAMETRIC_REPRESENTATION_CONTEXT() REPRESENTATION_CONTEXT('2D SPACE',''
  ) );
#3955 = PCURVE('',#3448,#3956);
#3956 = DEFINITIONAL_REPRESENTATION('',(#3957),#3961);
#3957 = LINE('',#3958,#3959);
#3958 = CARTESIAN_POINT('',(0.,-0.));
#3959 = VECTOR('',#3960,1.);
#3960 = DIRECTION('',(0.,1.));
#3961 = ( GEOMETRIC_REPRESENTATION_CONTEXT(2) 
PARAMETRIC_REPRESENTATION_CONTEXT() REPRESENTATION_CONTEXT('2D SPACE',''
  ) );
#3962 = ORIENTED_EDGE('',*,*,#3963,.T.);
#3963 = EDGE_CURVE('',#3941,#3941,#3964,.T.);
#3964 = SURFACE_CURVE('',#3965,(#3970,#3977),.PCURVE_S1.);
#3965 = CIRCLE('',#3966,13.5);
#3966 = AXIS2_PLACEMENT_3D('',#3967,#3968,#3969);
#3967 = CARTESIAN_POINT('',(60.,-35.,16.5));
#3968 = DIRECTION('',(0.,0.,1.));
#3969 = DIRECTION('',(1.,0.,-0.));
#3970 = PCURVE('',#3448,#3971);
#3971 = DEFINITIONAL_REPRESENTATION('',(#3972),#3976);
#3972 = LINE('',#3973,#3974);
#3973 = CARTESIAN_POINT('',(0.,0.));
#3974 = VECTOR('',#3975,1.);
#3975 = DIRECTION('',(1.,0.));
#3976 = ( GEOMETRIC_REPRESENTATION_CONTEXT(2) 
PARAMETRIC_REPRESENTATION_CONTEXT() REPRESENTATION_CONTEXT('2D SPACE',''
  ) );
#3977 = PCURVE('',#3978,#3983);
#3978 = PLANE('',#3979);
#3979 = AXIS2_PLACEMENT_3D('',#3980,#3981,#3982);
#3980 = CARTESIAN_POINT('',(60.,-35.,16.5));
#3981 = DIRECTION('',(0.,0.,1.));
#3982 = DIRECTION('',(1.,0.,-0.));
#3983 = DEFINITIONAL_REPRESENTATION('',(#3984),#3988);
#3984 = CIRCLE('',#3985,13.5);
#3985 = AXIS2_PLACEMENT_2D('',#3986,#3987);
#3986 = CARTESIAN_POINT('',(0.,0.));
#3987 = DIRECTION('',(1.,0.));
#3988 = ( GEOMETRIC_REPRESENTATION_CONTEXT(2) 
PARAMETRIC_REPRESENTATION_CONTEXT() REPRESENTATION_CONTEXT('2D SPACE',''
  ) );
#3989 = ORIENTED_EDGE('',*,*,#3940,.T.);
#3990 = ADVANCED_FACE('',(#3991),#3483,.F.);
#3991 = FACE_BOUND('',#3992,.F.);
#3992 = EDGE_LOOP('',(#3993,#3994,#4017,#4044));
#3993 = ORIENTED_EDGE('',*,*,#3466,.F.);
#3994 = ORIENTED_EDGE('',*,*,#3995,.F.);
#3995 = EDGE_CURVE('',#3996,#3467,#3998,.T.);
#3996 = VERTEX_POINT('',#3997);
#3997 = CARTESIAN_POINT('',(113.5,-35.,16.5));
#3998 = SEAM_CURVE('',#3999,(#4003,#4010),.PCURVE_S1.);
#3999 = LINE('',#4000,#4001);
#4000 = CARTESIAN_POINT('',(113.5,-35.,16.5));
#4001 = VECTOR('',#4002,1.);
#4002 = DIRECTION('',(0.,0.,1.));
#4003 = PCURVE('',#3483,#4004);
#4004 = DEFINITIONAL_REPRESENTATION('',(#4005),#4009);
#4005 = LINE('',#4006,#4007);
#4006 = CARTESIAN_POINT('',(6.28318530718,-0.));
#4007 = VECTOR('',#4008,1.);
#4008 = DIRECTION('',(0.,1.));
#4009 = ( GEOMETRIC_REPRESENTATION_CONTEXT(2) 
PARAMETRIC_REPRESENTATION_CONTEXT() REPRESENTATION_CONTEXT('2D SPACE',''
  ) );
#4010 = PCURVE('',#3483,#4011);
#4011 = DEFINITIONAL_REPRESENTATION('',(#4012),#4016);
#4012 = LINE('',#4013,#4014);
#4013 = CARTESIAN_POINT('',(0.,-0.));
#4014 = VECTOR('',#4015,1.);
#4015 = DIRECTION('',(0.,1.));
#4016 = ( GEOMETRIC_REPRESENTATION_CONTEXT(2) 
PARAMETRIC_REPRESENTATION_CONTEXT() REPRESENTATION_CONTEXT('2D SPACE',''
  ) );
#4017 = ORIENTED_EDGE('',*,*,#4018,.T.);
#4018 = EDGE_CURVE('',#3996,#3996,#4019,.T.);
#4019 = SURFACE_CURVE('',#4020,(#4025,#4032),.PCURVE_S1.);
#4020 = CIRCLE('',#4021,13.5);
#4021 = AXIS2_PLACEMENT_3D('',#4022,#4023,#4024);
#4022 = CARTESIAN_POINT('',(100.,-35.,16.5));
#4023 = DIRECTION('',(0.,0.,1.));
#4024 = DIRECTION('',(1.,0.,-0.));
#4025 = PCURVE('',#3483,#4026);
#4026 = DEFINITIONAL_REPRESENTATION('',(#4027),#4031);
#4027 = LINE('',#4028,#4029);
#4028 = CARTESIAN_POINT('',(0.,0.));
#4029 = VECTOR('',#4030,1.);
#4030 = DIRECTION('',(1.,0.));
#4031 = ( GEOMETRIC_REPRESENTATION_CONTEXT(2) 
PARAMETRIC_REPRESENTATION_CONTEXT() REPRESENTATION_CONTEXT('2D SPACE',''
  ) );
#4032 = PCURVE('',#4033,#4038);
#4033 = PLANE('',#4034);
#4034 = AXIS2_PLACEMENT_3D('',#4035,#4036,#4037);
#4035 = CARTESIAN_POINT('',(100.,-35.,16.5));
#4036 = DIRECTION('',(0.,0.,1.));
#4037 = DIRECTION('',(1.,0.,-0.));
#4038 = DEFINITIONAL_REPRESENTATION('',(#4039),#4043);
#4039 = CIRCLE('',#4040,13.5);
#4040 = AXIS2_PLACEMENT_2D('',#4041,#4042);
#4041 = CARTESIAN_POINT('',(0.,0.));
#4042 = DIRECTION('',(1.,0.));
#4043 = ( GEOMETRIC_REPRESENTATION_CONTEXT(2) 
PARAMETRIC_REPRESENTATION_CONTEXT() REPRESENTATION_CONTEXT('2D SPACE',''
  ) );
#4044 = ORIENTED_EDGE('',*,*,#3995,.T.);
#4045 = ADVANCED_FACE('',(#4046),#3522,.F.);
#4046 = FACE_BOUND('',#4047,.F.);
#4047 = EDGE_LOOP('',(#4048,#4049,#4072,#4099));
#4048 = ORIENTED_EDGE('',*,*,#3505,.F.);
#4049 = ORIENTED_EDGE('',*,*,#4050,.F.);
#4050 = EDGE_CURVE('',#4051,#3506,#4053,.T.);
#4051 = VERTEX_POINT('',#4052);
#4052 = CARTESIAN_POINT('',(-86.5,35.,16.5));
#4053 = SEAM_CURVE('',#4054,(#4058,#4065),.PCURVE_S1.);
#4054 = LINE('',#4055,#4056);
#4055 = CARTESIAN_POINT('',(-86.5,35.,16.5));
#4056 = VECTOR('',#4057,1.);
#4057 = DIRECTION('',(0.,0.,1.));
#4058 = PCURVE('',#3522,#4059);
#4059 = DEFINITIONAL_REPRESENTATION('',(#4060),#4064);
#4060 = LINE('',#4061,#4062);
#4061 = CARTESIAN_POINT('',(6.28318530718,-0.));
#4062 = VECTOR('',#4063,1.);
#4063 = DIRECTION('',(0.,1.));
#4064 = ( GEOMETRIC_REPRESENTATION_CONTEXT(2) 
PARAMETRIC_REPRESENTATION_CONTEXT() REPRESENTATION_CONTEXT('2D SPACE',''
  ) );
#4065 = PCURVE('',#3522,#4066);
#4066 = DEFINITIONAL_REPRESENTATION('',(#4067),#4071);
#4067 = LINE('',#4068,#4069);
#4068 = CARTESIAN_POINT('',(0.,-0.));
#4069 = VECTOR('',#4070,1.);
#4070 = DIRECTION('',(0.,1.));
#4071 = ( GEOMETRIC_REPRESENTATION_CONTEXT(2) 
PARAMETRIC_REPRESENTATION_CONTEXT() REPRESENTATION_CONTEXT('2D SPACE',''
  ) );
#4072 = ORIENTED_EDGE('',*,*,#4073,.T.);
#4073 = EDGE_CURVE('',#4051,#4051,#4074,.T.);
#4074 = SURFACE_CURVE('',#4075,(#4080,#4087),.PCURVE_S1.);
#4075 = CIRCLE('',#4076,13.5);
#4076 = AXIS2_PLACEMENT_3D('',#4077,#4078,#4079);
#4077 = CARTESIAN_POINT('',(-100.,35.,16.5));
#4078 = DIRECTION('',(0.,0.,1.));
#4079 = DIRECTION('',(1.,0.,-0.));
#4080 = PCURVE('',#3522,#4081);
#4081 = DEFINITIONAL_REPRESENTATION('',(#4082),#4086);
#4082 = LINE('',#4083,#4084);
#4083 = CARTESIAN_POINT('',(0.,0.));
#4084 = VECTOR('',#4085,1.);
#4085 = DIRECTION('',(1.,0.));
#4086 = ( GEOMETRIC_REPRESENTATION_CONTEXT(2) 
PARAMETRIC_REPRESENTATION_CONTEXT() REPRESENTATION_CONTEXT('2D SPACE',''
  ) );
#4087 = PCURVE('',#4088,#4093);
#4088 = PLANE('',#4089);
#4089 = AXIS2_PLACEMENT_3D('',#4090,#4091,#4092);
#4090 = CARTESIAN_POINT('',(-100.,35.,16.5));
#4091 = DIRECTION('',(0.,0.,1.));
#4092 = DIRECTION('',(1.,0.,-0.));
#4093 = DEFINITIONAL_REPRESENTATION('',(#4094),#4098);
#4094 = CIRCLE('',#4095,13.5);
#4095 = AXIS2_PLACEMENT_2D('',#4096,#4097);
#4096 = CARTESIAN_POINT('',(0.,0.));
#4097 = DIRECTION('',(1.,0.));
#4098 = ( GEOMETRIC_REPRESENTATION_CONTEXT(2) 
PARAMETRIC_REPRESENTATION_CONTEXT() REPRESENTATION_CONTEXT('2D SPACE',''
  ) );
#4099 = ORIENTED_EDGE('',*,*,#4050,.T.);
#4100 = ADVANCED_FACE('',(#4101),#3557,.F.);
#4101 = FACE_BOUND('',#4102,.F.);
#4102 = EDGE_LOOP('',(#4103,#4104,#4127,#4154));
#4103 = ORIENTED_EDGE('',*,*,#3540,.F.);
#4104 = ORIENTED_EDGE('',*,*,#4105,.F.);
#4105 = EDGE_CURVE('',#4106,#3541,#4108,.T.);
#4106 = VERTEX_POINT('',#4107);
#4107 = CARTESIAN_POINT('',(-46.5,35.,16.5));
#4108 = SEAM_CURVE('',#4109,(#4113,#4120),.PCURVE_S1.);
#4109 = LINE('',#4110,#4111);
#4110 = CARTESIAN_POINT('',(-46.5,35.,16.5));
#4111 = VECTOR('',#4112,1.);
#4112 = DIRECTION('',(0.,0.,1.));
#4113 = PCURVE('',#3557,#4114);
#4114 = DEFINITIONAL_REPRESENTATION('',(#4115),#4119);
#4115 = LINE('',#4116,#4117);
#4116 = CARTESIAN_POINT('',(6.28318530718,-0.));
#4117 = VECTOR('',#4118,1.);
#4118 = DIRECTION('',(0.,1.));
#4119 = ( GEOMETRIC_REPRESENTATION_CONTEXT(2) 
PARAMETRIC_REPRESENTATION_CONTEXT() REPRESENTATION_CONTEXT('2D SPACE',''
  ) );
#4120 = PCURVE('',#3557,#4121);
#4121 = DEFINITIONAL_REPRESENTATION('',(#4122),#4126);
#4122 = LINE('',#4123,#4124);
#4123 = CARTESIAN_POINT('',(0.,-0.));
#4124 = VECTOR('',#4125,1.);
#4125 = DIRECTION('',(0.,1.));
#4126 = ( GEOMETRIC_REPRESENTATION_CONTEXT(2) 
PARAMETRIC_REPRESENTATION_CONTEXT() REPRESENTATION_CONTEXT('2D SPACE',''
  ) );
#4127 = ORIENTED_EDGE('',*,*,#4128,.T.);
#4128 = EDGE_CURVE('',#4106,#4106,#4129,.T.);
#4129 = SURFACE_CURVE('',#4130,(#4135,#4142),.PCURVE_S1.);
#4130 = CIRCLE('',#4131,13.5);
#4131 = AXIS2_PLACEMENT_3D('',#4132,#4133,#4134);
#4132 = CARTESIAN_POINT('',(-60.,35.,16.5));
#4133 = DIRECTION('',(0.,0.,1.));
#4134 = DIRECTION('',(1.,0.,-0.));
#4135 = PCURVE('',#3557,#4136);
#4136 = DEFINITIONAL_REPRESENTATION('',(#4137),#4141);
#4137 = LINE('',#4138,#4139);
#4138 = CARTESIAN_POINT('',(0.,0.));
#4139 = VECTOR('',#4140,1.);
#4140 = DIRECTION('',(1.,0.));
#4141 = ( GEOMETRIC_REPRESENTATION_CONTEXT(2) 
PARAMETRIC_REPRESENTATION_CONTEXT() REPRESENTATION_CONTEXT('2D SPACE',''
  ) );
#4142 = PCURVE('',#4143,#4148);
#4143 = PLANE('',#4144);
#4144 = AXIS2_PLACEMENT_3D('',#4145,#4146,#4147);
#4145 = CARTESIAN_POINT('',(-60.,35.,16.5));
#4146 = DIRECTION('',(0.,0.,1.));
#4147 = DIRECTION('',(1.,0.,-0.));
#4148 = DEFINITIONAL_REPRESENTATION('',(#4149),#4153);
#4149 = CIRCLE('',#4150,13.5);
#4150 = AXIS2_PLACEMENT_2D('',#4151,#4152);
#4151 = CARTESIAN_POINT('',(0.,0.));
#4152 = DIRECTION('',(1.,0.));
#4153 = ( GEOMETRIC_REPRESENTATION_CONTEXT(2) 
PARAMETRIC_REPRESENTATION_CONTEXT() REPRESENTATION_CONTEXT('2D SPACE',''
  ) );
#4154 = ORIENTED_EDGE('',*,*,#4105,.T.);
#4155 = ADVANCED_FACE('',(#4156),#3592,.F.);
#4156 = FACE_BOUND('',#4157,.F.);
#4157 = EDGE_LOOP('',(#4158,#4159,#4182,#4209));
#4158 = ORIENTED_EDGE('',*,*,#3575,.F.);
#4159 = ORIENTED_EDGE('',*,*,#4160,.F.);
#4160 = EDGE_CURVE('',#4161,#3576,#4163,.T.);
#4161 = VERTEX_POINT('',#4162);
#4162 = CARTESIAN_POINT('',(-6.5,35.,16.5));
#4163 = SEAM_CURVE('',#4164,(#4168,#4175),.PCURVE_S1.);
#4164 = LINE('',#4165,#4166);
#4165 = CARTESIAN_POINT('',(-6.5,35.,16.5));
#4166 = VECTOR('',#4167,1.);
#4167 = DIRECTION('',(0.,0.,1.));
#4168 = PCURVE('',#3592,#4169);
#4169 = DEFINITIONAL_REPRESENTATION('',(#4170),#4174);
#4170 = LINE('',#4171,#4172);
#4171 = CARTESIAN_POINT('',(6.28318530718,-0.));
#4172 = VECTOR('',#4173,1.);
#4173 = DIRECTION('',(0.,1.));
#4174 = ( GEOMETRIC_REPRESENTATION_CONTEXT(2) 
PARAMETRIC_REPRESENTATION_CONTEXT() REPRESENTATION_CONTEXT('2D SPACE',''
  ) );
#4175 = PCURVE('',#3592,#4176);
#4176 = DEFINITIONAL_REPRESENTATION('',(#4177),#4181);
#4177 = LINE('',#4178,#4179);
#4178 = CARTESIAN_POINT('',(0.,-0.));
#4179 = VECTOR('',#4180,1.);
#4180 = DIRECTION('',(0.,1.));
#4181 = ( GEOMETRIC_REPRESENTATION_CONTEXT(2) 
PARAMETRIC_REPRESENTATION_CONTEXT() REPRESENTATION_CONTEXT('2D SPACE',''
  ) );
#4182 = ORIENTED_EDGE('',*,*,#4183,.T.);
#4183 = EDGE_CURVE('',#4161,#4161,#4184,.T.);
#4184 = SURFACE_CURVE('',#4185,(#4190,#4197),.PCURVE_S1.);
#4185 = CIRCLE('',#4186,13.5);
#4186 = AXIS2_PLACEMENT_3D('',#4187,#4188,#4189);
#4187 = CARTESIAN_POINT('',(-20.,35.,16.5));
#4188 = DIRECTION('',(0.,0.,1.));
#4189 = DIRECTION('',(1.,0.,-0.));
#4190 = PCURVE('',#3592,#4191);
#4191 = DEFINITIONAL_REPRESENTATION('',(#4192),#4196);
#4192 = LINE('',#4193,#4194);
#4193 = CARTESIAN_POINT('',(0.,0.));
#4194 = VECTOR('',#4195,1.);
#4195 = DIRECTION('',(1.,0.));
#4196 = ( GEOMETRIC_REPRESENTATION_CONTEXT(2) 
PARAMETRIC_REPRESENTATION_CONTEXT() REPRESENTATION_CONTEXT('2D SPACE',''
  ) );
#4197 = PCURVE('',#4198,#4203);
#4198 = PLANE('',#4199);
#4199 = AXIS2_PLACEMENT_3D('',#4200,#4201,#4202);
#4200 = CARTESIAN_POINT('',(-20.,35.,16.5));
#4201 = DIRECTION('',(0.,0.,1.));
#4202 = DIRECTION('',(1.,0.,-0.));
#4203 = DEFINITIONAL_REPRESENTATION('',(#4204),#4208);
#4204 = CIRCLE('',#4205,13.5);
#4205 = AXIS2_PLACEMENT_2D('',#4206,#4207);
#4206 = CARTESIAN_POINT('',(0.,0.));
#4207 = DIRECTION('',(1.,0.));
#4208 = ( GEOMETRIC_REPRESENTATION_CONTEXT(2) 
PARAMETRIC_REPRESENTATION_CONTEXT() REPRESENTATION_CONTEXT('2D SPACE',''
  ) );
#4209 = ORIENTED_EDGE('',*,*,#4160,.T.);
#4210 = ADVANCED_FACE('',(#4211),#3631,.F.);
#4211 = FACE_BOUND('',#4212,.F.);
#4212 = EDGE_LOOP('',(#4213,#4214,#4237,#4264));
#4213 = ORIENTED_EDGE('',*,*,#3614,.F.);
#4214 = ORIENTED_EDGE('',*,*,#4215,.F.);
#4215 = EDGE_CURVE('',#4216,#3615,#4218,.T.);
#4216 = VERTEX_POINT('',#4217);
#4217 = CARTESIAN_POINT('',(33.5,35.,16.5));
#4218 = SEAM_CURVE('',#4219,(#4223,#4230),.PCURVE_S1.);
#4219 = LINE('',#4220,#4221);
#4220 = CARTESIAN_POINT('',(33.5,35.,16.5));
#4221 = VECTOR('',#4222,1.);
#4222 = DIRECTION('',(0.,0.,1.));
#4223 = PCURVE('',#3631,#4224);
#4224 = DEFINITIONAL_REPRESENTATION('',(#4225),#4229);
#4225 = LINE('',#4226,#4227);
#4226 = CARTESIAN_POINT('',(6.28318530718,-0.));
#4227 = VECTOR('',#4228,1.);
#4228 = DIRECTION('',(0.,1.));
#4229 = ( GEOMETRIC_REPRESENTATION_CONTEXT(2) 
PARAMETRIC_REPRESENTATION_CONTEXT() REPRESENTATION_CONTEXT('2D SPACE',''
  ) );
#4230 = PCURVE('',#3631,#4231);
#4231 = DEFINITIONAL_REPRESENTATION('',(#4232),#4236);
#4232 = LINE('',#4233,#4234);
#4233 = CARTESIAN_POINT('',(0.,-0.));
#4234 = VECTOR('',#4235,1.);
#4235 = DIRECTION('',(0.,1.));
#4236 = ( GEOMETRIC_REPRESENTATION_CONTEXT(2) 
PARAMETRIC_REPRESENTATION_CONTEXT() REPRESENTATION_CONTEXT('2D SPACE',''
  ) );
#4237 = ORIENTED_EDGE('',*,*,#4238,.T.);
#4238 = EDGE_CURVE('',#4216,#4216,#4239,.T.);
#4239 = SURFACE_CURVE('',#4240,(#4245,#4252),.PCURVE_S1.);
#4240 = CIRCLE('',#4241,13.5);
#4241 = AXIS2_PLACEMENT_3D('',#4242,#4243,#4244);
#4242 = CARTESIAN_POINT('',(20.,35.,16.5));
#4243 = DIRECTION('',(0.,0.,1.));
#4244 = DIRECTION('',(1.,0.,-0.));
#4245 = PCURVE('',#3631,#4246);
#4246 = DEFINITIONAL_REPRESENTATION('',(#4247),#4251);
#4247 = LINE('',#4248,#4249);
#4248 = CARTESIAN_POINT('',(0.,0.));
#4249 = VECTOR('',#4250,1.);
#4250 = DIRECTION('',(1.,0.));
#4251 = ( GEOMETRIC_REPRESENTATION_CONTEXT(2) 
PARAMETRIC_REPRESENTATION_CONTEXT() REPRESENTATION_CONTEXT('2D SPACE',''
  ) );
#4252 = PCURVE('',#4253,#4258);
#4253 = PLANE('',#4254);
#4254 = AXIS2_PLACEMENT_3D('',#4255,#4256,#4257);
#4255 = CARTESIAN_POINT('',(20.,35.,16.5));
#4256 = DIRECTION('',(0.,0.,1.));
#4257 = DIRECTION('',(1.,0.,-0.));
#4258 = DEFINITIONAL_REPRESENTATION('',(#4259),#4263);
#4259 = CIRCLE('',#4260,13.5);
#4260 = AXIS2_PLACEMENT_2D('',#4261,#4262);
#4261 = CARTESIAN_POINT('',(0.,0.));
#4262 = DIRECTION('',(1.,0.));
#4263 = ( GEOMETRIC_REPRESENTATION_CONTEXT(2) 
PARAMETRIC_REPRESENTATION_CONTEXT() REPRESENTATION_CONTEXT('2D SPACE',''
  ) );
#4264 = ORIENTED_EDGE('',*,*,#4215,.T.);
#4265 = ADVANCED_FACE('',(#4266),#3666,.F.);
#4266 = FACE_BOUND('',#4267,.F.);
#4267 = EDGE_LOOP('',(#4268,#4269,#4292,#4319));
#4268 = ORIENTED_EDGE('',*,*,#3649,.F.);
#4269 = ORIENTED_EDGE('',*,*,#4270,.F.);
#4270 = EDGE_CURVE('',#4271,#3650,#4273,.T.);
#4271 = VERTEX_POINT('',#4272);
#4272 = CARTESIAN_POINT('',(73.5,35.,16.5));
#4273 = SEAM_CURVE('',#4274,(#4278,#4285),.PCURVE_S1.);
#4274 = LINE('',#4275,#4276);
#4275 = CARTESIAN_POINT('',(73.5,35.,16.5));
#4276 = VECTOR('',#4277,1.);
#4277 = DIRECTION('',(0.,0.,1.));
#4278 = PCURVE('',#3666,#4279);
#4279 = DEFINITIONAL_REPRESENTATION('',(#4280),#4284);
#4280 = LINE('',#4281,#4282);
#4281 = CARTESIAN_POINT('',(6.28318530718,-0.));
#4282 = VECTOR('',#4283,1.);
#4283 = DIRECTION('',(0.,1.));
#4284 = ( GEOMETRIC_REPRESENTATION_CONTEXT(2) 
PARAMETRIC_REPRESENTATION_CONTEXT() REPRESENTATION_CONTEXT('2D SPACE',''
  ) );
#4285 = PCURVE('',#3666,#4286);
#4286 = DEFINITIONAL_REPRESENTATION('',(#4287),#4291);
#4287 = LINE('',#4288,#4289);
#4288 = CARTESIAN_POINT('',(0.,-0.));
#4289 = VECTOR('',#4290,1.);
#4290 = DIRECTION('',(0.,1.));
#4291 = ( GEOMETRIC_REPRESENTATION_CONTEXT(2) 
PARAMETRIC_REPRESENTATION_CONTEXT() REPRESENTATION_CONTEXT('2D SPACE',''
  ) );
#4292 = ORIENTED_EDGE('',*,*,#4293,.T.);
#4293 = EDGE_CURVE('',#4271,#4271,#4294,.T.);
#4294 = SURFACE_CURVE('',#4295,(#4300,#4307),.PCURVE_S1.);
#4295 = CIRCLE('',#4296,13.5);
#4296 = AXIS2_PLACEMENT_3D('',#4297,#4298,#4299);
#4297 = CARTESIAN_POINT('',(60.,35.,16.5));
#4298 = DIRECTION('',(0.,0.,1.));
#4299 = DIRECTION('',(1.,0.,-0.));
#4300 = PCURVE('',#3666,#4301);
#4301 = DEFINITIONAL_REPRESENTATION('',(#4302),#4306);
#4302 = LINE('',#4303,#4304);
#4303 = CARTESIAN_POINT('',(0.,0.));
#4304 = VECTOR('',#4305,1.);
#4305 = DIRECTION('',(1.,0.));
#4306 = ( GEOMETRIC_REPRESENTATION_CONTEXT(2) 
PARAMETRIC_REPRESENTATION_CONTEXT() REPRESENTATION_CONTEXT('2D SPACE',''
  ) );
#4307 = PCURVE('',#4308,#4313);
#4308 = PLANE('',#4309);
#4309 = AXIS2_PLACEMENT_3D('',#4310,#4311,#4312);
#4310 = CARTESIAN_POINT('',(60.,35.,16.5));
#4311 = DIRECTION('',(0.,0.,1.));
#4312 = DIRECTION('',(1.,0.,-0.));
#4313 = DEFINITIONAL_REPRESENTATION('',(#4314),#4318);
#4314 = CIRCLE('',#4315,13.5);
#4315 = AXIS2_PLACEMENT_2D('',#4316,#4317);
#4316 = CARTESIAN_POINT('',(0.,0.));
#4317 = DIRECTION('',(1.,0.));
#4318 = ( GEOMETRIC_REPRESENTATION_CONTEXT(2) 
PARAMETRIC_REPRESENTATION_CONTEXT() REPRESENTATION_CONTEXT('2D SPACE',''
  ) );
#4319 = ORIENTED_EDGE('',*,*,#4270,.T.);
#4320 = ADVANCED_FACE('',(#4321),#3701,.F.);
#4321 = FACE_BOUND('',#4322,.F.);
#4322 = EDGE_LOOP('',(#4323,#4324,#4347,#4374));
#4323 = ORIENTED_EDGE('',*,*,#3684,.F.);
#4324 = ORIENTED_EDGE('',*,*,#4325,.F.);
#4325 = EDGE_CURVE('',#4326,#3685,#4328,.T.);
#4326 = VERTEX_POINT('',#4327);
#4327 = CARTESIAN_POINT('',(113.5,35.,16.5));
#4328 = SEAM_CURVE('',#4329,(#4333,#4340),.PCURVE_S1.);
#4329 = LINE('',#4330,#4331);
#4330 = CARTESIAN_POINT('',(113.5,35.,16.5));
#4331 = VECTOR('',#4332,1.);
#4332 = DIRECTION('',(0.,0.,1.));
#4333 = PCURVE('',#3701,#4334);
#4334 = DEFINITIONAL_REPRESENTATION('',(#4335),#4339);
#4335 = LINE('',#4336,#4337);
#4336 = CARTESIAN_POINT('',(6.28318530718,-0.));
#4337 = VECTOR('',#4338,1.);
#4338 = DIRECTION('',(0.,1.));
#4339 = ( GEOMETRIC_REPRESENTATION_CONTEXT(2) 
PARAMETRIC_REPRESENTATION_CONTEXT() REPRESENTATION_CONTEXT('2D SPACE',''
  ) );
#4340 = PCURVE('',#3701,#4341);
#4341 = DEFINITIONAL_REPRESENTATION('',(#4342),#4346);
#4342 = LINE('',#4343,#4344);
#4343 = CARTESIAN_POINT('',(0.,-0.));
#4344 = VECTOR('',#4345,1.);
#4345 = DIRECTION('',(0.,1.));
#4346 = ( GEOMETRIC_REPRESENTATION_CONTEXT(2) 
PARAMETRIC_REPRESENTATION_CONTEXT() REPRESENTATION_CONTEXT('2D SPACE',''
  ) );
#4347 = ORIENTED_EDGE('',*,*,#4348,.T.);
#4348 = EDGE_CURVE('',#4326,#4326,#4349,.T.);
#4349 = SURFACE_CURVE('',#4350,(#4355,#4362),.PCURVE_S1.);
#4350 = CIRCLE('',#4351,13.5);
#4351 = AXIS2_PLACEMENT_3D('',#4352,#4353,#4354);
#4352 = CARTESIAN_POINT('',(100.,35.,16.5));
#4353 = DIRECTION('',(0.,0.,1.));
#4354 = DIRECTION('',(1.,0.,-0.));
#4355 = PCURVE('',#3701,#4356);
#4356 = DEFINITIONAL_REPRESENTATION('',(#4357),#4361);
#4357 = LINE('',#4358,#4359);
#4358 = CARTESIAN_POINT('',(0.,0.));
#4359 = VECTOR('',#4360,1.);
#4360 = DIRECTION('',(1.,0.));
#4361 = ( GEOMETRIC_REPRESENTATION_CONTEXT(2) 
PARAMETRIC_REPRESENTATION_CONTEXT() REPRESENTATION_CONTEXT('2D SPACE',''
  ) );
#4362 = PCURVE('',#4363,#4368);
#4363 = PLANE('',#4364);
#4364 = AXIS2_PLACEMENT_3D('',#4365,#4366,#4367);
#4365 = CARTESIAN_POINT('',(100.,35.,16.5));
#4366 = DIRECTION('',(0.,0.,1.));
#4367 = DIRECTION('',(1.,0.,-0.));
#4368 = DEFINITIONAL_REPRESENTATION('',(#4369),#4373);
#4369 = CIRCLE('',#4370,13.5);
#4370 = AXIS2_PLACEMENT_2D('',#4371,#4372);
#4371 = CARTESIAN_POINT('',(0.,0.));
#4372 = DIRECTION('',(1.,0.));
#4373 = ( GEOMETRIC_REPRESENTATION_CONTEXT(2) 
PARAMETRIC_REPRESENTATION_CONTEXT() REPRESENTATION_CONTEXT('2D SPACE',''
  ) );
#4374 = ORIENTED_EDGE('',*,*,#4325,.T.);
#4375 = ADVANCED_FACE('',(#4376,#4379),#3758,.T.);
#4376 = FACE_BOUND('',#4377,.T.);
#4377 = EDGE_LOOP('',(#4378));
#4378 = ORIENTED_EDGE('',*,*,#3743,.T.);
#4379 = FACE_BOUND('',#4380,.T.);
#4380 = EDGE_LOOP('',(#4381));
#4381 = ORIENTED_EDGE('',*,*,#4382,.F.);
#4382 = EDGE_CURVE('',#4383,#4383,#4385,.T.);
#4383 = VERTEX_POINT('',#4384);
#4384 = CARTESIAN_POINT('',(-87.,-35.,16.5));
#4385 = SURFACE_CURVE('',#4386,(#4391,#4398),.PCURVE_S1.);
#4386 = CIRCLE('',#4387,13.);
#4387 = AXIS2_PLACEMENT_3D('',#4388,#4389,#4390);
#4388 = CARTESIAN_POINT('',(-100.,-35.,16.5));
#4389 = DIRECTION('',(0.,0.,1.));
#4390 = DIRECTION('',(1.,0.,-0.));
#4391 = PCURVE('',#3758,#4392);
#4392 = DEFINITIONAL_REPRESENTATION('',(#4393),#4397);
#4393 = CIRCLE('',#4394,13.);
#4394 = AXIS2_PLACEMENT_2D('',#4395,#4396);
#4395 = CARTESIAN_POINT('',(0.,0.));
#4396 = DIRECTION('',(1.,0.));
#4397 = ( GEOMETRIC_REPRESENTATION_CONTEXT(2) 
PARAMETRIC_REPRESENTATION_CONTEXT() REPRESENTATION_CONTEXT('2D SPACE',''
  ) );
#4398 = PCURVE('',#4399,#4404);
#4399 = CYLINDRICAL_SURFACE('',#4400,13.);
#4400 = AXIS2_PLACEMENT_3D('',#4401,#4402,#4403);
#4401 = CARTESIAN_POINT('',(-100.,-35.,8.));
#4402 = DIRECTION('',(0.,0.,1.));
#4403 = DIRECTION('',(1.,0.,-0.));
#4404 = DEFINITIONAL_REPRESENTATION('',(#4405),#4409);
#4405 = LINE('',#4406,#4407);
#4406 = CARTESIAN_POINT('',(0.,8.5));
#4407 = VECTOR('',#4408,1.);
#4408 = DIRECTION('',(1.,0.));
#4409 = ( GEOMETRIC_REPRESENTATION_CONTEXT(2) 
PARAMETRIC_REPRESENTATION_CONTEXT() REPRESENTATION_CONTEXT('2D SPACE',''
  ) );
#4410 = ADVANCED_FACE('',(#4411,#4414),#3813,.T.);
#4411 = FACE_BOUND('',#4412,.T.);
#4412 = EDGE_LOOP('',(#4413));
#4413 = ORIENTED_EDGE('',*,*,#3798,.T.);
#4414 = FACE_BOUND('',#4415,.T.);
#4415 = EDGE_LOOP('',(#4416));
#4416 = ORIENTED_EDGE('',*,*,#4417,.F.);
#4417 = EDGE_CURVE('',#4418,#4418,#4420,.T.);
#4418 = VERTEX_POINT('',#4419);
#4419 = CARTESIAN_POINT('',(-47.,-35.,16.5));
#4420 = SURFACE_CURVE('',#4421,(#4426,#4433),.PCURVE_S1.);
#4421 = CIRCLE('',#4422,13.);
#4422 = AXIS2_PLACEMENT_3D('',#4423,#4424,#4425);
#4423 = CARTESIAN_POINT('',(-60.,-35.,16.5));
#4424 = DIRECTION('',(0.,0.,1.));
#4425 = DIRECTION('',(1.,0.,-0.));
#4426 = PCURVE('',#3813,#4427);
#4427 = DEFINITIONAL_REPRESENTATION('',(#4428),#4432);
#4428 = CIRCLE('',#4429,13.);
#4429 = AXIS2_PLACEMENT_2D('',#4430,#4431);
#4430 = CARTESIAN_POINT('',(0.,0.));
#4431 = DIRECTION('',(1.,0.));
#4432 = ( GEOMETRIC_REPRESENTATION_CONTEXT(2) 
PARAMETRIC_REPRESENTATION_CONTEXT() REPRESENTATION_CONTEXT('2D SPACE',''
  ) );
#4433 = PCURVE('',#4434,#4439);
#4434 = CYLINDRICAL_SURFACE('',#4435,13.);
#4435 = AXIS2_PLACEMENT_3D('',#4436,#4437,#4438);
#4436 = CARTESIAN_POINT('',(-60.,-35.,8.));
#4437 = DIRECTION('',(0.,0.,1.));
#4438 = DIRECTION('',(1.,0.,-0.));
#4439 = DEFINITIONAL_REPRESENTATION('',(#4440),#4444);
#4440 = LINE('',#4441,#4442);
#4441 = CARTESIAN_POINT('',(0.,8.5));
#4442 = VECTOR('',#4443,1.);
#4443 = DIRECTION('',(1.,0.));
#4444 = ( GEOMETRIC_REPRESENTATION_CONTEXT(2) 
PARAMETRIC_REPRESENTATION_CONTEXT() REPRESENTATION_CONTEXT('2D SPACE',''
  ) );
#4445 = ADVANCED_FACE('',(#4446,#4449),#3868,.T.);
#4446 = FACE_BOUND('',#4447,.T.);
#4447 = EDGE_LOOP('',(#4448));
#4448 = ORIENTED_EDGE('',*,*,#3853,.T.);
#4449 = FACE_BOUND('',#4450,.T.);
#4450 = EDGE_LOOP('',(#4451));
#4451 = ORIENTED_EDGE('',*,*,#4452,.F.);
#4452 = EDGE_CURVE('',#4453,#4453,#4455,.T.);
#4453 = VERTEX_POINT('',#4454);
#4454 = CARTESIAN_POINT('',(-7.,-35.,16.5));
#4455 = SURFACE_CURVE('',#4456,(#4461,#4468),.PCURVE_S1.);
#4456 = CIRCLE('',#4457,13.);
#4457 = AXIS2_PLACEMENT_3D('',#4458,#4459,#4460);
#4458 = CARTESIAN_POINT('',(-20.,-35.,16.5));
#4459 = DIRECTION('',(0.,0.,1.));
#4460 = DIRECTION('',(1.,0.,-0.));
#4461 = PCURVE('',#3868,#4462);
#4462 = DEFINITIONAL_REPRESENTATION('',(#4463),#4467);
#4463 = CIRCLE('',#4464,13.);
#4464 = AXIS2_PLACEMENT_2D('',#4465,#4466);
#4465 = CARTESIAN_POINT('',(0.,0.));
#4466 = DIRECTION('',(1.,0.));
#4467 = ( GEOMETRIC_REPRESENTATION_CONTEXT(2) 
PARAMETRIC_REPRESENTATION_CONTEXT() REPRESENTATION_CONTEXT('2D SPACE',''
  ) );
#4468 = PCURVE('',#4469,#4474);
#4469 = CYLINDRICAL_SURFACE('',#4470,13.);
#4470 = AXIS2_PLACEMENT_3D('',#4471,#4472,#4473);
#4471 = CARTESIAN_POINT('',(-20.,-35.,8.));
#4472 = DIRECTION('',(0.,0.,1.));
#4473 = DIRECTION('',(1.,0.,-0.));
#4474 = DEFINITIONAL_REPRESENTATION('',(#4475),#4479);
#4475 = LINE('',#4476,#4477);
#4476 = CARTESIAN_POINT('',(0.,8.5));
#4477 = VECTOR('',#4478,1.);
#4478 = DIRECTION('',(1.,0.));
#4479 = ( GEOMETRIC_REPRESENTATION_CONTEXT(2) 
PARAMETRIC_REPRESENTATION_CONTEXT() REPRESENTATION_CONTEXT('2D SPACE',''
  ) );
#4480 = ADVANCED_FACE('',(#4481,#4484),#3923,.T.);
#4481 = FACE_BOUND('',#4482,.T.);
#4482 = EDGE_LOOP('',(#4483));
#4483 = ORIENTED_EDGE('',*,*,#3908,.T.);
#4484 = FACE_BOUND('',#4485,.T.);
#4485 = EDGE_LOOP('',(#4486));
#4486 = ORIENTED_EDGE('',*,*,#4487,.F.);
#4487 = EDGE_CURVE('',#4488,#4488,#4490,.T.);
#4488 = VERTEX_POINT('',#4489);
#4489 = CARTESIAN_POINT('',(33.,-35.,16.5));
#4490 = SURFACE_CURVE('',#4491,(#4496,#4503),.PCURVE_S1.);
#4491 = CIRCLE('',#4492,13.);
#4492 = AXIS2_PLACEMENT_3D('',#4493,#4494,#4495);
#4493 = CARTESIAN_POINT('',(20.,-35.,16.5));
#4494 = DIRECTION('',(0.,0.,1.));
#4495 = DIRECTION('',(1.,0.,-0.));
#4496 = PCURVE('',#3923,#4497);
#4497 = DEFINITIONAL_REPRESENTATION('',(#4498),#4502);
#4498 = CIRCLE('',#4499,13.);
#4499 = AXIS2_PLACEMENT_2D('',#4500,#4501);
#4500 = CARTESIAN_POINT('',(0.,0.));
#4501 = DIRECTION('',(1.,0.));
#4502 = ( GEOMETRIC_REPRESENTATION_CONTEXT(2) 
PARAMETRIC_REPRESENTATION_CONTEXT() REPRESENTATION_CONTEXT('2D SPACE',''
  ) );
#4503 = PCURVE('',#4504,#4509);
#4504 = CYLINDRICAL_SURFACE('',#4505,13.);
#4505 = AXIS2_PLACEMENT_3D('',#4506,#4507,#4508);
#4506 = CARTESIAN_POINT('',(20.,-35.,8.));
#4507 = DIRECTION('',(0.,0.,1.));
#4508 = DIRECTION('',(1.,0.,-0.));
#4509 = DEFINITIONAL_REPRESENTATION('',(#4510),#4514);
#4510 = LINE('',#4511,#4512);
#4511 = CARTESIAN_POINT('',(0.,8.5));
#4512 = VECTOR('',#4513,1.);
#4513 = DIRECTION('',(1.,0.));
#4514 = ( GEOMETRIC_REPRESENTATION_CONTEXT(2) 
PARAMETRIC_REPRESENTATION_CONTEXT() REPRESENTATION_CONTEXT('2D SPACE',''
  ) );
#4515 = ADVANCED_FACE('',(#4516,#4519),#3978,.T.);
#4516 = FACE_BOUND('',#4517,.T.);
#4517 = EDGE_LOOP('',(#4518));
#4518 = ORIENTED_EDGE('',*,*,#3963,.T.);
#4519 = FACE_BOUND('',#4520,.T.);
#4520 = EDGE_LOOP('',(#4521));
#4521 = ORIENTED_EDGE('',*,*,#4522,.F.);
#4522 = EDGE_CURVE('',#4523,#4523,#4525,.T.);
#4523 = VERTEX_POINT('',#4524);
#4524 = CARTESIAN_POINT('',(73.,-35.,16.5));
#4525 = SURFACE_CURVE('',#4526,(#4531,#4538),.PCURVE_S1.);
#4526 = CIRCLE('',#4527,13.);
#4527 = AXIS2_PLACEMENT_3D('',#4528,#4529,#4530);
#4528 = CARTESIAN_POINT('',(60.,-35.,16.5));
#4529 = DIRECTION('',(0.,0.,1.));
#4530 = DIRECTION('',(1.,0.,-0.));
#4531 = PCURVE('',#3978,#4532);
#4532 = DEFINITIONAL_REPRESENTATION('',(#4533),#4537);
#4533 = CIRCLE('',#4534,13.);
#4534 = AXIS2_PLACEMENT_2D('',#4535,#4536);
#4535 = CARTESIAN_POINT('',(0.,0.));
#4536 = DIRECTION('',(1.,0.));
#4537 = ( GEOMETRIC_REPRESENTATION_CONTEXT(2) 
PARAMETRIC_REPRESENTATION_CONTEXT() REPRESENTATION_CONTEXT('2D SPACE',''
  ) );
#4538 = PCURVE('',#4539,#4544);
#4539 = CYLINDRICAL_SURFACE('',#4540,13.);
#4540 = AXIS2_PLACEMENT_3D('',#4541,#4542,#4543);
#4541 = CARTESIAN_POINT('',(60.,-35.,8.));
#4542 = DIRECTION('',(0.,0.,1.));
#4543 = DIRECTION('',(1.,0.,-0.));
#4544 = DEFINITIONAL_REPRESENTATION('',(#4545),#4549);
#4545 = LINE('',#4546,#4547);
#4546 = CARTESIAN_POINT('',(0.,8.5));
#4547 = VECTOR('',#4548,1.);
#4548 = DIRECTION('',(1.,0.));
#4549 = ( GEOMETRIC_REPRESENTATION_CONTEXT(2) 
PARAMETRIC_REPRESENTATION_CONTEXT() REPRESENTATION_CONTEXT('2D SPACE',''
  ) );
#4550 = ADVANCED_FACE('',(#4551,#4554),#4033,.T.);
#4551 = FACE_BOUND('',#4552,.T.);
#4552 = EDGE_LOOP('',(#4553));
#4553 = ORIENTED_EDGE('',*,*,#4018,.T.);
#4554 = FACE_BOUND('',#4555,.T.);
#4555 = EDGE_LOOP('',(#4556));
#4556 = ORIENTED_EDGE('',*,*,#4557,.F.);
#4557 = EDGE_CURVE('',#4558,#4558,#4560,.T.);
#4558 = VERTEX_POINT('',#4559);
#4559 = CARTESIAN_POINT('',(113.,-35.,16.5));
#4560 = SURFACE_CURVE('',#4561,(#4566,#4573),.PCURVE_S1.);
#4561 = CIRCLE('',#4562,13.);
#4562 = AXIS2_PLACEMENT_3D('',#4563,#4564,#4565);
#4563 = CARTESIAN_POINT('',(100.,-35.,16.5));
#4564 = DIRECTION('',(0.,0.,1.));
#4565 = DIRECTION('',(1.,0.,-0.));
#4566 = PCURVE('',#4033,#4567);
#4567 = DEFINITIONAL_REPRESENTATION('',(#4568),#4572);
#4568 = CIRCLE('',#4569,13.);
#4569 = AXIS2_PLACEMENT_2D('',#4570,#4571);
#4570 = CARTESIAN_POINT('',(0.,0.));
#4571 = DIRECTION('',(1.,0.));
#4572 = ( GEOMETRIC_REPRESENTATION_CONTEXT(2) 
PARAMETRIC_REPRESENTATION_CONTEXT() REPRESENTATION_CONTEXT('2D SPACE',''
  ) );
#4573 = PCURVE('',#4574,#4579);
#4574 = CYLINDRICAL_SURFACE('',#4575,13.);
#4575 = AXIS2_PLACEMENT_3D('',#4576,#4577,#4578);
#4576 = CARTESIAN_POINT('',(100.,-35.,8.));
#4577 = DIRECTION('',(0.,0.,1.));
#4578 = DIRECTION('',(1.,0.,-0.));
#4579 = DEFINITIONAL_REPRESENTATION('',(#4580),#4584);
#4580 = LINE('',#4581,#4582);
#4581 = CARTESIAN_POINT('',(0.,8.5));
#4582 = VECTOR('',#4583,1.);
#4583 = DIRECTION('',(1.,0.));
#4584 = ( GEOMETRIC_REPRESENTATION_CONTEXT(2) 
PARAMETRIC_REPRESENTATION_CONTEXT() REPRESENTATION_CONTEXT('2D SPACE',''
  ) );
#4585 = ADVANCED_FACE('',(#4586,#4589),#4088,.T.);
#4586 = FACE_BOUND('',#4587,.T.);
#4587 = EDGE_LOOP('',(#4588));
#4588 = ORIENTED_EDGE('',*,*,#4073,.T.);
#4589 = FACE_BOUND('',#4590,.T.);
#4590 = EDGE_LOOP('',(#4591));
#4591 = ORIENTED_EDGE('',*,*,#4592,.F.);
#4592 = EDGE_CURVE('',#4593,#4593,#4595,.T.);
#4593 = VERTEX_POINT('',#4594);
#4594 = CARTESIAN_POINT('',(-87.,35.,16.5));
#4595 = SURFACE_CURVE('',#4596,(#4601,#4608),.PCURVE_S1.);
#4596 = CIRCLE('',#4597,13.);
#4597 = AXIS2_PLACEMENT_3D('',#4598,#4599,#4600);
#4598 = CARTESIAN_POINT('',(-100.,35.,16.5));
#4599 = DIRECTION('',(0.,0.,1.));
#4600 = DIRECTION('',(1.,0.,-0.));
#4601 = PCURVE('',#4088,#4602);
#4602 = DEFINITIONAL_REPRESENTATION('',(#4603),#4607);
#4603 = CIRCLE('',#4604,13.);
#4604 = AXIS2_PLACEMENT_2D('',#4605,#4606);
#4605 = CARTESIAN_POINT('',(0.,0.));
#4606 = DIRECTION('',(1.,0.));
#4607 = ( GEOMETRIC_REPRESENTATION_CONTEXT(2) 
PARAMETRIC_REPRESENTATION_CONTEXT() REPRESENTATION_CONTEXT('2D SPACE',''
  ) );
#4608 = PCURVE('',#4609,#4614);
#4609 = CYLINDRICAL_SURFACE('',#4610,13.);
#4610 = AXIS2_PLACEMENT_3D('',#4611,#4612,#4613);
#4611 = CARTESIAN_POINT('',(-100.,35.,8.));
#4612 = DIRECTION('',(0.,0.,1.));
#4613 = DIRECTION('',(1.,0.,-0.));
#4614 = DEFINITIONAL_REPRESENTATION('',(#4615),#4619);
#4615 = LINE('',#4616,#4617);
#4616 = CARTESIAN_POINT('',(0.,8.5));
#4617 = VECTOR('',#4618,1.);
#4618 = DIRECTION('',(1.,0.));
#4619 = ( GEOMETRIC_REPRESENTATION_CONTEXT(2) 
PARAMETRIC_REPRESENTATION_CONTEXT() REPRESENTATION_CONTEXT('2D SPACE',''
  ) );
#4620 = ADVANCED_FACE('',(#4621,#4624),#4143,.T.);
#4621 = FACE_BOUND('',#4622,.T.);
#4622 = EDGE_LOOP('',(#4623));
#4623 = ORIENTED_EDGE('',*,*,#4128,.T.);
#4624 = FACE_BOUND('',#4625,.T.);
#4625 = EDGE_LOOP('',(#4626));
#4626 = ORIENTED_EDGE('',*,*,#4627,.F.);
#4627 = EDGE_CURVE('',#4628,#4628,#4630,.T.);
#4628 = VERTEX_POINT('',#4629);
#4629 = CARTESIAN_POINT('',(-47.,35.,16.5));
#4630 = SURFACE_CURVE('',#4631,(#4636,#4643),.PCURVE_S1.);
#4631 = CIRCLE('',#4632,13.);
#4632 = AXIS2_PLACEMENT_3D('',#4633,#4634,#4635);
#4633 = CARTESIAN_POINT('',(-60.,35.,16.5));
#4634 = DIRECTION('',(0.,0.,1.));
#4635 = DIRECTION('',(1.,0.,-0.));
#4636 = PCURVE('',#4143,#4637);
#4637 = DEFINITIONAL_REPRESENTATION('',(#4638),#4642);
#4638 = CIRCLE('',#4639,13.);
#4639 = AXIS2_PLACEMENT_2D('',#4640,#4641);
#4640 = CARTESIAN_POINT('',(0.,0.));
#4641 = DIRECTION('',(1.,0.));
#4642 = ( GEOMETRIC_REPRESENTATION_CONTEXT(2) 
PARAMETRIC_REPRESENTATION_CONTEXT() REPRESENTATION_CONTEXT('2D SPACE',''
  ) );
#4643 = PCURVE('',#4644,#4649);
#4644 = CYLINDRICAL_SURFACE('',#4645,13.);
#4645 = AXIS2_PLACEMENT_3D('',#4646,#4647,#4648);
#4646 = CARTESIAN_POINT('',(-60.,35.,8.));
#4647 = DIRECTION('',(0.,0.,1.));
#4648 = DIRECTION('',(1.,0.,-0.));
#4649 = DEFINITIONAL_REPRESENTATION('',(#4650),#4654);
#4650 = LINE('',#4651,#4652);
#4651 = CARTESIAN_POINT('',(0.,8.5));
#4652 = VECTOR('',#4653,1.);
#4653 = DIRECTION('',(1.,0.));
#4654 = ( GEOMETRIC_REPRESENTATION_CONTEXT(2) 
PARAMETRIC_REPRESENTATION_CONTEXT() REPRESENTATION_CONTEXT('2D SPACE',''
  ) );
#4655 = ADVANCED_FACE('',(#4656,#4659),#4198,.T.);
#4656 = FACE_BOUND('',#4657,.T.);
#4657 = EDGE_LOOP('',(#4658));
#4658 = ORIENTED_EDGE('',*,*,#4183,.T.);
#4659 = FACE_BOUND('',#4660,.T.);
#4660 = EDGE_LOOP('',(#4661));
#4661 = ORIENTED_EDGE('',*,*,#4662,.F.);
#4662 = EDGE_CURVE('',#4663,#4663,#4665,.T.);
#4663 = VERTEX_POINT('',#4664);
#4664 = CARTESIAN_POINT('',(-7.,35.,16.5));
#4665 = SURFACE_CURVE('',#4666,(#4671,#4678),.PCURVE_S1.);
#4666 = CIRCLE('',#4667,13.);
#4667 = AXIS2_PLACEMENT_3D('',#4668,#4669,#4670);
#4668 = CARTESIAN_POINT('',(-20.,35.,16.5));
#4669 = DIRECTION('',(0.,0.,1.));
#4670 = DIRECTION('',(1.,0.,-0.));
#4671 = PCURVE('',#4198,#4672);
#4672 = DEFINITIONAL_REPRESENTATION('',(#4673),#4677);
#4673 = CIRCLE('',#4674,13.);
#4674 = AXIS2_PLACEMENT_2D('',#4675,#4676);
#4675 = CARTESIAN_POINT('',(0.,0.));
#4676 = DIRECTION('',(1.,0.));
#4677 = ( GEOMETRIC_REPRESENTATION_CONTEXT(2) 
PARAMETRIC_REPRESENTATION_CONTEXT() REPRESENTATION_CONTEXT('2D SPACE',''
  ) );
#4678 = PCURVE('',#4679,#4684);
#4679 = CYLINDRICAL_SURFACE('',#4680,13.);
#4680 = AXIS2_PLACEMENT_3D('',#4681,#4682,#4683);
#4681 = CARTESIAN_POINT('',(-20.,35.,8.));
#4682 = DIRECTION('',(0.,0.,1.));
#4683 = DIRECTION('',(1.,0.,-0.));
#4684 = DEFINITIONAL_REPRESENTATION('',(#4685),#4689);
#4685 = LINE('',#4686,#4687);
#4686 = CARTESIAN_POINT('',(0.,8.5));
#4687 = VECTOR('',#4688,1.);
#4688 = DIRECTION('',(1.,0.));
#4689 = ( GEOMETRIC_REPRESENTATION_CONTEXT(2) 
PARAMETRIC_REPRESENTATION_CONTEXT() REPRESENTATION_CONTEXT('2D SPACE',''
  ) );
#4690 = ADVANCED_FACE('',(#4691,#4694),#4253,.T.);
#4691 = FACE_BOUND('',#4692,.T.);
#4692 = EDGE_LOOP('',(#4693));
#4693 = ORIENTED_EDGE('',*,*,#4238,.T.);
#4694 = FACE_BOUND('',#4695,.T.);
#4695 = EDGE_LOOP('',(#4696));
#4696 = ORIENTED_EDGE('',*,*,#4697,.F.);
#4697 = EDGE_CURVE('',#4698,#4698,#4700,.T.);
#4698 = VERTEX_POINT('',#4699);
#4699 = CARTESIAN_POINT('',(33.,35.,16.5));
#4700 = SURFACE_CURVE('',#4701,(#4706,#4713),.PCURVE_S1.);
#4701 = CIRCLE('',#4702,13.);
#4702 = AXIS2_PLACEMENT_3D('',#4703,#4704,#4705);
#4703 = CARTESIAN_POINT('',(20.,35.,16.5));
#4704 = DIRECTION('',(0.,0.,1.));
#4705 = DIRECTION('',(1.,0.,-0.));
#4706 = PCURVE('',#4253,#4707);
#4707 = DEFINITIONAL_REPRESENTATION('',(#4708),#4712);
#4708 = CIRCLE('',#4709,13.);
#4709 = AXIS2_PLACEMENT_2D('',#4710,#4711);
#4710 = CARTESIAN_POINT('',(0.,0.));
#4711 = DIRECTION('',(1.,0.));
#4712 = ( GEOMETRIC_REPRESENTATION_CONTEXT(2) 
PARAMETRIC_REPRESENTATION_CONTEXT() REPRESENTATION_CONTEXT('2D SPACE',''
  ) );
#4713 = PCURVE('',#4714,#4719);
#4714 = CYLINDRICAL_SURFACE('',#4715,13.);
#4715 = AXIS2_PLACEMENT_3D('',#4716,#4717,#4718);
#4716 = CARTESIAN_POINT('',(20.,35.,8.));
#4717 = DIRECTION('',(0.,0.,1.));
#4718 = DIRECTION('',(1.,0.,-0.));
#4719 = DEFINITIONAL_REPRESENTATION('',(#4720),#4724);
#4720 = LINE('',#4721,#4722);
#4721 = CARTESIAN_POINT('',(0.,8.5));
#4722 = VECTOR('',#4723,1.);
#4723 = DIRECTION('',(1.,0.));
#4724 = ( GEOMETRIC_REPRESENTATION_CONTEXT(2) 
PARAMETRIC_REPRESENTATION_CONTEXT() REPRESENTATION_CONTEXT('2D SPACE',''
  ) );
#4725 = ADVANCED_FACE('',(#4726,#4729),#4308,.T.);
#4726 = FACE_BOUND('',#4727,.T.);
#4727 = EDGE_LOOP('',(#4728));
#4728 = ORIENTED_EDGE('',*,*,#4293,.T.);
#4729 = FACE_BOUND('',#4730,.T.);
#4730 = EDGE_LOOP('',(#4731));
#4731 = ORIENTED_EDGE('',*,*,#4732,.F.);
#4732 = EDGE_CURVE('',#4733,#4733,#4735,.T.);
#4733 = VERTEX_POINT('',#4734);
#4734 = CARTESIAN_POINT('',(73.,35.,16.5));
#4735 = SURFACE_CURVE('',#4736,(#4741,#4748),.PCURVE_S1.);
#4736 = CIRCLE('',#4737,13.);
#4737 = AXIS2_PLACEMENT_3D('',#4738,#4739,#4740);
#4738 = CARTESIAN_POINT('',(60.,35.,16.5));
#4739 = DIRECTION('',(0.,0.,1.));
#4740 = DIRECTION('',(1.,0.,-0.));
#4741 = PCURVE('',#4308,#4742);
#4742 = DEFINITIONAL_REPRESENTATION('',(#4743),#4747);
#4743 = CIRCLE('',#4744,13.);
#4744 = AXIS2_PLACEMENT_2D('',#4745,#4746);
#4745 = CARTESIAN_POINT('',(0.,0.));
#4746 = DIRECTION('',(1.,0.));
#4747 = ( GEOMETRIC_REPRESENTATION_CONTEXT(2) 
PARAMETRIC_REPRESENTATION_CONTEXT() REPRESENTATION_CONTEXT('2D SPACE',''
  ) );
#4748 = PCURVE('',#4749,#4754);
#4749 = CYLINDRICAL_SURFACE('',#4750,13.);
#4750 = AXIS2_PLACEMENT_3D('',#4751,#4752,#4753);
#4751 = CARTESIAN_POINT('',(60.,35.,8.));
#4752 = DIRECTION('',(0.,0.,1.));
#4753 = DIRECTION('',(1.,0.,-0.));
#4754 = DEFINITIONAL_REPRESENTATION('',(#4755),#4759);
#4755 = LINE('',#4756,#4757);
#4756 = CARTESIAN_POINT('',(0.,8.5));
#4757 = VECTOR('',#4758,1.);
#4758 = DIRECTION('',(1.,0.));
#4759 = ( GEOMETRIC_REPRESENTATION_CONTEXT(2) 
PARAMETRIC_REPRESENTATION_CONTEXT() REPRESENTATION_CONTEXT('2D SPACE',''
  ) );
#4760 = ADVANCED_FACE('',(#4761,#4764),#4363,.T.);
#4761 = FACE_BOUND('',#4762,.T.);
#4762 = EDGE_LOOP('',(#4763));
#4763 = ORIENTED_EDGE('',*,*,#4348,.T.);
#4764 = FACE_BOUND('',#4765,.T.);
#4765 = EDGE_LOOP('',(#4766));
#4766 = ORIENTED_EDGE('',*,*,#4767,.F.);
#4767 = EDGE_CURVE('',#4768,#4768,#4770,.T.);
#4768 = VERTEX_POINT('',#4769);
#4769 = CARTESIAN_POINT('',(113.,35.,16.5));
#4770 = SURFACE_CURVE('',#4771,(#4776,#4783),.PCURVE_S1.);
#4771 = CIRCLE('',#4772,13.);
#4772 = AXIS2_PLACEMENT_3D('',#4773,#4774,#4775);
#4773 = CARTESIAN_POINT('',(100.,35.,16.5));
#4774 = DIRECTION('',(0.,0.,1.));
#4775 = DIRECTION('',(1.,0.,-0.));
#4776 = PCURVE('',#4363,#4777);
#4777 = DEFINITIONAL_REPRESENTATION('',(#4778),#4782);
#4778 = CIRCLE('',#4779,13.);
#4779 = AXIS2_PLACEMENT_2D('',#4780,#4781);
#4780 = CARTESIAN_POINT('',(0.,0.));
#4781 = DIRECTION('',(1.,0.));
#4782 = ( GEOMETRIC_REPRESENTATION_CONTEXT(2) 
PARAMETRIC_REPRESENTATION_CONTEXT() REPRESENTATION_CONTEXT('2D SPACE',''
  ) );
#4783 = PCURVE('',#4784,#4789);
#4784 = CYLINDRICAL_SURFACE('',#4785,13.);
#4785 = AXIS2_PLACEMENT_3D('',#4786,#4787,#4788);
#4786 = CARTESIAN_POINT('',(100.,35.,8.));
#4787 = DIRECTION('',(0.,0.,1.));
#4788 = DIRECTION('',(1.,0.,-0.));
#4789 = DEFINITIONAL_REPRESENTATION('',(#4790),#4794);
#4790 = LINE('',#4791,#4792);
#4791 = CARTESIAN_POINT('',(0.,8.5));
#4792 = VECTOR('',#4793,1.);
#4793 = DIRECTION('',(1.,0.));
#4794 = ( GEOMETRIC_REPRESENTATION_CONTEXT(2) 
PARAMETRIC_REPRESENTATION_CONTEXT() REPRESENTATION_CONTEXT('2D SPACE',''
  ) );
#4795 = ADVANCED_FACE('',(#4796),#4399,.F.);
#4796 = FACE_BOUND('',#4797,.F.);
#4797 = EDGE_LOOP('',(#4798,#4827,#4848,#4849));
#4798 = ORIENTED_EDGE('',*,*,#4799,.T.);
#4799 = EDGE_CURVE('',#4800,#4800,#4802,.T.);
#4800 = VERTEX_POINT('',#4801);
#4801 = CARTESIAN_POINT('',(-87.,-35.,8.));
#4802 = SURFACE_CURVE('',#4803,(#4808,#4815),.PCURVE_S1.);
#4803 = CIRCLE('',#4804,13.);
#4804 = AXIS2_PLACEMENT_3D('',#4805,#4806,#4807);
#4805 = CARTESIAN_POINT('',(-100.,-35.,8.));
#4806 = DIRECTION('',(0.,0.,1.));
#4807 = DIRECTION('',(1.,0.,-0.));
#4808 = PCURVE('',#4399,#4809);
#4809 = DEFINITIONAL_REPRESENTATION('',(#4810),#4814);
#4810 = LINE('',#4811,#4812);
#4811 = CARTESIAN_POINT('',(0.,0.));
#4812 = VECTOR('',#4813,1.);
#4813 = DIRECTION('',(1.,0.));
#4814 = ( GEOMETRIC_REPRESENTATION_CONTEXT(2) 
PARAMETRIC_REPRESENTATION_CONTEXT() REPRESENTATION_CONTEXT('2D SPACE',''
  ) );
#4815 = PCURVE('',#4816,#4821);
#4816 = PLANE('',#4817);
#4817 = AXIS2_PLACEMENT_3D('',#4818,#4819,#4820);
#4818 = CARTESIAN_POINT('',(-100.,-35.,8.));
#4819 = DIRECTION('',(0.,0.,1.));
#4820 = DIRECTION('',(1.,0.,-0.));
#4821 = DEFINITIONAL_REPRESENTATION('',(#4822),#4826);
#4822 = CIRCLE('',#4823,13.);
#4823 = AXIS2_PLACEMENT_2D('',#4824,#4825);
#4824 = CARTESIAN_POINT('',(0.,0.));
#4825 = DIRECTION('',(1.,0.));
#4826 = ( GEOMETRIC_REPRESENTATION_CONTEXT(2) 
PARAMETRIC_REPRESENTATION_CONTEXT() REPRESENTATION_CONTEXT('2D SPACE',''
  ) );
#4827 = ORIENTED_EDGE('',*,*,#4828,.T.);
#4828 = EDGE_CURVE('',#4800,#4383,#4829,.T.);
#4829 = SEAM_CURVE('',#4830,(#4834,#4841),.PCURVE_S1.);
#4830 = LINE('',#4831,#4832);
#4831 = CARTESIAN_POINT('',(-87.,-35.,8.));
#4832 = VECTOR('',#4833,1.);
#4833 = DIRECTION('',(0.,0.,1.));
#4834 = PCURVE('',#4399,#4835);
#4835 = DEFINITIONAL_REPRESENTATION('',(#4836),#4840);
#4836 = LINE('',#4837,#4838);
#4837 = CARTESIAN_POINT('',(0.,-0.));
#4838 = VECTOR('',#4839,1.);
#4839 = DIRECTION('',(0.,1.));
#4840 = ( GEOMETRIC_REPRESENTATION_CONTEXT(2) 
PARAMETRIC_REPRESENTATION_CONTEXT() REPRESENTATION_CONTEXT('2D SPACE',''
  ) );
#4841 = PCURVE('',#4399,#4842);
#4842 = DEFINITIONAL_REPRESENTATION('',(#4843),#4847);
#4843 = LINE('',#4844,#4845);
#4844 = CARTESIAN_POINT('',(6.28318530718,-0.));
#4845 = VECTOR('',#4846,1.);
#4846 = DIRECTION('',(0.,1.));
#4847 = ( GEOMETRIC_REPRESENTATION_CONTEXT(2) 
PARAMETRIC_REPRESENTATION_CONTEXT() REPRESENTATION_CONTEXT('2D SPACE',''
  ) );
#4848 = ORIENTED_EDGE('',*,*,#4382,.F.);
#4849 = ORIENTED_EDGE('',*,*,#4828,.F.);
#4850 = ADVANCED_FACE('',(#4851),#4434,.F.);
#4851 = FACE_BOUND('',#4852,.F.);
#4852 = EDGE_LOOP('',(#4853,#4882,#4903,#4904));
#4853 = ORIENTED_EDGE('',*,*,#4854,.T.);
#4854 = EDGE_CURVE('',#4855,#4855,#4857,.T.);
#4855 = VERTEX_POINT('',#4856);
#4856 = CARTESIAN_POINT('',(-47.,-35.,8.));
#4857 = SURFACE_CURVE('',#4858,(#4863,#4870),.PCURVE_S1.);
#4858 = CIRCLE('',#4859,13.);
#4859 = AXIS2_PLACEMENT_3D('',#4860,#4861,#4862);
#4860 = CARTESIAN_POINT('',(-60.,-35.,8.));
#4861 = DIRECTION('',(0.,0.,1.));
#4862 = DIRECTION('',(1.,0.,-0.));
#4863 = PCURVE('',#4434,#4864);
#4864 = DEFINITIONAL_REPRESENTATION('',(#4865),#4869);
#4865 = LINE('',#4866,#4867);
#4866 = CARTESIAN_POINT('',(0.,0.));
#4867 = VECTOR('',#4868,1.);
#4868 = DIRECTION('',(1.,0.));
#4869 = ( GEOMETRIC_REPRESENTATION_CONTEXT(2) 
PARAMETRIC_REPRESENTATION_CONTEXT() REPRESENTATION_CONTEXT('2D SPACE',''
  ) );
#4870 = PCURVE('',#4871,#4876);
#4871 = PLANE('',#4872);
#4872 = AXIS2_PLACEMENT_3D('',#4873,#4874,#4875);
#4873 = CARTESIAN_POINT('',(-60.,-35.,8.));
#4874 = DIRECTION('',(0.,0.,1.));
#4875 = DIRECTION('',(1.,0.,-0.));
#4876 = DEFINITIONAL_REPRESENTATION('',(#4877),#4881);
#4877 = CIRCLE('',#4878,13.);
#4878 = AXIS2_PLACEMENT_2D('',#4879,#4880);
#4879 = CARTESIAN_POINT('',(0.,0.));
#4880 = DIRECTION('',(1.,0.));
#4881 = ( GEOMETRIC_REPRESENTATION_CONTEXT(2) 
PARAMETRIC_REPRESENTATION_CONTEXT() REPRESENTATION_CONTEXT('2D SPACE',''
  ) );
#4882 = ORIENTED_EDGE('',*,*,#4883,.T.);
#4883 = EDGE_CURVE('',#4855,#4418,#4884,.T.);
#4884 = SEAM_CURVE('',#4885,(#4889,#4896),.PCURVE_S1.);
#4885 = LINE('',#4886,#4887);
#4886 = CARTESIAN_POINT('',(-47.,-35.,8.));
#4887 = VECTOR('',#4888,1.);
#4888 = DIRECTION('',(0.,0.,1.));
#4889 = PCURVE('',#4434,#4890);
#4890 = DEFINITIONAL_REPRESENTATION('',(#4891),#4895);
#4891 = LINE('',#4892,#4893);
#4892 = CARTESIAN_POINT('',(0.,-0.));
#4893 = VECTOR('',#4894,1.);
#4894 = DIRECTION('',(0.,1.));
#4895 = ( GEOMETRIC_REPRESENTATION_CONTEXT(2) 
PARAMETRIC_REPRESENTATION_CONTEXT() REPRESENTATION_CONTEXT('2D SPACE',''
  ) );
#4896 = PCURVE('',#4434,#4897);
#4897 = DEFINITIONAL_REPRESENTATION('',(#4898),#4902);
#4898 = LINE('',#4899,#4900);
#4899 = CARTESIAN_POINT('',(6.28318530718,-0.));
#4900 = VECTOR('',#4901,1.);
#4901 = DIRECTION('',(0.,1.));
#4902 = ( GEOMETRIC_REPRESENTATION_CONTEXT(2) 
PARAMETRIC_REPRESENTATION_CONTEXT() REPRESENTATION_CONTEXT('2D SPACE',''
  ) );
#4903 = ORIENTED_EDGE('',*,*,#4417,.F.);
#4904 = ORIENTED_EDGE('',*,*,#4883,.F.);
#4905 = ADVANCED_FACE('',(#4906),#4469,.F.);
#4906 = FACE_BOUND('',#4907,.F.);
#4907 = EDGE_LOOP('',(#4908,#4937,#4958,#4959));
#4908 = ORIENTED_EDGE('',*,*,#4909,.T.);
#4909 = EDGE_CURVE('',#4910,#4910,#4912,.T.);
#4910 = VERTEX_POINT('',#4911);
#4911 = CARTESIAN_POINT('',(-7.,-35.,8.));
#4912 = SURFACE_CURVE('',#4913,(#4918,#4925),.PCURVE_S1.);
#4913 = CIRCLE('',#4914,13.);
#4914 = AXIS2_PLACEMENT_3D('',#4915,#4916,#4917);
#4915 = CARTESIAN_POINT('',(-20.,-35.,8.));
#4916 = DIRECTION('',(0.,0.,1.));
#4917 = DIRECTION('',(1.,0.,-0.));
#4918 = PCURVE('',#4469,#4919);
#4919 = DEFINITIONAL_REPRESENTATION('',(#4920),#4924);
#4920 = LINE('',#4921,#4922);
#4921 = CARTESIAN_POINT('',(0.,0.));
#4922 = VECTOR('',#4923,1.);
#4923 = DIRECTION('',(1.,0.));
#4924 = ( GEOMETRIC_REPRESENTATION_CONTEXT(2) 
PARAMETRIC_REPRESENTATION_CONTEXT() REPRESENTATION_CONTEXT('2D SPACE',''
  ) );
#4925 = PCURVE('',#4926,#4931);
#4926 = PLANE('',#4927);
#4927 = AXIS2_PLACEMENT_3D('',#4928,#4929,#4930);
#4928 = CARTESIAN_POINT('',(-20.,-35.,8.));
#4929 = DIRECTION('',(0.,0.,1.));
#4930 = DIRECTION('',(1.,0.,-0.));
#4931 = DEFINITIONAL_REPRESENTATION('',(#4932),#4936);
#4932 = CIRCLE('',#4933,13.);
#4933 = AXIS2_PLACEMENT_2D('',#4934,#4935);
#4934 = CARTESIAN_POINT('',(0.,0.));
#4935 = DIRECTION('',(1.,0.));
#4936 = ( GEOMETRIC_REPRESENTATION_CONTEXT(2) 
PARAMETRIC_REPRESENTATION_CONTEXT() REPRESENTATION_CONTEXT('2D SPACE',''
  ) );
#4937 = ORIENTED_EDGE('',*,*,#4938,.T.);
#4938 = EDGE_CURVE('',#4910,#4453,#4939,.T.);
#4939 = SEAM_CURVE('',#4940,(#4944,#4951),.PCURVE_S1.);
#4940 = LINE('',#4941,#4942);
#4941 = CARTESIAN_POINT('',(-7.,-35.,8.));
#4942 = VECTOR('',#4943,1.);
#4943 = DIRECTION('',(0.,0.,1.));
#4944 = PCURVE('',#4469,#4945);
#4945 = DEFINITIONAL_REPRESENTATION('',(#4946),#4950);
#4946 = LINE('',#4947,#4948);
#4947 = CARTESIAN_POINT('',(0.,-0.));
#4948 = VECTOR('',#4949,1.);
#4949 = DIRECTION('',(0.,1.));
#4950 = ( GEOMETRIC_REPRESENTATION_CONTEXT(2) 
PARAMETRIC_REPRESENTATION_CONTEXT() REPRESENTATION_CONTEXT('2D SPACE',''
  ) );
#4951 = PCURVE('',#4469,#4952);
#4952 = DEFINITIONAL_REPRESENTATION('',(#4953),#4957);
#4953 = LINE('',#4954,#4955);
#4954 = CARTESIAN_POINT('',(6.28318530718,-0.));
#4955 = VECTOR('',#4956,1.);
#4956 = DIRECTION('',(0.,1.));
#4957 = ( GEOMETRIC_REPRESENTATION_CONTEXT(2) 
PARAMETRIC_REPRESENTATION_CONTEXT() REPRESENTATION_CONTEXT('2D SPACE',''
  ) );
#4958 = ORIENTED_EDGE('',*,*,#4452,.F.);
#4959 = ORIENTED_EDGE('',*,*,#4938,.F.);
#4960 = ADVANCED_FACE('',(#4961),#4504,.F.);
#4961 = FACE_BOUND('',#4962,.F.);
#4962 = EDGE_LOOP('',(#4963,#4992,#5013,#5014));
#4963 = ORIENTED_EDGE('',*,*,#4964,.T.);
#4964 = EDGE_CURVE('',#4965,#4965,#4967,.T.);
#4965 = VERTEX_POINT('',#4966);
#4966 = CARTESIAN_POINT('',(33.,-35.,8.));
#4967 = SURFACE_CURVE('',#4968,(#4973,#4980),.PCURVE_S1.);
#4968 = CIRCLE('',#4969,13.);
#4969 = AXIS2_PLACEMENT_3D('',#4970,#4971,#4972);
#4970 = CARTESIAN_POINT('',(20.,-35.,8.));
#4971 = DIRECTION('',(0.,0.,1.));
#4972 = DIRECTION('',(1.,0.,-0.));
#4973 = PCURVE('',#4504,#4974);
#4974 = DEFINITIONAL_REPRESENTATION('',(#4975),#4979);
#4975 = LINE('',#4976,#4977);
#4976 = CARTESIAN_POINT('',(0.,0.));
#4977 = VECTOR('',#4978,1.);
#4978 = DIRECTION('',(1.,0.));
#4979 = ( GEOMETRIC_REPRESENTATION_CONTEXT(2) 
PARAMETRIC_REPRESENTATION_CONTEXT() REPRESENTATION_CONTEXT('2D SPACE',''
  ) );
#4980 = PCURVE('',#4981,#4986);
#4981 = PLANE('',#4982);
#4982 = AXIS2_PLACEMENT_3D('',#4983,#4984,#4985);
#4983 = CARTESIAN_POINT('',(20.,-35.,8.));
#4984 = DIRECTION('',(0.,0.,1.));
#4985 = DIRECTION('',(1.,0.,-0.));
#4986 = DEFINITIONAL_REPRESENTATION('',(#4987),#4991);
#4987 = CIRCLE('',#4988,13.);
#4988 = AXIS2_PLACEMENT_2D('',#4989,#4990);
#4989 = CARTESIAN_POINT('',(0.,0.));
#4990 = DIRECTION('',(1.,0.));
#4991 = ( GEOMETRIC_REPRESENTATION_CONTEXT(2) 
PARAMETRIC_REPRESENTATION_CONTEXT() REPRESENTATION_CONTEXT('2D SPACE',''
  ) );
#4992 = ORIENTED_EDGE('',*,*,#4993,.T.);
#4993 = EDGE_CURVE('',#4965,#4488,#4994,.T.);
#4994 = SEAM_CURVE('',#4995,(#4999,#5006),.PCURVE_S1.);
#4995 = LINE('',#4996,#4997);
#4996 = CARTESIAN_POINT('',(33.,-35.,8.));
#4997 = VECTOR('',#4998,1.);
#4998 = DIRECTION('',(0.,0.,1.));
#4999 = PCURVE('',#4504,#5000);
#5000 = DEFINITIONAL_REPRESENTATION('',(#5001),#5005);
#5001 = LINE('',#5002,#5003);
#5002 = CARTESIAN_POINT('',(0.,-0.));
#5003 = VECTOR('',#5004,1.);
#5004 = DIRECTION('',(0.,1.));
#5005 = ( GEOMETRIC_REPRESENTATION_CONTEXT(2) 
PARAMETRIC_REPRESENTATION_CONTEXT() REPRESENTATION_CONTEXT('2D SPACE',''
  ) );
#5006 = PCURVE('',#4504,#5007);
#5007 = DEFINITIONAL_REPRESENTATION('',(#5008),#5012);
#5008 = LINE('',#5009,#5010);
#5009 = CARTESIAN_POINT('',(6.28318530718,-0.));
#5010 = VECTOR('',#5011,1.);
#5011 = DIRECTION('',(0.,1.));
#5012 = ( GEOMETRIC_REPRESENTATION_CONTEXT(2) 
PARAMETRIC_REPRESENTATION_CONTEXT() REPRESENTATION_CONTEXT('2D SPACE',''
  ) );
#5013 = ORIENTED_EDGE('',*,*,#4487,.F.);
#5014 = ORIENTED_EDGE('',*,*,#4993,.F.);
#5015 = ADVANCED_FACE('',(#5016),#4539,.F.);
#5016 = FACE_BOUND('',#5017,.F.);
#5017 = EDGE_LOOP('',(#5018,#5047,#5068,#5069));
#5018 = ORIENTED_EDGE('',*,*,#5019,.T.);
#5019 = EDGE_CURVE('',#5020,#5020,#5022,.T.);
#5020 = VERTEX_POINT('',#5021);
#5021 = CARTESIAN_POINT('',(73.,-35.,8.));
#5022 = SURFACE_CURVE('',#5023,(#5028,#5035),.PCURVE_S1.);
#5023 = CIRCLE('',#5024,13.);
#5024 = AXIS2_PLACEMENT_3D('',#5025,#5026,#5027);
#5025 = CARTESIAN_POINT('',(60.,-35.,8.));
#5026 = DIRECTION('',(0.,0.,1.));
#5027 = DIRECTION('',(1.,0.,-0.));
#5028 = PCURVE('',#4539,#5029);
#5029 = DEFINITIONAL_REPRESENTATION('',(#5030),#5034);
#5030 = LINE('',#5031,#5032);
#5031 = CARTESIAN_POINT('',(0.,0.));
#5032 = VECTOR('',#5033,1.);
#5033 = DIRECTION('',(1.,0.));
#5034 = ( GEOMETRIC_REPRESENTATION_CONTEXT(2) 
PARAMETRIC_REPRESENTATION_CONTEXT() REPRESENTATION_CONTEXT('2D SPACE',''
  ) );
#5035 = PCURVE('',#5036,#5041);
#5036 = PLANE('',#5037);
#5037 = AXIS2_PLACEMENT_3D('',#5038,#5039,#5040);
#5038 = CARTESIAN_POINT('',(60.,-35.,8.));
#5039 = DIRECTION('',(0.,0.,1.));
#5040 = DIRECTION('',(1.,0.,-0.));
#5041 = DEFINITIONAL_REPRESENTATION('',(#5042),#5046);
#5042 = CIRCLE('',#5043,13.);
#5043 = AXIS2_PLACEMENT_2D('',#5044,#5045);
#5044 = CARTESIAN_POINT('',(0.,0.));
#5045 = DIRECTION('',(1.,0.));
#5046 = ( GEOMETRIC_REPRESENTATION_CONTEXT(2) 
PARAMETRIC_REPRESENTATION_CONTEXT() REPRESENTATION_CONTEXT('2D SPACE',''
  ) );
#5047 = ORIENTED_EDGE('',*,*,#5048,.T.);
#5048 = EDGE_CURVE('',#5020,#4523,#5049,.T.);
#5049 = SEAM_CURVE('',#5050,(#5054,#5061),.PCURVE_S1.);
#5050 = LINE('',#5051,#5052);
#5051 = CARTESIAN_POINT('',(73.,-35.,8.));
#5052 = VECTOR('',#5053,1.);
#5053 = DIRECTION('',(0.,0.,1.));
#5054 = PCURVE('',#4539,#5055);
#5055 = DEFINITIONAL_REPRESENTATION('',(#5056),#5060);
#5056 = LINE('',#5057,#5058);
#5057 = CARTESIAN_POINT('',(0.,-0.));
#5058 = VECTOR('',#5059,1.);
#5059 = DIRECTION('',(0.,1.));
#5060 = ( GEOMETRIC_REPRESENTATION_CONTEXT(2) 
PARAMETRIC_REPRESENTATION_CONTEXT() REPRESENTATION_CONTEXT('2D SPACE',''
  ) );
#5061 = PCURVE('',#4539,#5062);
#5062 = DEFINITIONAL_REPRESENTATION('',(#5063),#5067);
#5063 = LINE('',#5064,#5065);
#5064 = CARTESIAN_POINT('',(6.28318530718,-0.));
#5065 = VECTOR('',#5066,1.);
#5066 = DIRECTION('',(0.,1.));
#5067 = ( GEOMETRIC_REPRESENTATION_CONTEXT(2) 
PARAMETRIC_REPRESENTATION_CONTEXT() REPRESENTATION_CONTEXT('2D SPACE',''
  ) );
#5068 = ORIENTED_EDGE('',*,*,#4522,.F.);
#5069 = ORIENTED_EDGE('',*,*,#5048,.F.);
#5070 = ADVANCED_FACE('',(#5071),#4574,.F.);
#5071 = FACE_BOUND('',#5072,.F.);
#5072 = EDGE_LOOP('',(#5073,#5102,#5123,#5124));
#5073 = ORIENTED_EDGE('',*,*,#5074,.T.);
#5074 = EDGE_CURVE('',#5075,#5075,#5077,.T.);
#5075 = VERTEX_POINT('',#5076);
#5076 = CARTESIAN_POINT('',(113.,-35.,8.));
#5077 = SURFACE_CURVE('',#5078,(#5083,#5090),.PCURVE_S1.);
#5078 = CIRCLE('',#5079,13.);
#5079 = AXIS2_PLACEMENT_3D('',#5080,#5081,#5082);
#5080 = CARTESIAN_POINT('',(100.,-35.,8.));
#5081 = DIRECTION('',(0.,0.,1.));
#5082 = DIRECTION('',(1.,0.,-0.));
#5083 = PCURVE('',#4574,#5084);
#5084 = DEFINITIONAL_REPRESENTATION('',(#5085),#5089);
#5085 = LINE('',#5086,#5087);
#5086 = CARTESIAN_POINT('',(0.,0.));
#5087 = VECTOR('',#5088,1.);
#5088 = DIRECTION('',(1.,0.));
#5089 = ( GEOMETRIC_REPRESENTATION_CONTEXT(2) 
PARAMETRIC_REPRESENTATION_CONTEXT() REPRESENTATION_CONTEXT('2D SPACE',''
  ) );
#5090 = PCURVE('',#5091,#5096);
#5091 = PLANE('',#5092);
#5092 = AXIS2_PLACEMENT_3D('',#5093,#5094,#5095);
#5093 = CARTESIAN_POINT('',(100.,-35.,8.));
#5094 = DIRECTION('',(0.,0.,1.));
#5095 = DIRECTION('',(1.,0.,-0.));
#5096 = DEFINITIONAL_REPRESENTATION('',(#5097),#5101);
#5097 = CIRCLE('',#5098,13.);
#5098 = AXIS2_PLACEMENT_2D('',#5099,#5100);
#5099 = CARTESIAN_POINT('',(0.,0.));
#5100 = DIRECTION('',(1.,0.));
#5101 = ( GEOMETRIC_REPRESENTATION_CONTEXT(2) 
PARAMETRIC_REPRESENTATION_CONTEXT() REPRESENTATION_CONTEXT('2D SPACE',''
  ) );
#5102 = ORIENTED_EDGE('',*,*,#5103,.T.);
#5103 = EDGE_CURVE('',#5075,#4558,#5104,.T.);
#5104 = SEAM_CURVE('',#5105,(#5109,#5116),.PCURVE_S1.);
#5105 = LINE('',#5106,#5107);
#5106 = CARTESIAN_POINT('',(113.,-35.,8.));
#5107 = VECTOR('',#5108,1.);
#5108 = DIRECTION('',(0.,0.,1.));
#5109 = PCURVE('',#4574,#5110);
#5110 = DEFINITIONAL_REPRESENTATION('',(#5111),#5115);
#5111 = LINE('',#5112,#5113);
#5112 = CARTESIAN_POINT('',(0.,-0.));
#5113 = VECTOR('',#5114,1.);
#5114 = DIRECTION('',(0.,1.));
#5115 = ( GEOMETRIC_REPRESENTATION_CONTEXT(2) 
PARAMETRIC_REPRESENTATION_CONTEXT() REPRESENTATION_CONTEXT('2D SPACE',''
  ) );
#5116 = PCURVE('',#4574,#5117);
#5117 = DEFINITIONAL_REPRESENTATION('',(#5118),#5122);
#5118 = LINE('',#5119,#5120);
#5119 = CARTESIAN_POINT('',(6.28318530718,-0.));
#5120 = VECTOR('',#5121,1.);
#5121 = DIRECTION('',(0.,1.));
#5122 = ( GEOMETRIC_REPRESENTATION_CONTEXT(2) 
PARAMETRIC_REPRESENTATION_CONTEXT() REPRESENTATION_CONTEXT('2D SPACE',''
  ) );
#5123 = ORIENTED_EDGE('',*,*,#4557,.F.);
#5124 = ORIENTED_EDGE('',*,*,#5103,.F.);
#5125 = ADVANCED_FACE('',(#5126),#4609,.F.);
#5126 = FACE_BOUND('',#5127,.F.);
#5127 = EDGE_LOOP('',(#5128,#5157,#5178,#5179));
#5128 = ORIENTED_EDGE('',*,*,#5129,.T.);
#5129 = EDGE_CURVE('',#5130,#5130,#5132,.T.);
#5130 = VERTEX_POINT('',#5131);
#5131 = CARTESIAN_POINT('',(-87.,35.,8.));
#5132 = SURFACE_CURVE('',#5133,(#5138,#5145),.PCURVE_S1.);
#5133 = CIRCLE('',#5134,13.);
#5134 = AXIS2_PLACEMENT_3D('',#5135,#5136,#5137);
#5135 = CARTESIAN_POINT('',(-100.,35.,8.));
#5136 = DIRECTION('',(0.,0.,1.));
#5137 = DIRECTION('',(1.,0.,-0.));
#5138 = PCURVE('',#4609,#5139);
#5139 = DEFINITIONAL_REPRESENTATION('',(#5140),#5144);
#5140 = LINE('',#5141,#5142);
#5141 = CARTESIAN_POINT('',(0.,0.));
#5142 = VECTOR('',#5143,1.);
#5143 = DIRECTION('',(1.,0.));
#5144 = ( GEOMETRIC_REPRESENTATION_CONTEXT(2) 
PARAMETRIC_REPRESENTATION_CONTEXT() REPRESENTATION_CONTEXT('2D SPACE',''
  ) );
#5145 = PCURVE('',#5146,#5151);
#5146 = PLANE('',#5147);
#5147 = AXIS2_PLACEMENT_3D('',#5148,#5149,#5150);
#5148 = CARTESIAN_POINT('',(-100.,35.,8.));
#5149 = DIRECTION('',(0.,0.,1.));
#5150 = DIRECTION('',(1.,0.,-0.));
#5151 = DEFINITIONAL_REPRESENTATION('',(#5152),#5156);
#5152 = CIRCLE('',#5153,13.);
#5153 = AXIS2_PLACEMENT_2D('',#5154,#5155);
#5154 = CARTESIAN_POINT('',(0.,0.));
#5155 = DIRECTION('',(1.,0.));
#5156 = ( GEOMETRIC_REPRESENTATION_CONTEXT(2) 
PARAMETRIC_REPRESENTATION_CONTEXT() REPRESENTATION_CONTEXT('2D SPACE',''
  ) );
#5157 = ORIENTED_EDGE('',*,*,#5158,.T.);
#5158 = EDGE_CURVE('',#5130,#4593,#5159,.T.);
#5159 = SEAM_CURVE('',#5160,(#5164,#5171),.PCURVE_S1.);
#5160 = LINE('',#5161,#5162);
#5161 = CARTESIAN_POINT('',(-87.,35.,8.));
#5162 = VECTOR('',#5163,1.);
#5163 = DIRECTION('',(0.,0.,1.));
#5164 = PCURVE('',#4609,#5165);
#5165 = DEFINITIONAL_REPRESENTATION('',(#5166),#5170);
#5166 = LINE('',#5167,#5168);
#5167 = CARTESIAN_POINT('',(0.,-0.));
#5168 = VECTOR('',#5169,1.);
#5169 = DIRECTION('',(0.,1.));
#5170 = ( GEOMETRIC_REPRESENTATION_CONTEXT(2) 
PARAMETRIC_REPRESENTATION_CONTEXT() REPRESENTATION_CONTEXT('2D SPACE',''
  ) );
#5171 = PCURVE('',#4609,#5172);
#5172 = DEFINITIONAL_REPRESENTATION('',(#5173),#5177);
#5173 = LINE('',#5174,#5175);
#5174 = CARTESIAN_POINT('',(6.28318530718,-0.));
#5175 = VECTOR('',#5176,1.);
#5176 = DIRECTION('',(0.,1.));
#5177 = ( GEOMETRIC_REPRESENTATION_CONTEXT(2) 
PARAMETRIC_REPRESENTATION_CONTEXT() REPRESENTATION_CONTEXT('2D SPACE',''
  ) );
#5178 = ORIENTED_EDGE('',*,*,#4592,.F.);
#5179 = ORIENTED_EDGE('',*,*,#5158,.F.);
#5180 = ADVANCED_FACE('',(#5181),#4644,.F.);
#5181 = FACE_BOUND('',#5182,.F.);
#5182 = EDGE_LOOP('',(#5183,#5212,#5233,#5234));
#5183 = ORIENTED_EDGE('',*,*,#5184,.T.);
#5184 = EDGE_CURVE('',#5185,#5185,#5187,.T.);
#5185 = VERTEX_POINT('',#5186);
#5186 = CARTESIAN_POINT('',(-47.,35.,8.));
#5187 = SURFACE_CURVE('',#5188,(#5193,#5200),.PCURVE_S1.);
#5188 = CIRCLE('',#5189,13.);
#5189 = AXIS2_PLACEMENT_3D('',#5190,#5191,#5192);
#5190 = CARTESIAN_POINT('',(-60.,35.,8.));
#5191 = DIRECTION('',(0.,0.,1.));
#5192 = DIRECTION('',(1.,0.,-0.));
#5193 = PCURVE('',#4644,#5194);
#5194 = DEFINITIONAL_REPRESENTATION('',(#5195),#5199);
#5195 = LINE('',#5196,#5197);
#5196 = CARTESIAN_POINT('',(0.,0.));
#5197 = VECTOR('',#5198,1.);
#5198 = DIRECTION('',(1.,0.));
#5199 = ( GEOMETRIC_REPRESENTATION_CONTEXT(2) 
PARAMETRIC_REPRESENTATION_CONTEXT() REPRESENTATION_CONTEXT('2D SPACE',''
  ) );
#5200 = PCURVE('',#5201,#5206);
#5201 = PLANE('',#5202);
#5202 = AXIS2_PLACEMENT_3D('',#5203,#5204,#5205);
#5203 = CARTESIAN_POINT('',(-60.,35.,8.));
#5204 = DIRECTION('',(0.,0.,1.));
#5205 = DIRECTION('',(1.,0.,-0.));
#5206 = DEFINITIONAL_REPRESENTATION('',(#5207),#5211);
#5207 = CIRCLE('',#5208,13.);
#5208 = AXIS2_PLACEMENT_2D('',#5209,#5210);
#5209 = CARTESIAN_POINT('',(0.,0.));
#5210 = DIRECTION('',(1.,0.));
#5211 = ( GEOMETRIC_REPRESENTATION_CONTEXT(2) 
PARAMETRIC_REPRESENTATION_CONTEXT() REPRESENTATION_CONTEXT('2D SPACE',''
  ) );
#5212 = ORIENTED_EDGE('',*,*,#5213,.T.);
#5213 = EDGE_CURVE('',#5185,#4628,#5214,.T.);
#5214 = SEAM_CURVE('',#5215,(#5219,#5226),.PCURVE_S1.);
#5215 = LINE('',#5216,#5217);
#5216 = CARTESIAN_POINT('',(-47.,35.,8.));
#5217 = VECTOR('',#5218,1.);
#5218 = DIRECTION('',(0.,0.,1.));
#5219 = PCURVE('',#4644,#5220);
#5220 = DEFINITIONAL_REPRESENTATION('',(#5221),#5225);
#5221 = LINE('',#5222,#5223);
#5222 = CARTESIAN_POINT('',(0.,-0.));
#5223 = VECTOR('',#5224,1.);
#5224 = DIRECTION('',(0.,1.));
#5225 = ( GEOMETRIC_REPRESENTATION_CONTEXT(2) 
PARAMETRIC_REPRESENTATION_CONTEXT() REPRESENTATION_CONTEXT('2D SPACE',''
  ) );
#5226 = PCURVE('',#4644,#5227);
#5227 = DEFINITIONAL_REPRESENTATION('',(#5228),#5232);
#5228 = LINE('',#5229,#5230);
#5229 = CARTESIAN_POINT('',(6.28318530718,-0.));
#5230 = VECTOR('',#5231,1.);
#5231 = DIRECTION('',(0.,1.));
#5232 = ( GEOMETRIC_REPRESENTATION_CONTEXT(2) 
PARAMETRIC_REPRESENTATION_CONTEXT() REPRESENTATION_CONTEXT('2D SPACE',''
  ) );
#5233 = ORIENTED_EDGE('',*,*,#4627,.F.);
#5234 = ORIENTED_EDGE('',*,*,#5213,.F.);
#5235 = ADVANCED_FACE('',(#5236),#4679,.F.);
#5236 = FACE_BOUND('',#5237,.F.);
#5237 = EDGE_LOOP('',(#5238,#5267,#5288,#5289));
#5238 = ORIENTED_EDGE('',*,*,#5239,.T.);
#5239 = EDGE_CURVE('',#5240,#5240,#5242,.T.);
#5240 = VERTEX_POINT('',#5241);
#5241 = CARTESIAN_POINT('',(-7.,35.,8.));
#5242 = SURFACE_CURVE('',#5243,(#5248,#5255),.PCURVE_S1.);
#5243 = CIRCLE('',#5244,13.);
#5244 = AXIS2_PLACEMENT_3D('',#5245,#5246,#5247);
#5245 = CARTESIAN_POINT('',(-20.,35.,8.));
#5246 = DIRECTION('',(0.,0.,1.));
#5247 = DIRECTION('',(1.,0.,-0.));
#5248 = PCURVE('',#4679,#5249);
#5249 = DEFINITIONAL_REPRESENTATION('',(#5250),#5254);
#5250 = LINE('',#5251,#5252);
#5251 = CARTESIAN_POINT('',(0.,0.));
#5252 = VECTOR('',#5253,1.);
#5253 = DIRECTION('',(1.,0.));
#5254 = ( GEOMETRIC_REPRESENTATION_CONTEXT(2) 
PARAMETRIC_REPRESENTATION_CONTEXT() REPRESENTATION_CONTEXT('2D SPACE',''
  ) );
#5255 = PCURVE('',#5256,#5261);
#5256 = PLANE('',#5257);
#5257 = AXIS2_PLACEMENT_3D('',#5258,#5259,#5260);
#5258 = CARTESIAN_POINT('',(-20.,35.,8.));
#5259 = DIRECTION('',(0.,0.,1.));
#5260 = DIRECTION('',(1.,0.,-0.));
#5261 = DEFINITIONAL_REPRESENTATION('',(#5262),#5266);
#5262 = CIRCLE('',#5263,13.);
#5263 = AXIS2_PLACEMENT_2D('',#5264,#5265);
#5264 = CARTESIAN_POINT('',(0.,0.));
#5265 = DIRECTION('',(1.,0.));
#5266 = ( GEOMETRIC_REPRESENTATION_CONTEXT(2) 
PARAMETRIC_REPRESENTATION_CONTEXT() REPRESENTATION_CONTEXT('2D SPACE',''
  ) );
#5267 = ORIENTED_EDGE('',*,*,#5268,.T.);
#5268 = EDGE_CURVE('',#5240,#4663,#5269,.T.);
#5269 = SEAM_CURVE('',#5270,(#5274,#5281),.PCURVE_S1.);
#5270 = LINE('',#5271,#5272);
#5271 = CARTESIAN_POINT('',(-7.,35.,8.));
#5272 = VECTOR('',#5273,1.);
#5273 = DIRECTION('',(0.,0.,1.));
#5274 = PCURVE('',#4679,#5275);
#5275 = DEFINITIONAL_REPRESENTATION('',(#5276),#5280);
#5276 = LINE('',#5277,#5278);
#5277 = CARTESIAN_POINT('',(0.,-0.));
#5278 = VECTOR('',#5279,1.);
#5279 = DIRECTION('',(0.,1.));
#5280 = ( GEOMETRIC_REPRESENTATION_CONTEXT(2) 
PARAMETRIC_REPRESENTATION_CONTEXT() REPRESENTATION_CONTEXT('2D SPACE',''
  ) );
#5281 = PCURVE('',#4679,#5282);
#5282 = DEFINITIONAL_REPRESENTATION('',(#5283),#5287);
#5283 = LINE('',#5284,#5285);
#5284 = CARTESIAN_POINT('',(6.28318530718,-0.));
#5285 = VECTOR('',#5286,1.);
#5286 = DIRECTION('',(0.,1.));
#5287 = ( GEOMETRIC_REPRESENTATION_CONTEXT(2) 
PARAMETRIC_REPRESENTATION_CONTEXT() REPRESENTATION_CONTEXT('2D SPACE',''
  ) );
#5288 = ORIENTED_EDGE('',*,*,#4662,.F.);
#5289 = ORIENTED_EDGE('',*,*,#5268,.F.);
#5290 = ADVANCED_FACE('',(#5291),#4714,.F.);
#5291 = FACE_BOUND('',#5292,.F.);
#5292 = EDGE_LOOP('',(#5293,#5322,#5343,#5344));
#5293 = ORIENTED_EDGE('',*,*,#5294,.T.);
#5294 = EDGE_CURVE('',#5295,#5295,#5297,.T.);
#5295 = VERTEX_POINT('',#5296);
#5296 = CARTESIAN_POINT('',(33.,35.,8.));
#5297 = SURFACE_CURVE('',#5298,(#5303,#5310),.PCURVE_S1.);
#5298 = CIRCLE('',#5299,13.);
#5299 = AXIS2_PLACEMENT_3D('',#5300,#5301,#5302);
#5300 = CARTESIAN_POINT('',(20.,35.,8.));
#5301 = DIRECTION('',(0.,0.,1.));
#5302 = DIRECTION('',(1.,0.,-0.));
#5303 = PCURVE('',#4714,#5304);
#5304 = DEFINITIONAL_REPRESENTATION('',(#5305),#5309);
#5305 = LINE('',#5306,#5307);
#5306 = CARTESIAN_POINT('',(0.,0.));
#5307 = VECTOR('',#5308,1.);
#5308 = DIRECTION('',(1.,0.));
#5309 = ( GEOMETRIC_REPRESENTATION_CONTEXT(2) 
PARAMETRIC_REPRESENTATION_CONTEXT() REPRESENTATION_CONTEXT('2D SPACE',''
  ) );
#5310 = PCURVE('',#5311,#5316);
#5311 = PLANE('',#5312);
#5312 = AXIS2_PLACEMENT_3D('',#5313,#5314,#5315);
#5313 = CARTESIAN_POINT('',(20.,35.,8.));
#5314 = DIRECTION('',(0.,0.,1.));
#5315 = DIRECTION('',(1.,0.,-0.));
#5316 = DEFINITIONAL_REPRESENTATION('',(#5317),#5321);
#5317 = CIRCLE('',#5318,13.);
#5318 = AXIS2_PLACEMENT_2D('',#5319,#5320);
#5319 = CARTESIAN_POINT('',(0.,0.));
#5320 = DIRECTION('',(1.,0.));
#5321 = ( GEOMETRIC_REPRESENTATION_CONTEXT(2) 
PARAMETRIC_REPRESENTATION_CONTEXT() REPRESENTATION_CONTEXT('2D SPACE',''
  ) );
#5322 = ORIENTED_EDGE('',*,*,#5323,.T.);
#5323 = EDGE_CURVE('',#5295,#4698,#5324,.T.);
#5324 = SEAM_CURVE('',#5325,(#5329,#5336),.PCURVE_S1.);
#5325 = LINE('',#5326,#5327);
#5326 = CARTESIAN_POINT('',(33.,35.,8.));
#5327 = VECTOR('',#5328,1.);
#5328 = DIRECTION('',(0.,0.,1.));
#5329 = PCURVE('',#4714,#5330);
#5330 = DEFINITIONAL_REPRESENTATION('',(#5331),#5335);
#5331 = LINE('',#5332,#5333);
#5332 = CARTESIAN_POINT('',(0.,-0.));
#5333 = VECTOR('',#5334,1.);
#5334 = DIRECTION('',(0.,1.));
#5335 = ( GEOMETRIC_REPRESENTATION_CONTEXT(2) 
PARAMETRIC_REPRESENTATION_CONTEXT() REPRESENTATION_CONTEXT('2D SPACE',''
  ) );
#5336 = PCURVE('',#4714,#5337);
#5337 = DEFINITIONAL_REPRESENTATION('',(#5338),#5342);
#5338 = LINE('',#5339,#5340);
#5339 = CARTESIAN_POINT('',(6.28318530718,-0.));
#5340 = VECTOR('',#5341,1.);
#5341 = DIRECTION('',(0.,1.));
#5342 = ( GEOMETRIC_REPRESENTATION_CONTEXT(2) 
PARAMETRIC_REPRESENTATION_CONTEXT() REPRESENTATION_CONTEXT('2D SPACE',''
  ) );
#5343 = ORIENTED_EDGE('',*,*,#4697,.F.);
#5344 = ORIENTED_EDGE('',*,*,#5323,.F.);
#5345 = ADVANCED_FACE('',(#5346),#4749,.F.);
#5346 = FACE_BOUND('',#5347,.F.);
#5347 = EDGE_LOOP('',(#5348,#5377,#5398,#5399));
#5348 = ORIENTED_EDGE('',*,*,#5349,.T.);
#5349 = EDGE_CURVE('',#5350,#5350,#5352,.T.);
#5350 = VERTEX_POINT('',#5351);
#5351 = CARTESIAN_POINT('',(73.,35.,8.));
#5352 = SURFACE_CURVE('',#5353,(#5358,#5365),.PCURVE_S1.);
#5353 = CIRCLE('',#5354,13.);
#5354 = AXIS2_PLACEMENT_3D('',#5355,#5356,#5357);
#5355 = CARTESIAN_POINT('',(60.,35.,8.));
#5356 = DIRECTION('',(0.,0.,1.));
#5357 = DIRECTION('',(1.,0.,-0.));
#5358 = PCURVE('',#4749,#5359);
#5359 = DEFINITIONAL_REPRESENTATION('',(#5360),#5364);
#5360 = LINE('',#5361,#5362);
#5361 = CARTESIAN_POINT('',(0.,0.));
#5362 = VECTOR('',#5363,1.);
#5363 = DIRECTION('',(1.,0.));
#5364 = ( GEOMETRIC_REPRESENTATION_CONTEXT(2) 
PARAMETRIC_REPRESENTATION_CONTEXT() REPRESENTATION_CONTEXT('2D SPACE',''
  ) );
#5365 = PCURVE('',#5366,#5371);
#5366 = PLANE('',#5367);
#5367 = AXIS2_PLACEMENT_3D('',#5368,#5369,#5370);
#5368 = CARTESIAN_POINT('',(60.,35.,8.));
#5369 = DIRECTION('',(0.,0.,1.));
#5370 = DIRECTION('',(1.,0.,-0.));
#5371 = DEFINITIONAL_REPRESENTATION('',(#5372),#5376);
#5372 = CIRCLE('',#5373,13.);
#5373 = AXIS2_PLACEMENT_2D('',#5374,#5375);
#5374 = CARTESIAN_POINT('',(0.,0.));
#5375 = DIRECTION('',(1.,0.));
#5376 = ( GEOMETRIC_REPRESENTATION_CONTEXT(2) 
PARAMETRIC_REPRESENTATION_CONTEXT() REPRESENTATION_CONTEXT('2D SPACE',''
  ) );
#5377 = ORIENTED_EDGE('',*,*,#5378,.T.);
#5378 = EDGE_CURVE('',#5350,#4733,#5379,.T.);
#5379 = SEAM_CURVE('',#5380,(#5384,#5391),.PCURVE_S1.);
#5380 = LINE('',#5381,#5382);
#5381 = CARTESIAN_POINT('',(73.,35.,8.));
#5382 = VECTOR('',#5383,1.);
#5383 = DIRECTION('',(0.,0.,1.));
#5384 = PCURVE('',#4749,#5385);
#5385 = DEFINITIONAL_REPRESENTATION('',(#5386),#5390);
#5386 = LINE('',#5387,#5388);
#5387 = CARTESIAN_POINT('',(0.,-0.));
#5388 = VECTOR('',#5389,1.);
#5389 = DIRECTION('',(0.,1.));
#5390 = ( GEOMETRIC_REPRESENTATION_CONTEXT(2) 
PARAMETRIC_REPRESENTATION_CONTEXT() REPRESENTATION_CONTEXT('2D SPACE',''
  ) );
#5391 = PCURVE('',#4749,#5392);
#5392 = DEFINITIONAL_REPRESENTATION('',(#5393),#5397);
#5393 = LINE('',#5394,#5395);
#5394 = CARTESIAN_POINT('',(6.28318530718,-0.));
#5395 = VECTOR('',#5396,1.);
#5396 = DIRECTION('',(0.,1.));
#5397 = ( GEOMETRIC_REPRESENTATION_CONTEXT(2) 
PARAMETRIC_REPRESENTATION_CONTEXT() REPRESENTATION_CONTEXT('2D SPACE',''
  ) );
#5398 = ORIENTED_EDGE('',*,*,#4732,.F.);
#5399 = ORIENTED_EDGE('',*,*,#5378,.F.);
#5400 = ADVANCED_FACE('',(#5401),#4784,.F.);
#5401 = FACE_BOUND('',#5402,.F.);
#5402 = EDGE_LOOP('',(#5403,#5432,#5453,#5454));
#5403 = ORIENTED_EDGE('',*,*,#5404,.T.);
#5404 = EDGE_CURVE('',#5405,#5405,#5407,.T.);
#5405 = VERTEX_POINT('',#5406);
#5406 = CARTESIAN_POINT('',(113.,35.,8.));
#5407 = SURFACE_CURVE('',#5408,(#5413,#5420),.PCURVE_S1.);
#5408 = CIRCLE('',#5409,13.);
#5409 = AXIS2_PLACEMENT_3D('',#5410,#5411,#5412);
#5410 = CARTESIAN_POINT('',(100.,35.,8.));
#5411 = DIRECTION('',(0.,0.,1.));
#5412 = DIRECTION('',(1.,0.,-0.));
#5413 = PCURVE('',#4784,#5414);
#5414 = DEFINITIONAL_REPRESENTATION('',(#5415),#5419);
#5415 = LINE('',#5416,#5417);
#5416 = CARTESIAN_POINT('',(0.,0.));
#5417 = VECTOR('',#5418,1.);
#5418 = DIRECTION('',(1.,0.));
#5419 = ( GEOMETRIC_REPRESENTATION_CONTEXT(2) 
PARAMETRIC_REPRESENTATION_CONTEXT() REPRESENTATION_CONTEXT('2D SPACE',''
  ) );
#5420 = PCURVE('',#5421,#5426);
#5421 = PLANE('',#5422);
#5422 = AXIS2_PLACEMENT_3D('',#5423,#5424,#5425);
#5423 = CARTESIAN_POINT('',(100.,35.,8.));
#5424 = DIRECTION('',(0.,0.,1.));
#5425 = DIRECTION('',(1.,0.,-0.));
#5426 = DEFINITIONAL_REPRESENTATION('',(#5427),#5431);
#5427 = CIRCLE('',#5428,13.);
#5428 = AXIS2_PLACEMENT_2D('',#5429,#5430);
#5429 = CARTESIAN_POINT('',(0.,0.));
#5430 = DIRECTION('',(1.,0.));
#5431 = ( GEOMETRIC_REPRESENTATION_CONTEXT(2) 
PARAMETRIC_REPRESENTATION_CONTEXT() REPRESENTATION_CONTEXT('2D SPACE',''
  ) );
#5432 = ORIENTED_EDGE('',*,*,#5433,.T.);
#5433 = EDGE_CURVE('',#5405,#4768,#5434,.T.);
#5434 = SEAM_CURVE('',#5435,(#5439,#5446),.PCURVE_S1.);
#5435 = LINE('',#5436,#5437);
#5436 = CARTESIAN_POINT('',(113.,35.,8.));
#5437 = VECTOR('',#5438,1.);
#5438 = DIRECTION('',(0.,0.,1.));
#5439 = PCURVE('',#4784,#5440);
#5440 = DEFINITIONAL_REPRESENTATION('',(#5441),#5445);
#5441 = LINE('',#5442,#5443);
#5442 = CARTESIAN_POINT('',(0.,-0.));
#5443 = VECTOR('',#5444,1.);
#5444 = DIRECTION('',(0.,1.));
#5445 = ( GEOMETRIC_REPRESENTATION_CONTEXT(2) 
PARAMETRIC_REPRESENTATION_CONTEXT() REPRESENTATION_CONTEXT('2D SPACE',''
  ) );
#5446 = PCURVE('',#4784,#5447);
#5447 = DEFINITIONAL_REPRESENTATION('',(#5448),#5452);
#5448 = LINE('',#5449,#5450);
#5449 = CARTESIAN_POINT('',(6.28318530718,-0.));
#5450 = VECTOR('',#5451,1.);
#5451 = DIRECTION('',(0.,1.));
#5452 = ( GEOMETRIC_REPRESENTATION_CONTEXT(2) 
PARAMETRIC_REPRESENTATION_CONTEXT() REPRESENTATION_CONTEXT('2D SPACE',''
  ) );
#5453 = ORIENTED_EDGE('',*,*,#4767,.F.);
#5454 = ORIENTED_EDGE('',*,*,#5433,.F.);
#5455 = ADVANCED_FACE('',(#5456),#4816,.T.);
#5456 = FACE_BOUND('',#5457,.F.);
#5457 = EDGE_LOOP('',(#5458));
#5458 = ORIENTED_EDGE('',*,*,#4799,.F.);
#5459 = ADVANCED_FACE('',(#5460),#4871,.T.);
#5460 = FACE_BOUND('',#5461,.F.);
#5461 = EDGE_LOOP('',(#5462));
#5462 = ORIENTED_EDGE('',*,*,#4854,.F.);
#5463 = ADVANCED_FACE('',(#5464),#4926,.T.);
#5464 = FACE_BOUND('',#5465,.F.);
#5465 = EDGE_LOOP('',(#5466));
#5466 = ORIENTED_EDGE('',*,*,#4909,.F.);
#5467 = ADVANCED_FACE('',(#5468),#4981,.T.);
#5468 = FACE_BOUND('',#5469,.F.);
#5469 = EDGE_LOOP('',(#5470));
#5470 = ORIENTED_EDGE('',*,*,#4964,.F.);
#5471 = ADVANCED_FACE('',(#5472),#5036,.T.);
#5472 = FACE_BOUND('',#5473,.F.);
#5473 = EDGE_LOOP('',(#5474));
#5474 = ORIENTED_EDGE('',*,*,#5019,.F.);
#5475 = ADVANCED_FACE('',(#5476),#5091,.T.);
#5476 = FACE_BOUND('',#5477,.F.);
#5477 = EDGE_LOOP('',(#5478));
#5478 = ORIENTED_EDGE('',*,*,#5074,.F.);
#5479 = ADVANCED_FACE('',(#5480),#5146,.T.);
#5480 = FACE_BOUND('',#5481,.F.);
#5481 = EDGE_LOOP('',(#5482));
#5482 = ORIENTED_EDGE('',*,*,#5129,.F.);
#5483 = ADVANCED_FACE('',(#5484),#5201,.T.);
#5484 = FACE_BOUND('',#5485,.F.);
#5485 = EDGE_LOOP('',(#5486));
#5486 = ORIENTED_EDGE('',*,*,#5184,.F.);
#5487 = ADVANCED_FACE('',(#5488),#5256,.T.);
#5488 = FACE_BOUND('',#5489,.F.);
#5489 = EDGE_LOOP('',(#5490));
#5490 = ORIENTED_EDGE('',*,*,#5239,.F.);
#5491 = ADVANCED_FACE('',(#5492),#5311,.T.);
#5492 = FACE_BOUND('',#5493,.F.);
#5493 = EDGE_LOOP('',(#5494));
#5494 = ORIENTED_EDGE('',*,*,#5294,.F.);
#5495 = ADVANCED_FACE('',(#5496),#5366,.T.);
#5496 = FACE_BOUND('',#5497,.F.);
#5497 = EDGE_LOOP('',(#5498));
#5498 = ORIENTED_EDGE('',*,*,#5349,.F.);
#5499 = ADVANCED_FACE('',(#5500),#5421,.T.);
#5500 = FACE_BOUND('',#5501,.F.);
#5501 = EDGE_LOOP('',(#5502));
#5502 = ORIENTED_EDGE('',*,*,#5404,.F.);
#5503 = ( GEOMETRIC_REPRESENTATION_CONTEXT(3) 
GLOBAL_UNCERTAINTY_ASSIGNED_CONTEXT((#5507)) 
GLOBAL_UNIT_ASSIGNED_CONTEXT((#5504,#5505,#5506)) REPRESENTATION_CONTEXT
('Context #1','3D Context with UNIT and UNCERTAINTY') );
#5504 = ( LENGTH_UNIT() NAMED_UNIT(*) SI_UNIT(.MILLI.,.METRE.) );
#5505 = ( NAMED_UNIT(*) PLANE_ANGLE_UNIT() SI_UNIT($,.RADIAN.) );
#5506 = ( NAMED_UNIT(*) SI_UNIT($,.STERADIAN.) SOLID_ANGLE_UNIT() );
#5507 = UNCERTAINTY_MEASURE_WITH_UNIT(LENGTH_MEASURE(1.E-07),#5504,
  'distance_accuracy_value','confusion accuracy');
#5508 = CONTEXT_DEPENDENT_SHAPE_REPRESENTATION(#5509,#5511);
#5509 = ( REPRESENTATION_RELATIONSHIP('','',#224,#10) 
REPRESENTATION_RELATIONSHIP_WITH_TRANSFORMATION(#5510) 
SHAPE_REPRESENTATION_RELATIONSHIP() );
#5510 = ITEM_DEFINED_TRANSFORMATION('','',#11,#15);
#5511 = PRODUCT_DEFINITION_SHAPE('Placement','Placement of an item',
  #5512);
#5512 = NEXT_ASSEMBLY_USAGE_OCCURRENCE('1','trough_board','',#5,#219,$);
#5513 = PRODUCT_RELATED_PRODUCT_CATEGORY('part',$,(#221));
#5514 = SHAPE_DEFINITION_REPRESENTATION(#5515,#5521);
#5515 = PRODUCT_DEFINITION_SHAPE('','',#5516);
#5516 = PRODUCT_DEFINITION('design','',#5517,#5520);
#5517 = PRODUCT_DEFINITION_FORMATION('','',#5518);
#5518 = PRODUCT('seed_small_01','seed_small_01','',(#5519));
#5519 = PRODUCT_CONTEXT('',#2,'mechanical');
#5520 = PRODUCT_DEFINITION_CONTEXT('part definition',#2,'design');
#5521 = ADVANCED_BREP_SHAPE_REPRESENTATION('',(#11,#5522),#5726);
#5522 = MANIFOLD_SOLID_BREP('',#5523);
#5523 = CLOSED_SHELL('',(#5524,#5612,#5665,#5718,#5722));
#5524 = ADVANCED_FACE('',(#5525),#5539,.T.);
#5525 = FACE_BOUND('',#5526,.T.);
#5526 = EDGE_LOOP('',(#5527,#5557,#5584,#5585));
#5527 = ORIENTED_EDGE('',*,*,#5528,.T.);
#5528 = EDGE_CURVE('',#5529,#5531,#5533,.T.);
#5529 = VERTEX_POINT('',#5530);
#5530 = CARTESIAN_POINT('',(5.,0.,1.));
#5531 = VERTEX_POINT('',#5532);
#5532 = CARTESIAN_POINT('',(5.,0.,6.));
#5533 = SEAM_CURVE('',#5534,(#5538,#5550),.PCURVE_S1.);
#5534 = LINE('',#5535,#5536);
#5535 = CARTESIAN_POINT('',(5.,-1.224646799147E-15,0.));
#5536 = VECTOR('',#5537,1.);
#5537 = DIRECTION('',(0.,0.,1.));
#5538 = PCURVE('',#5539,#5544);
#5539 = CYLINDRICAL_SURFACE('',#5540,5.);
#5540 = AXIS2_PLACEMENT_3D('',#5541,#5542,#5543);
#5541 = CARTESIAN_POINT('',(0.,0.,0.));
#5542 = DIRECTION('',(0.,0.,1.));
#5543 = DIRECTION('',(1.,0.,0.));
#5544 = DEFINITIONAL_REPRESENTATION('',(#5545),#5549);
#5545 = LINE('',#5546,#5547);
#5546 = CARTESIAN_POINT('',(6.28318530718,-0.));
#5547 = VECTOR('',#5548,1.);
#5548 = DIRECTION('',(0.,1.));
#5549 = ( GEOMETRIC_REPRESENTATION_CONTEXT(2) 
PARAMETRIC_REPRESENTATION_CONTEXT() REPRESENTATION_CONTEXT('2D SPACE',''
  ) );
#5550 = PCURVE('',#5539,#5551);
#5551 = DEFINITIONAL_REPRESENTATION('',(#5552),#5556);
#5552 = LINE('',#5553,#5554);
#5553 = CARTESIAN_POINT('',(0.,-0.));
#5554 = VECTOR('',#5555,1.);
#5555 = DIRECTION('',(0.,1.));
#5556 = ( GEOMETRIC_REPRESENTATION_CONTEXT(2) 
PARAMETRIC_REPRESENTATION_CONTEXT() REPRESENTATION_CONTEXT('2D SPACE',''
  ) );
#5557 = ORIENTED_EDGE('',*,*,#5558,.F.);
#5558 = EDGE_CURVE('',#5531,#5531,#5559,.T.);
#5559 = SURFACE_CURVE('',#5560,(#5565,#5572),.PCURVE_S1.);
#5560 = CIRCLE('',#5561,5.);
#5561 = AXIS2_PLACEMENT_3D('',#5562,#5563,#5564);
#5562 = CARTESIAN_POINT('',(0.,0.,6.));
#5563 = DIRECTION('',(0.,0.,1.));
#5564 = DIRECTION('',(1.,0.,-0.));
#5565 = PCURVE('',#5539,#5566);
#5566 = DEFINITIONAL_REPRESENTATION('',(#5567),#5571);
#5567 = LINE('',#5568,#5569);
#5568 = CARTESIAN_POINT('',(0.,6.));
#5569 = VECTOR('',#5570,1.);
#5570 = DIRECTION('',(1.,0.));
#5571 = ( GEOMETRIC_REPRESENTATION_CONTEXT(2) 
PARAMETRIC_REPRESENTATION_CONTEXT() REPRESENTATION_CONTEXT('2D SPACE',''
  ) );
#5572 = PCURVE('',#5573,#5578);
#5573 = CONICAL_SURFACE('',#5574,5.,0.785398163397);
#5574 = AXIS2_PLACEMENT_3D('',#5575,#5576,#5577);
#5575 = CARTESIAN_POINT('',(0.,0.,6.));
#5576 = DIRECTION('',(-0.,-0.,-1.));
#5577 = DIRECTION('',(1.,0.,0.));
#5578 = DEFINITIONAL_REPRESENTATION('',(#5579),#5583);
#5579 = LINE('',#5580,#5581);
#5580 = CARTESIAN_POINT('',(-0.,-0.));
#5581 = VECTOR('',#5582,1.);
#5582 = DIRECTION('',(-1.,-0.));
#5583 = ( GEOMETRIC_REPRESENTATION_CONTEXT(2) 
PARAMETRIC_REPRESENTATION_CONTEXT() REPRESENTATION_CONTEXT('2D SPACE',''
  ) );
#5584 = ORIENTED_EDGE('',*,*,#5528,.F.);
#5585 = ORIENTED_EDGE('',*,*,#5586,.T.);
#5586 = EDGE_CURVE('',#5529,#5529,#5587,.T.);
#5587 = SURFACE_CURVE('',#5588,(#5593,#5600),.PCURVE_S1.);
#5588 = CIRCLE('',#5589,5.);
#5589 = AXIS2_PLACEMENT_3D('',#5590,#5591,#5592);
#5590 = CARTESIAN_POINT('',(0.,0.,1.));
#5591 = DIRECTION('',(0.,0.,1.));
#5592 = DIRECTION('',(1.,0.,-0.));
#5593 = PCURVE('',#5539,#5594);
#5594 = DEFINITIONAL_REPRESENTATION('',(#5595),#5599);
#5595 = LINE('',#5596,#5597);
#5596 = CARTESIAN_POINT('',(0.,1.));
#5597 = VECTOR('',#5598,1.);
#5598 = DIRECTION('',(1.,0.));
#5599 = ( GEOMETRIC_REPRESENTATION_CONTEXT(2) 
PARAMETRIC_REPRESENTATION_CONTEXT() REPRESENTATION_CONTEXT('2D SPACE',''
  ) );
#5600 = PCURVE('',#5601,#5606);
#5601 = CONICAL_SURFACE('',#5602,5.,0.785398163397);
#5602 = AXIS2_PLACEMENT_3D('',#5603,#5604,#5605);
#5603 = CARTESIAN_POINT('',(0.,0.,1.));
#5604 = DIRECTION('',(0.,0.,1.));
#5605 = DIRECTION('',(1.,0.,-0.));
#5606 = DEFINITIONAL_REPRESENTATION('',(#5607),#5611);
#5607 = LINE('',#5608,#5609);
#5608 = CARTESIAN_POINT('',(0.,-0.));
#5609 = VECTOR('',#5610,1.);
#5610 = DIRECTION('',(1.,-0.));
#5611 = ( GEOMETRIC_REPRESENTATION_CONTEXT(2) 
PARAMETRIC_REPRESENTATION_CONTEXT() REPRESENTATION_CONTEXT('2D SPACE',''
  ) );
#5612 = ADVANCED_FACE('',(#5613),#5601,.T.);
#5613 = FACE_BOUND('',#5614,.F.);
#5614 = EDGE_LOOP('',(#5615,#5636,#5637,#5638));
#5615 = ORIENTED_EDGE('',*,*,#5616,.F.);
#5616 = EDGE_CURVE('',#5529,#5617,#5619,.T.);
#5617 = VERTEX_POINT('',#5618);
#5618 = CARTESIAN_POINT('',(4.,0.,0.));
#5619 = SEAM_CURVE('',#5620,(#5624,#5630),.PCURVE_S1.);
#5620 = LINE('',#5621,#5622);
#5621 = CARTESIAN_POINT('',(5.,0.,1.));
#5622 = VECTOR('',#5623,1.);
#5623 = DIRECTION('',(-0.707106781187,-0.,-0.707106781187));
#5624 = PCURVE('',#5601,#5625);
#5625 = DEFINITIONAL_REPRESENTATION('',(#5626),#5629);
#5626 = B_SPLINE_CURVE_WITH_KNOTS('',1,(#5627,#5628),.UNSPECIFIED.,.F.,
  .F.,(2,2),(0.,1.414213562373),.PIECEWISE_BEZIER_KNOTS.);
#5627 = CARTESIAN_POINT('',(0.,0.));
#5628 = CARTESIAN_POINT('',(0.,-1.));
#5629 = ( GEOMETRIC_REPRESENTATION_CONTEXT(2) 
PARAMETRIC_REPRESENTATION_CONTEXT() REPRESENTATION_CONTEXT('2D SPACE',''
  ) );
#5630 = PCURVE('',#5601,#5631);
#5631 = DEFINITIONAL_REPRESENTATION('',(#5632),#5635);
#5632 = B_SPLINE_CURVE_WITH_KNOTS('',1,(#5633,#5634),.UNSPECIFIED.,.F.,
  .F.,(2,2),(0.,1.414213562373),.PIECEWISE_BEZIER_KNOTS.);
#5633 = CARTESIAN_POINT('',(6.28318530718,0.));
#5634 = CARTESIAN_POINT('',(6.28318530718,-1.));
#5635 = ( GEOMETRIC_REPRESENTATION_CONTEXT(2) 
PARAMETRIC_REPRESENTATION_CONTEXT() REPRESENTATION_CONTEXT('2D SPACE',''
  ) );
#5636 = ORIENTED_EDGE('',*,*,#5586,.T.);
#5637 = ORIENTED_EDGE('',*,*,#5616,.T.);
#5638 = ORIENTED_EDGE('',*,*,#5639,.F.);
#5639 = EDGE_CURVE('',#5617,#5617,#5640,.T.);
#5640 = SURFACE_CURVE('',#5641,(#5646,#5653),.PCURVE_S1.);
#5641 = CIRCLE('',#5642,4.);
#5642 = AXIS2_PLACEMENT_3D('',#5643,#5644,#5645);
#5643 = CARTESIAN_POINT('',(0.,0.,0.));
#5644 = DIRECTION('',(0.,0.,1.));
#5645 = DIRECTION('',(1.,0.,-0.));
#5646 = PCURVE('',#5601,#5647);
#5647 = DEFINITIONAL_REPRESENTATION('',(#5648),#5652);
#5648 = LINE('',#5649,#5650);
#5649 = CARTESIAN_POINT('',(0.,-1.));
#5650 = VECTOR('',#5651,1.);
#5651 = DIRECTION('',(1.,-0.));
#5652 = ( GEOMETRIC_REPRESENTATION_CONTEXT(2) 
PARAMETRIC_REPRESENTATION_CONTEXT() REPRESENTATION_CONTEXT('2D SPACE',''
  ) );
#5653 = PCURVE('',#5654,#5659);
#5654 = PLANE('',#5655);
#5655 = AXIS2_PLACEMENT_3D('',#5656,#5657,#5658);
#5656 = CARTESIAN_POINT('',(0.,0.,0.));
#5657 = DIRECTION('',(0.,0.,1.));
#5658 = DIRECTION('',(1.,0.,0.));
#5659 = DEFINITIONAL_REPRESENTATION('',(#5660),#5664);
#5660 = CIRCLE('',#5661,4.);
#5661 = AXIS2_PLACEMENT_2D('',#5662,#5663);
#5662 = CARTESIAN_POINT('',(0.,0.));
#5663 = DIRECTION('',(1.,0.));
#5664 = ( GEOMETRIC_REPRESENTATION_CONTEXT(2) 
PARAMETRIC_REPRESENTATION_CONTEXT() REPRESENTATION_CONTEXT('2D SPACE',''
  ) );
#5665 = ADVANCED_FACE('',(#5666),#5573,.T.);
#5666 = FACE_BOUND('',#5667,.T.);
#5667 = EDGE_LOOP('',(#5668,#5689,#5690,#5691));
#5668 = ORIENTED_EDGE('',*,*,#5669,.F.);
#5669 = EDGE_CURVE('',#5531,#5670,#5672,.T.);
#5670 = VERTEX_POINT('',#5671);
#5671 = CARTESIAN_POINT('',(4.,0.,7.));
#5672 = SEAM_CURVE('',#5673,(#5677,#5683),.PCURVE_S1.);
#5673 = LINE('',#5674,#5675);
#5674 = CARTESIAN_POINT('',(5.,0.,6.));
#5675 = VECTOR('',#5676,1.);
#5676 = DIRECTION('',(-0.707106781187,0.,0.707106781187));
#5677 = PCURVE('',#5573,#5678);
#5678 = DEFINITIONAL_REPRESENTATION('',(#5679),#5682);
#5679 = B_SPLINE_CURVE_WITH_KNOTS('',1,(#5680,#5681),.UNSPECIFIED.,.F.,
  .F.,(2,2),(0.,1.414213562373),.PIECEWISE_BEZIER_KNOTS.);
#5680 = CARTESIAN_POINT('',(0.,0.));
#5681 = CARTESIAN_POINT('',(0.,-1.));
#5682 = ( GEOMETRIC_REPRESENTATION_CONTEXT(2) 
PARAMETRIC_REPRESENTATION_CONTEXT() REPRESENTATION_CONTEXT('2D SPACE',''
  ) );
#5683 = PCURVE('',#5573,#5684);
#5684 = DEFINITIONAL_REPRESENTATION('',(#5685),#5688);
#5685 = B_SPLINE_CURVE_WITH_KNOTS('',1,(#5686,#5687),.UNSPECIFIED.,.F.,
  .F.,(2,2),(0.,1.414213562373),.PIECEWISE_BEZIER_KNOTS.);
#5686 = CARTESIAN_POINT('',(-6.28318530718,0.));
#5687 = CARTESIAN_POINT('',(-6.28318530718,-1.));
#5688 = ( GEOMETRIC_REPRESENTATION_CONTEXT(2) 
PARAMETRIC_REPRESENTATION_CONTEXT() REPRESENTATION_CONTEXT('2D SPACE',''
  ) );
#5689 = ORIENTED_EDGE('',*,*,#5558,.T.);
#5690 = ORIENTED_EDGE('',*,*,#5669,.T.);
#5691 = ORIENTED_EDGE('',*,*,#5692,.F.);
#5692 = EDGE_CURVE('',#5670,#5670,#5693,.T.);
#5693 = SURFACE_CURVE('',#5694,(#5699,#5706),.PCURVE_S1.);
#5694 = CIRCLE('',#5695,4.);
#5695 = AXIS2_PLACEMENT_3D('',#5696,#5697,#5698);
#5696 = CARTESIAN_POINT('',(0.,0.,7.));
#5697 = DIRECTION('',(0.,0.,1.));
#5698 = DIRECTION('',(1.,0.,-0.));
#5699 = PCURVE('',#5573,#5700);
#5700 = DEFINITIONAL_REPRESENTATION('',(#5701),#5705);
#5701 = LINE('',#5702,#5703);
#5702 = CARTESIAN_POINT('',(-0.,-1.));
#5703 = VECTOR('',#5704,1.);
#5704 = DIRECTION('',(-1.,-0.));
#5705 = ( GEOMETRIC_REPRESENTATION_CONTEXT(2) 
PARAMETRIC_REPRESENTATION_CONTEXT() REPRESENTATION_CONTEXT('2D SPACE',''
  ) );
#5706 = PCURVE('',#5707,#5712);
#5707 = PLANE('',#5708);
#5708 = AXIS2_PLACEMENT_3D('',#5709,#5710,#5711);
#5709 = CARTESIAN_POINT('',(0.,0.,7.));
#5710 = DIRECTION('',(0.,0.,1.));
#5711 = DIRECTION('',(1.,0.,0.));
#5712 = DEFINITIONAL_REPRESENTATION('',(#5713),#5717);
#5713 = CIRCLE('',#5714,4.);
#5714 = AXIS2_PLACEMENT_2D('',#5715,#5716);
#5715 = CARTESIAN_POINT('',(0.,0.));
#5716 = DIRECTION('',(1.,0.));
#5717 = ( GEOMETRIC_REPRESENTATION_CONTEXT(2) 
PARAMETRIC_REPRESENTATION_CONTEXT() REPRESENTATION_CONTEXT('2D SPACE',''
  ) );
#5718 = ADVANCED_FACE('',(#5719),#5654,.F.);
#5719 = FACE_BOUND('',#5720,.F.);
#5720 = EDGE_LOOP('',(#5721));
#5721 = ORIENTED_EDGE('',*,*,#5639,.T.);
#5722 = ADVANCED_FACE('',(#5723),#5707,.T.);
#5723 = FACE_BOUND('',#5724,.T.);
#5724 = EDGE_LOOP('',(#5725));
#5725 = ORIENTED_EDGE('',*,*,#5692,.T.);
#5726 = ( GEOMETRIC_REPRESENTATION_CONTEXT(3) 
GLOBAL_UNCERTAINTY_ASSIGNED_CONTEXT((#5730)) 
GLOBAL_UNIT_ASSIGNED_CONTEXT((#5727,#5728,#5729)) REPRESENTATION_CONTEXT
('Context #1','3D Context with UNIT and UNCERTAINTY') );
#5727 = ( LENGTH_UNIT() NAMED_UNIT(*) SI_UNIT(.MILLI.,.METRE.) );
#5728 = ( NAMED_UNIT(*) PLANE_ANGLE_UNIT() SI_UNIT($,.RADIAN.) );
#5729 = ( NAMED_UNIT(*) SI_UNIT($,.STERADIAN.) SOLID_ANGLE_UNIT() );
#5730 = UNCERTAINTY_MEASURE_WITH_UNIT(LENGTH_MEASURE(1.E-07),#5727,
  'distance_accuracy_value','confusion accuracy');
#5731 = CONTEXT_DEPENDENT_SHAPE_REPRESENTATION(#5732,#5734);
#5732 = ( REPRESENTATION_RELATIONSHIP('','',#5521,#10) 
REPRESENTATION_RELATIONSHIP_WITH_TRANSFORMATION(#5733) 
SHAPE_REPRESENTATION_RELATIONSHIP() );
#5733 = ITEM_DEFINED_TRANSFORMATION('','',#11,#19);
#5734 = PRODUCT_DEFINITION_SHAPE('Placement','Placement of an item',
  #5735);
#5735 = NEXT_ASSEMBLY_USAGE_OCCURRENCE('2','seed_small_01','',#5,#5516,$
  );
#5736 = PRODUCT_RELATED_PRODUCT_CATEGORY('part',$,(#5518));
#5737 = SHAPE_DEFINITION_REPRESENTATION(#5738,#5744);
#5738 = PRODUCT_DEFINITION_SHAPE('','',#5739);
#5739 = PRODUCT_DEFINITION('design','',#5740,#5743);
#5740 = PRODUCT_DEFINITION_FORMATION('','',#5741);
#5741 = PRODUCT('seed_medium_01','seed_medium_01','',(#5742));
#5742 = PRODUCT_CONTEXT('',#2,'mechanical');
#5743 = PRODUCT_DEFINITION_CONTEXT('part definition',#2,'design');
#5744 = ADVANCED_BREP_SHAPE_REPRESENTATION('',(#11,#5745),#5949);
#5745 = MANIFOLD_SOLID_BREP('',#5746);
#5746 = CLOSED_SHELL('',(#5747,#5835,#5888,#5941,#5945));
#5747 = ADVANCED_FACE('',(#5748),#5762,.T.);
#5748 = FACE_BOUND('',#5749,.T.);
#5749 = EDGE_LOOP('',(#5750,#5780,#5807,#5808));
#5750 = ORIENTED_EDGE('',*,*,#5751,.T.);
#5751 = EDGE_CURVE('',#5752,#5754,#5756,.T.);
#5752 = VERTEX_POINT('',#5753);
#5753 = CARTESIAN_POINT('',(7.,0.,1.));
#5754 = VERTEX_POINT('',#5755);
#5755 = CARTESIAN_POINT('',(7.,0.,6.));
#5756 = SEAM_CURVE('',#5757,(#5761,#5773),.PCURVE_S1.);
#5757 = LINE('',#5758,#5759);
#5758 = CARTESIAN_POINT('',(7.,-1.714505518806E-15,0.));
#5759 = VECTOR('',#5760,1.);
#5760 = DIRECTION('',(0.,0.,1.));
#5761 = PCURVE('',#5762,#5767);
#5762 = CYLINDRICAL_SURFACE('',#5763,7.);
#5763 = AXIS2_PLACEMENT_3D('',#5764,#5765,#5766);
#5764 = CARTESIAN_POINT('',(0.,0.,0.));
#5765 = DIRECTION('',(0.,0.,1.));
#5766 = DIRECTION('',(1.,0.,0.));
#5767 = DEFINITIONAL_REPRESENTATION('',(#5768),#5772);
#5768 = LINE('',#5769,#5770);
#5769 = CARTESIAN_POINT('',(6.28318530718,-0.));
#5770 = VECTOR('',#5771,1.);
#5771 = DIRECTION('',(0.,1.));
#5772 = ( GEOMETRIC_REPRESENTATION_CONTEXT(2) 
PARAMETRIC_REPRESENTATION_CONTEXT() REPRESENTATION_CONTEXT('2D SPACE',''
  ) );
#5773 = PCURVE('',#5762,#5774);
#5774 = DEFINITIONAL_REPRESENTATION('',(#5775),#5779);
#5775 = LINE('',#5776,#5777);
#5776 = CARTESIAN_POINT('',(0.,-0.));
#5777 = VECTOR('',#5778,1.);
#5778 = DIRECTION('',(0.,1.));
#5779 = ( GEOMETRIC_REPRESENTATION_CONTEXT(2) 
PARAMETRIC_REPRESENTATION_CONTEXT() REPRESENTATION_CONTEXT('2D SPACE',''
  ) );
#5780 = ORIENTED_EDGE('',*,*,#5781,.F.);
#5781 = EDGE_CURVE('',#5754,#5754,#5782,.T.);
#5782 = SURFACE_CURVE('',#5783,(#5788,#5795),.PCURVE_S1.);
#5783 = CIRCLE('',#5784,7.);
#5784 = AXIS2_PLACEMENT_3D('',#5785,#5786,#5787);
#5785 = CARTESIAN_POINT('',(0.,0.,6.));
#5786 = DIRECTION('',(0.,0.,1.));
#5787 = DIRECTION('',(1.,0.,-0.));
#5788 = PCURVE('',#5762,#5789);
#5789 = DEFINITIONAL_REPRESENTATION('',(#5790),#5794);
#5790 = LINE('',#5791,#5792);
#5791 = CARTESIAN_POINT('',(0.,6.));
#5792 = VECTOR('',#5793,1.);
#5793 = DIRECTION('',(1.,0.));
#5794 = ( GEOMETRIC_REPRESENTATION_CONTEXT(2) 
PARAMETRIC_REPRESENTATION_CONTEXT() REPRESENTATION_CONTEXT('2D SPACE',''
  ) );
#5795 = PCURVE('',#5796,#5801);
#5796 = CONICAL_SURFACE('',#5797,7.,0.785398163397);
#5797 = AXIS2_PLACEMENT_3D('',#5798,#5799,#5800);
#5798 = CARTESIAN_POINT('',(0.,0.,6.));
#5799 = DIRECTION('',(-0.,-0.,-1.));
#5800 = DIRECTION('',(1.,0.,0.));
#5801 = DEFINITIONAL_REPRESENTATION('',(#5802),#5806);
#5802 = LINE('',#5803,#5804);
#5803 = CARTESIAN_POINT('',(-0.,-0.));
#5804 = VECTOR('',#5805,1.);
#5805 = DIRECTION('',(-1.,-0.));
#5806 = ( GEOMETRIC_REPRESENTATION_CONTEXT(2) 
PARAMETRIC_REPRESENTATION_CONTEXT() REPRESENTATION_CONTEXT('2D SPACE',''
  ) );
#5807 = ORIENTED_EDGE('',*,*,#5751,.F.);
#5808 = ORIENTED_EDGE('',*,*,#5809,.T.);
#5809 = EDGE_CURVE('',#5752,#5752,#5810,.T.);
#5810 = SURFACE_CURVE('',#5811,(#5816,#5823),.PCURVE_S1.);
#5811 = CIRCLE('',#5812,7.);
#5812 = AXIS2_PLACEMENT_3D('',#5813,#5814,#5815);
#5813 = CARTESIAN_POINT('',(0.,0.,1.));
#5814 = DIRECTION('',(0.,0.,1.));
#5815 = DIRECTION('',(1.,0.,-0.));
#5816 = PCURVE('',#5762,#5817);
#5817 = DEFINITIONAL_REPRESENTATION('',(#5818),#5822);
#5818 = LINE('',#5819,#5820);
#5819 = CARTESIAN_POINT('',(0.,1.));
#5820 = VECTOR('',#5821,1.);
#5821 = DIRECTION('',(1.,0.));
#5822 = ( GEOMETRIC_REPRESENTATION_CONTEXT(2) 
PARAMETRIC_REPRESENTATION_CONTEXT() REPRESENTATION_CONTEXT('2D SPACE',''
  ) );
#5823 = PCURVE('',#5824,#5829);
#5824 = CONICAL_SURFACE('',#5825,7.,0.785398163397);
#5825 = AXIS2_PLACEMENT_3D('',#5826,#5827,#5828);
#5826 = CARTESIAN_POINT('',(0.,0.,1.));
#5827 = DIRECTION('',(0.,0.,1.));
#5828 = DIRECTION('',(1.,0.,-0.));
#5829 = DEFINITIONAL_REPRESENTATION('',(#5830),#5834);
#5830 = LINE('',#5831,#5832);
#5831 = CARTESIAN_POINT('',(0.,-0.));
#5832 = VECTOR('',#5833,1.);
#5833 = DIRECTION('',(1.,-0.));
#5834 = ( GEOMETRIC_REPRESENTATION_CONTEXT(2) 
PARAMETRIC_REPRESENTATION_CONTEXT() REPRESENTATION_CONTEXT('2D SPACE',''
  ) );
#5835 = ADVANCED_FACE('',(#5836),#5824,.T.);
#5836 = FACE_BOUND('',#5837,.F.);
#5837 = EDGE_LOOP('',(#5838,#5859,#5860,#5861));
#5838 = ORIENTED_EDGE('',*,*,#5839,.F.);
#5839 = EDGE_CURVE('',#5752,#5840,#5842,.T.);
#5840 = VERTEX_POINT('',#5841);
#5841 = CARTESIAN_POINT('',(6.,0.,0.));
#5842 = SEAM_CURVE('',#5843,(#5847,#5853),.PCURVE_S1.);
#5843 = LINE('',#5844,#5845);
#5844 = CARTESIAN_POINT('',(7.,0.,1.));
#5845 = VECTOR('',#5846,1.);
#5846 = DIRECTION('',(-0.707106781187,-0.,-0.707106781187));
#5847 = PCURVE('',#5824,#5848);
#5848 = DEFINITIONAL_REPRESENTATION('',(#5849),#5852);
#5849 = B_SPLINE_CURVE_WITH_KNOTS('',1,(#5850,#5851),.UNSPECIFIED.,.F.,
  .F.,(2,2),(0.,1.414213562373),.PIECEWISE_BEZIER_KNOTS.);
#5850 = CARTESIAN_POINT('',(0.,0.));
#5851 = CARTESIAN_POINT('',(0.,-1.));
#5852 = ( GEOMETRIC_REPRESENTATION_CONTEXT(2) 
PARAMETRIC_REPRESENTATION_CONTEXT() REPRESENTATION_CONTEXT('2D SPACE',''
  ) );
#5853 = PCURVE('',#5824,#5854);
#5854 = DEFINITIONAL_REPRESENTATION('',(#5855),#5858);
#5855 = B_SPLINE_CURVE_WITH_KNOTS('',1,(#5856,#5857),.UNSPECIFIED.,.F.,
  .F.,(2,2),(0.,1.414213562373),.PIECEWISE_BEZIER_KNOTS.);
#5856 = CARTESIAN_POINT('',(6.28318530718,0.));
#5857 = CARTESIAN_POINT('',(6.28318530718,-1.));
#5858 = ( GEOMETRIC_REPRESENTATION_CONTEXT(2) 
PARAMETRIC_REPRESENTATION_CONTEXT() REPRESENTATION_CONTEXT('2D SPACE',''
  ) );
#5859 = ORIENTED_EDGE('',*,*,#5809,.T.);
#5860 = ORIENTED_EDGE('',*,*,#5839,.T.);
#5861 = ORIENTED_EDGE('',*,*,#5862,.F.);
#5862 = EDGE_CURVE('',#5840,#5840,#5863,.T.);
#5863 = SURFACE_CURVE('',#5864,(#5869,#5876),.PCURVE_S1.);
#5864 = CIRCLE('',#5865,6.);
#5865 = AXIS2_PLACEMENT_3D('',#5866,#5867,#5868);
#5866 = CARTESIAN_POINT('',(0.,0.,0.));
#5867 = DIRECTION('',(0.,0.,1.));
#5868 = DIRECTION('',(1.,0.,-0.));
#5869 = PCURVE('',#5824,#5870);
#5870 = DEFINITIONAL_REPRESENTATION('',(#5871),#5875);
#5871 = LINE('',#5872,#5873);
#5872 = CARTESIAN_POINT('',(0.,-1.));
#5873 = VECTOR('',#5874,1.);
#5874 = DIRECTION('',(1.,-0.));
#5875 = ( GEOMETRIC_REPRESENTATION_CONTEXT(2) 
PARAMETRIC_REPRESENTATION_CONTEXT() REPRESENTATION_CONTEXT('2D SPACE',''
  ) );
#5876 = PCURVE('',#5877,#5882);
#5877 = PLANE('',#5878);
#5878 = AXIS2_PLACEMENT_3D('',#5879,#5880,#5881);
#5879 = CARTESIAN_POINT('',(0.,0.,0.));
#5880 = DIRECTION('',(0.,0.,1.));
#5881 = DIRECTION('',(1.,0.,0.));
#5882 = DEFINITIONAL_REPRESENTATION('',(#5883),#5887);
#5883 = CIRCLE('',#5884,6.);
#5884 = AXIS2_PLACEMENT_2D('',#5885,#5886);
#5885 = CARTESIAN_POINT('',(0.,0.));
#5886 = DIRECTION('',(1.,0.));
#5887 = ( GEOMETRIC_REPRESENTATION_CONTEXT(2) 
PARAMETRIC_REPRESENTATION_CONTEXT() REPRESENTATION_CONTEXT('2D SPACE',''
  ) );
#5888 = ADVANCED_FACE('',(#5889),#5796,.T.);
#5889 = FACE_BOUND('',#5890,.T.);
#5890 = EDGE_LOOP('',(#5891,#5912,#5913,#5914));
#5891 = ORIENTED_EDGE('',*,*,#5892,.F.);
#5892 = EDGE_CURVE('',#5754,#5893,#5895,.T.);
#5893 = VERTEX_POINT('',#5894);
#5894 = CARTESIAN_POINT('',(6.,0.,7.));
#5895 = SEAM_CURVE('',#5896,(#5900,#5906),.PCURVE_S1.);
#5896 = LINE('',#5897,#5898);
#5897 = CARTESIAN_POINT('',(7.,0.,6.));
#5898 = VECTOR('',#5899,1.);
#5899 = DIRECTION('',(-0.707106781187,0.,0.707106781187));
#5900 = PCURVE('',#5796,#5901);
#5901 = DEFINITIONAL_REPRESENTATION('',(#5902),#5905);
#5902 = B_SPLINE_CURVE_WITH_KNOTS('',1,(#5903,#5904),.UNSPECIFIED.,.F.,
  .F.,(2,2),(0.,1.414213562373),.PIECEWISE_BEZIER_KNOTS.);
#5903 = CARTESIAN_POINT('',(0.,0.));
#5904 = CARTESIAN_POINT('',(0.,-1.));
#5905 = ( GEOMETRIC_REPRESENTATION_CONTEXT(2) 
PARAMETRIC_REPRESENTATION_CONTEXT() REPRESENTATION_CONTEXT('2D SPACE',''
  ) );
#5906 = PCURVE('',#5796,#5907);
#5907 = DEFINITIONAL_REPRESENTATION('',(#5908),#5911);
#5908 = B_SPLINE_CURVE_WITH_KNOTS('',1,(#5909,#5910),.UNSPECIFIED.,.F.,
  .F.,(2,2),(0.,1.414213562373),.PIECEWISE_BEZIER_KNOTS.);
#5909 = CARTESIAN_POINT('',(-6.28318530718,0.));
#5910 = CARTESIAN_POINT('',(-6.28318530718,-1.));
#5911 = ( GEOMETRIC_REPRESENTATION_CONTEXT(2) 
PARAMETRIC_REPRESENTATION_CONTEXT() REPRESENTATION_CONTEXT('2D SPACE',''
  ) );
#5912 = ORIENTED_EDGE('',*,*,#5781,.T.);
#5913 = ORIENTED_EDGE('',*,*,#5892,.T.);
#5914 = ORIENTED_EDGE('',*,*,#5915,.F.);
#5915 = EDGE_CURVE('',#5893,#5893,#5916,.T.);
#5916 = SURFACE_CURVE('',#5917,(#5922,#5929),.PCURVE_S1.);
#5917 = CIRCLE('',#5918,6.);
#5918 = AXIS2_PLACEMENT_3D('',#5919,#5920,#5921);
#5919 = CARTESIAN_POINT('',(0.,0.,7.));
#5920 = DIRECTION('',(0.,0.,1.));
#5921 = DIRECTION('',(1.,0.,-0.));
#5922 = PCURVE('',#5796,#5923);
#5923 = DEFINITIONAL_REPRESENTATION('',(#5924),#5928);
#5924 = LINE('',#5925,#5926);
#5925 = CARTESIAN_POINT('',(-0.,-1.));
#5926 = VECTOR('',#5927,1.);
#5927 = DIRECTION('',(-1.,-0.));
#5928 = ( GEOMETRIC_REPRESENTATION_CONTEXT(2) 
PARAMETRIC_REPRESENTATION_CONTEXT() REPRESENTATION_CONTEXT('2D SPACE',''
  ) );
#5929 = PCURVE('',#5930,#5935);
#5930 = PLANE('',#5931);
#5931 = AXIS2_PLACEMENT_3D('',#5932,#5933,#5934);
#5932 = CARTESIAN_POINT('',(0.,0.,7.));
#5933 = DIRECTION('',(0.,0.,1.));
#5934 = DIRECTION('',(1.,0.,0.));
#5935 = DEFINITIONAL_REPRESENTATION('',(#5936),#5940);
#5936 = CIRCLE('',#5937,6.);
#5937 = AXIS2_PLACEMENT_2D('',#5938,#5939);
#5938 = CARTESIAN_POINT('',(0.,0.));
#5939 = DIRECTION('',(1.,0.));
#5940 = ( GEOMETRIC_REPRESENTATION_CONTEXT(2) 
PARAMETRIC_REPRESENTATION_CONTEXT() REPRESENTATION_CONTEXT('2D SPACE',''
  ) );
#5941 = ADVANCED_FACE('',(#5942),#5877,.F.);
#5942 = FACE_BOUND('',#5943,.F.);
#5943 = EDGE_LOOP('',(#5944));
#5944 = ORIENTED_EDGE('',*,*,#5862,.T.);
#5945 = ADVANCED_FACE('',(#5946),#5930,.T.);
#5946 = FACE_BOUND('',#5947,.T.);
#5947 = EDGE_LOOP('',(#5948));
#5948 = ORIENTED_EDGE('',*,*,#5915,.T.);
#5949 = ( GEOMETRIC_REPRESENTATION_CONTEXT(3) 
GLOBAL_UNCERTAINTY_ASSIGNED_CONTEXT((#5953)) 
GLOBAL_UNIT_ASSIGNED_CONTEXT((#5950,#5951,#5952)) REPRESENTATION_CONTEXT
('Context #1','3D Context with UNIT and UNCERTAINTY') );
#5950 = ( LENGTH_UNIT() NAMED_UNIT(*) SI_UNIT(.MILLI.,.METRE.) );
#5951 = ( NAMED_UNIT(*) PLANE_ANGLE_UNIT() SI_UNIT($,.RADIAN.) );
#5952 = ( NAMED_UNIT(*) SI_UNIT($,.STERADIAN.) SOLID_ANGLE_UNIT() );
#5953 = UNCERTAINTY_MEASURE_WITH_UNIT(LENGTH_MEASURE(1.E-07),#5950,
  'distance_accuracy_value','confusion accuracy');
#5954 = CONTEXT_DEPENDENT_SHAPE_REPRESENTATION(#5955,#5957);
#5955 = ( REPRESENTATION_RELATIONSHIP('','',#5744,#10) 
REPRESENTATION_RELATIONSHIP_WITH_TRANSFORMATION(#5956) 
SHAPE_REPRESENTATION_RELATIONSHIP() );
#5956 = ITEM_DEFINED_TRANSFORMATION('','',#11,#23);
#5957 = PRODUCT_DEFINITION_SHAPE('Placement','Placement of an item',
  #5958);
#5958 = NEXT_ASSEMBLY_USAGE_OCCURRENCE('3','seed_medium_01','',#5,#5739,
  $);
#5959 = PRODUCT_RELATED_PRODUCT_CATEGORY('part',$,(#5741));
#5960 = SHAPE_DEFINITION_REPRESENTATION(#5961,#5967);
#5961 = PRODUCT_DEFINITION_SHAPE('','',#5962);
#5962 = PRODUCT_DEFINITION('design','',#5963,#5966);
#5963 = PRODUCT_DEFINITION_FORMATION('','',#5964);
#5964 = PRODUCT('seed_large_01','seed_large_01','',(#5965));
#5965 = PRODUCT_CONTEXT('',#2,'mechanical');
#5966 = PRODUCT_DEFINITION_CONTEXT('part definition',#2,'design');
#5967 = ADVANCED_BREP_SHAPE_REPRESENTATION('',(#11,#5968),#6172);
#5968 = MANIFOLD_SOLID_BREP('',#5969);
#5969 = CLOSED_SHELL('',(#5970,#6058,#6111,#6164,#6168));
#5970 = ADVANCED_FACE('',(#5971),#5985,.T.);
#5971 = FACE_BOUND('',#5972,.T.);
#5972 = EDGE_LOOP('',(#5973,#6003,#6030,#6031));
#5973 = ORIENTED_EDGE('',*,*,#5974,.T.);
#5974 = EDGE_CURVE('',#5975,#5977,#5979,.T.);
#5975 = VERTEX_POINT('',#5976);
#5976 = CARTESIAN_POINT('',(9.,0.,1.));
#5977 = VERTEX_POINT('',#5978);
#5978 = CARTESIAN_POINT('',(9.,0.,6.));
#5979 = SEAM_CURVE('',#5980,(#5984,#5996),.PCURVE_S1.);
#5980 = LINE('',#5981,#5982);
#5981 = CARTESIAN_POINT('',(9.,-2.204364238465E-15,0.));
#5982 = VECTOR('',#5983,1.);
#5983 = DIRECTION('',(0.,0.,1.));
#5984 = PCURVE('',#5985,#5990);
#5985 = CYLINDRICAL_SURFACE('',#5986,9.);
#5986 = AXIS2_PLACEMENT_3D('',#5987,#5988,#5989);
#5987 = CARTESIAN_POINT('',(0.,0.,0.));
#5988 = DIRECTION('',(0.,0.,1.));
#5989 = DIRECTION('',(1.,0.,0.));
#5990 = DEFINITIONAL_REPRESENTATION('',(#5991),#5995);
#5991 = LINE('',#5992,#5993);
#5992 = CARTESIAN_POINT('',(6.28318530718,-0.));
#5993 = VECTOR('',#5994,1.);
#5994 = DIRECTION('',(0.,1.));
#5995 = ( GEOMETRIC_REPRESENTATION_CONTEXT(2) 
PARAMETRIC_REPRESENTATION_CONTEXT() REPRESENTATION_CONTEXT('2D SPACE',''
  ) );
#5996 = PCURVE('',#5985,#5997);
#5997 = DEFINITIONAL_REPRESENTATION('',(#5998),#6002);
#5998 = LINE('',#5999,#6000);
#5999 = CARTESIAN_POINT('',(0.,-0.));
#6000 = VECTOR('',#6001,1.);
#6001 = DIRECTION('',(0.,1.));
#6002 = ( GEOMETRIC_REPRESENTATION_CONTEXT(2) 
PARAMETRIC_REPRESENTATION_CONTEXT() REPRESENTATION_CONTEXT('2D SPACE',''
  ) );
#6003 = ORIENTED_EDGE('',*,*,#6004,.F.);
#6004 = EDGE_CURVE('',#5977,#5977,#6005,.T.);
#6005 = SURFACE_CURVE('',#6006,(#6011,#6018),.PCURVE_S1.);
#6006 = CIRCLE('',#6007,9.);
#6007 = AXIS2_PLACEMENT_3D('',#6008,#6009,#6010);
#6008 = CARTESIAN_POINT('',(0.,0.,6.));
#6009 = DIRECTION('',(0.,0.,1.));
#6010 = DIRECTION('',(1.,0.,-0.));
#6011 = PCURVE('',#5985,#6012);
#6012 = DEFINITIONAL_REPRESENTATION('',(#6013),#6017);
#6013 = LINE('',#6014,#6015);
#6014 = CARTESIAN_POINT('',(0.,6.));
#6015 = VECTOR('',#6016,1.);
#6016 = DIRECTION('',(1.,0.));
#6017 = ( GEOMETRIC_REPRESENTATION_CONTEXT(2) 
PARAMETRIC_REPRESENTATION_CONTEXT() REPRESENTATION_CONTEXT('2D SPACE',''
  ) );
#6018 = PCURVE('',#6019,#6024);
#6019 = CONICAL_SURFACE('',#6020,9.,0.785398163397);
#6020 = AXIS2_PLACEMENT_3D('',#6021,#6022,#6023);
#6021 = CARTESIAN_POINT('',(0.,0.,6.));
#6022 = DIRECTION('',(-0.,-0.,-1.));
#6023 = DIRECTION('',(1.,0.,0.));
#6024 = DEFINITIONAL_REPRESENTATION('',(#6025),#6029);
#6025 = LINE('',#6026,#6027);
#6026 = CARTESIAN_POINT('',(-0.,-0.));
#6027 = VECTOR('',#6028,1.);
#6028 = DIRECTION('',(-1.,-0.));
#6029 = ( GEOMETRIC_REPRESENTATION_CONTEXT(2) 
PARAMETRIC_REPRESENTATION_CONTEXT() REPRESENTATION_CONTEXT('2D SPACE',''
  ) );
#6030 = ORIENTED_EDGE('',*,*,#5974,.F.);
#6031 = ORIENTED_EDGE('',*,*,#6032,.T.);
#6032 = EDGE_CURVE('',#5975,#5975,#6033,.T.);
#6033 = SURFACE_CURVE('',#6034,(#6039,#6046),.PCURVE_S1.);
#6034 = CIRCLE('',#6035,9.);
#6035 = AXIS2_PLACEMENT_3D('',#6036,#6037,#6038);
#6036 = CARTESIAN_POINT('',(0.,0.,1.));
#6037 = DIRECTION('',(0.,0.,1.));
#6038 = DIRECTION('',(1.,0.,-0.));
#6039 = PCURVE('',#5985,#6040);
#6040 = DEFINITIONAL_REPRESENTATION('',(#6041),#6045);
#6041 = LINE('',#6042,#6043);
#6042 = CARTESIAN_POINT('',(0.,1.));
#6043 = VECTOR('',#6044,1.);
#6044 = DIRECTION('',(1.,0.));
#6045 = ( GEOMETRIC_REPRESENTATION_CONTEXT(2) 
PARAMETRIC_REPRESENTATION_CONTEXT() REPRESENTATION_CONTEXT('2D SPACE',''
  ) );
#6046 = PCURVE('',#6047,#6052);
#6047 = CONICAL_SURFACE('',#6048,9.,0.785398163397);
#6048 = AXIS2_PLACEMENT_3D('',#6049,#6050,#6051);
#6049 = CARTESIAN_POINT('',(0.,0.,1.));
#6050 = DIRECTION('',(0.,0.,1.));
#6051 = DIRECTION('',(1.,0.,-0.));
#6052 = DEFINITIONAL_REPRESENTATION('',(#6053),#6057);
#6053 = LINE('',#6054,#6055);
#6054 = CARTESIAN_POINT('',(0.,-0.));
#6055 = VECTOR('',#6056,1.);
#6056 = DIRECTION('',(1.,-0.));
#6057 = ( GEOMETRIC_REPRESENTATION_CONTEXT(2) 
PARAMETRIC_REPRESENTATION_CONTEXT() REPRESENTATION_CONTEXT('2D SPACE',''
  ) );
#6058 = ADVANCED_FACE('',(#6059),#6047,.T.);
#6059 = FACE_BOUND('',#6060,.F.);
#6060 = EDGE_LOOP('',(#6061,#6082,#6083,#6084));
#6061 = ORIENTED_EDGE('',*,*,#6062,.F.);
#6062 = EDGE_CURVE('',#5975,#6063,#6065,.T.);
#6063 = VERTEX_POINT('',#6064);
#6064 = CARTESIAN_POINT('',(8.,0.,0.));
#6065 = SEAM_CURVE('',#6066,(#6070,#6076),.PCURVE_S1.);
#6066 = LINE('',#6067,#6068);
#6067 = CARTESIAN_POINT('',(9.,0.,1.));
#6068 = VECTOR('',#6069,1.);
#6069 = DIRECTION('',(-0.707106781187,-0.,-0.707106781187));
#6070 = PCURVE('',#6047,#6071);
#6071 = DEFINITIONAL_REPRESENTATION('',(#6072),#6075);
#6072 = B_SPLINE_CURVE_WITH_KNOTS('',1,(#6073,#6074),.UNSPECIFIED.,.F.,
  .F.,(2,2),(0.,1.414213562373),.PIECEWISE_BEZIER_KNOTS.);
#6073 = CARTESIAN_POINT('',(0.,0.));
#6074 = CARTESIAN_POINT('',(0.,-1.));
#6075 = ( GEOMETRIC_REPRESENTATION_CONTEXT(2) 
PARAMETRIC_REPRESENTATION_CONTEXT() REPRESENTATION_CONTEXT('2D SPACE',''
  ) );
#6076 = PCURVE('',#6047,#6077);
#6077 = DEFINITIONAL_REPRESENTATION('',(#6078),#6081);
#6078 = B_SPLINE_CURVE_WITH_KNOTS('',1,(#6079,#6080),.UNSPECIFIED.,.F.,
  .F.,(2,2),(0.,1.414213562373),.PIECEWISE_BEZIER_KNOTS.);
#6079 = CARTESIAN_POINT('',(6.28318530718,0.));
#6080 = CARTESIAN_POINT('',(6.28318530718,-1.));
#6081 = ( GEOMETRIC_REPRESENTATION_CONTEXT(2) 
PARAMETRIC_REPRESENTATION_CONTEXT() REPRESENTATION_CONTEXT('2D SPACE',''
  ) );
#6082 = ORIENTED_EDGE('',*,*,#6032,.T.);
#6083 = ORIENTED_EDGE('',*,*,#6062,.T.);
#6084 = ORIENTED_EDGE('',*,*,#6085,.F.);
#6085 = EDGE_CURVE('',#6063,#6063,#6086,.T.);
#6086 = SURFACE_CURVE('',#6087,(#6092,#6099),.PCURVE_S1.);
#6087 = CIRCLE('',#6088,8.);
#6088 = AXIS2_PLACEMENT_3D('',#6089,#6090,#6091);
#6089 = CARTESIAN_POINT('',(0.,0.,0.));
#6090 = DIRECTION('',(0.,0.,1.));
#6091 = DIRECTION('',(1.,0.,-0.));
#6092 = PCURVE('',#6047,#6093);
#6093 = DEFINITIONAL_REPRESENTATION('',(#6094),#6098);
#6094 = LINE('',#6095,#6096);
#6095 = CARTESIAN_POINT('',(0.,-1.));
#6096 = VECTOR('',#6097,1.);
#6097 = DIRECTION('',(1.,-0.));
#6098 = ( GEOMETRIC_REPRESENTATION_CONTEXT(2) 
PARAMETRIC_REPRESENTATION_CONTEXT() REPRESENTATION_CONTEXT('2D SPACE',''
  ) );
#6099 = PCURVE('',#6100,#6105);
#6100 = PLANE('',#6101);
#6101 = AXIS2_PLACEMENT_3D('',#6102,#6103,#6104);
#6102 = CARTESIAN_POINT('',(0.,0.,0.));
#6103 = DIRECTION('',(0.,0.,1.));
#6104 = DIRECTION('',(1.,0.,0.));
#6105 = DEFINITIONAL_REPRESENTATION('',(#6106),#6110);
#6106 = CIRCLE('',#6107,8.);
#6107 = AXIS2_PLACEMENT_2D('',#6108,#6109);
#6108 = CARTESIAN_POINT('',(0.,0.));
#6109 = DIRECTION('',(1.,0.));
#6110 = ( GEOMETRIC_REPRESENTATION_CONTEXT(2) 
PARAMETRIC_REPRESENTATION_CONTEXT() REPRESENTATION_CONTEXT('2D SPACE',''
  ) );
#6111 = ADVANCED_FACE('',(#6112),#6019,.T.);
#6112 = FACE_BOUND('',#6113,.T.);
#6113 = EDGE_LOOP('',(#6114,#6135,#6136,#6137));
#6114 = ORIENTED_EDGE('',*,*,#6115,.F.);
#6115 = EDGE_CURVE('',#5977,#6116,#6118,.T.);
#6116 = VERTEX_POINT('',#6117);
#6117 = CARTESIAN_POINT('',(8.,0.,7.));
#6118 = SEAM_CURVE('',#6119,(#6123,#6129),.PCURVE_S1.);
#6119 = LINE('',#6120,#6121);
#6120 = CARTESIAN_POINT('',(9.,0.,6.));
#6121 = VECTOR('',#6122,1.);
#6122 = DIRECTION('',(-0.707106781187,0.,0.707106781187));
#6123 = PCURVE('',#6019,#6124);
#6124 = DEFINITIONAL_REPRESENTATION('',(#6125),#6128);
#6125 = B_SPLINE_CURVE_WITH_KNOTS('',1,(#6126,#6127),.UNSPECIFIED.,.F.,
  .F.,(2,2),(0.,1.414213562373),.PIECEWISE_BEZIER_KNOTS.);
#6126 = CARTESIAN_POINT('',(0.,0.));
#6127 = CARTESIAN_POINT('',(0.,-1.));
#6128 = ( GEOMETRIC_REPRESENTATION_CONTEXT(2) 
PARAMETRIC_REPRESENTATION_CONTEXT() REPRESENTATION_CONTEXT('2D SPACE',''
  ) );
#6129 = PCURVE('',#6019,#6130);
#6130 = DEFINITIONAL_REPRESENTATION('',(#6131),#6134);
#6131 = B_SPLINE_CURVE_WITH_KNOTS('',1,(#6132,#6133),.UNSPECIFIED.,.F.,
  .F.,(2,2),(0.,1.414213562373),.PIECEWISE_BEZIER_KNOTS.);
#6132 = CARTESIAN_POINT('',(-6.28318530718,0.));
#6133 = CARTESIAN_POINT('',(-6.28318530718,-1.));
#6134 = ( GEOMETRIC_REPRESENTATION_CONTEXT(2) 
PARAMETRIC_REPRESENTATION_CONTEXT() REPRESENTATION_CONTEXT('2D SPACE',''
  ) );
#6135 = ORIENTED_EDGE('',*,*,#6004,.T.);
#6136 = ORIENTED_EDGE('',*,*,#6115,.T.);
#6137 = ORIENTED_EDGE('',*,*,#6138,.F.);
#6138 = EDGE_CURVE('',#6116,#6116,#6139,.T.);
#6139 = SURFACE_CURVE('',#6140,(#6145,#6152),.PCURVE_S1.);
#6140 = CIRCLE('',#6141,8.);
#6141 = AXIS2_PLACEMENT_3D('',#6142,#6143,#6144);
#6142 = CARTESIAN_POINT('',(0.,0.,7.));
#6143 = DIRECTION('',(0.,0.,1.));
#6144 = DIRECTION('',(1.,0.,-0.));
#6145 = PCURVE('',#6019,#6146);
#6146 = DEFINITIONAL_REPRESENTATION('',(#6147),#6151);
#6147 = LINE('',#6148,#6149);
#6148 = CARTESIAN_POINT('',(-0.,-1.));
#6149 = VECTOR('',#6150,1.);
#6150 = DIRECTION('',(-1.,-0.));
#6151 = ( GEOMETRIC_REPRESENTATION_CONTEXT(2) 
PARAMETRIC_REPRESENTATION_CONTEXT() REPRESENTATION_CONTEXT('2D SPACE',''
  ) );
#6152 = PCURVE('',#6153,#6158);
#6153 = PLANE('',#6154);
#6154 = AXIS2_PLACEMENT_3D('',#6155,#6156,#6157);
#6155 = CARTESIAN_POINT('',(0.,0.,7.));
#6156 = DIRECTION('',(0.,0.,1.));
#6157 = DIRECTION('',(1.,0.,0.));
#6158 = DEFINITIONAL_REPRESENTATION('',(#6159),#6163);
#6159 = CIRCLE('',#6160,8.);
#6160 = AXIS2_PLACEMENT_2D('',#6161,#6162);
#6161 = CARTESIAN_POINT('',(0.,0.));
#6162 = DIRECTION('',(1.,0.));
#6163 = ( GEOMETRIC_REPRESENTATION_CONTEXT(2) 
PARAMETRIC_REPRESENTATION_CONTEXT() REPRESENTATION_CONTEXT('2D SPACE',''
  ) );
#6164 = ADVANCED_FACE('',(#6165),#6100,.F.);
#6165 = FACE_BOUND('',#6166,.F.);
#6166 = EDGE_LOOP('',(#6167));
#6167 = ORIENTED_EDGE('',*,*,#6085,.T.);
#6168 = ADVANCED_FACE('',(#6169),#6153,.T.);
#6169 = FACE_BOUND('',#6170,.T.);
#6170 = EDGE_LOOP('',(#6171));
#6171 = ORIENTED_EDGE('',*,*,#6138,.T.);
#6172 = ( GEOMETRIC_REPRESENTATION_CONTEXT(3) 
GLOBAL_UNCERTAINTY_ASSIGNED_CONTEXT((#6176)) 
GLOBAL_UNIT_ASSIGNED_CONTEXT((#6173,#6174,#6175)) REPRESENTATION_CONTEXT
('Context #1','3D Context with UNIT and UNCERTAINTY') );
#6173 = ( LENGTH_UNIT() NAMED_UNIT(*) SI_UNIT(.MILLI.,.METRE.) );
#6174 = ( NAMED_UNIT(*) PLANE_ANGLE_UNIT() SI_UNIT($,.RADIAN.) );
#6175 = ( NAMED_UNIT(*) SI_UNIT($,.STERADIAN.) SOLID_ANGLE_UNIT() );
#6176 = UNCERTAINTY_MEASURE_WITH_UNIT(LENGTH_MEASURE(1.E-07),#6173,
  'distance_accuracy_value','confusion accuracy');
#6177 = CONTEXT_DEPENDENT_SHAPE_REPRESENTATION(#6178,#6180);
#6178 = ( REPRESENTATION_RELATIONSHIP('','',#5967,#10) 
REPRESENTATION_RELATIONSHIP_WITH_TRANSFORMATION(#6179) 
SHAPE_REPRESENTATION_RELATIONSHIP() );
#6179 = ITEM_DEFINED_TRANSFORMATION('','',#11,#27);
#6180 = PRODUCT_DEFINITION_SHAPE('Placement','Placement of an item',
  #6181);
#6181 = NEXT_ASSEMBLY_USAGE_OCCURRENCE('4','seed_large_01','',#5,#5962,$
  );
#6182 = PRODUCT_RELATED_PRODUCT_CATEGORY('part',$,(#5964));
#6183 = SHAPE_DEFINITION_REPRESENTATION(#6184,#6190);
#6184 = PRODUCT_DEFINITION_SHAPE('','',#6185);
#6185 = PRODUCT_DEFINITION('design','',#6186,#6189);
#6186 = PRODUCT_DEFINITION_FORMATION('','',#6187);
#6187 = PRODUCT('seed_small_02','seed_small_02','',(#6188));
#6188 = PRODUCT_CONTEXT('',#2,'mechanical');
#6189 = PRODUCT_DEFINITION_CONTEXT('part definition',#2,'design');
#6190 = ADVANCED_BREP_SHAPE_REPRESENTATION('',(#11,#6191),#6395);
#6191 = MANIFOLD_SOLID_BREP('',#6192);
#6192 = CLOSED_SHELL('',(#6193,#6281,#6334,#6387,#6391));
#6193 = ADVANCED_FACE('',(#6194),#6208,.T.);
#6194 = FACE_BOUND('',#6195,.T.);
#6195 = EDGE_LOOP('',(#6196,#6226,#6253,#6254));
#6196 = ORIENTED_EDGE('',*,*,#6197,.T.);
#6197 = EDGE_CURVE('',#6198,#6200,#6202,.T.);
#6198 = VERTEX_POINT('',#6199);
#6199 = CARTESIAN_POINT('',(5.,0.,1.));
#6200 = VERTEX_POINT('',#6201);
#6201 = CARTESIAN_POINT('',(5.,0.,6.));
#6202 = SEAM_CURVE('',#6203,(#6207,#6219),.PCURVE_S1.);
#6203 = LINE('',#6204,#6205);
#6204 = CARTESIAN_POINT('',(5.,-1.224646799147E-15,0.));
#6205 = VECTOR('',#6206,1.);
#6206 = DIRECTION('',(0.,0.,1.));
#6207 = PCURVE('',#6208,#6213);
#6208 = CYLINDRICAL_SURFACE('',#6209,5.);
#6209 = AXIS2_PLACEMENT_3D('',#6210,#6211,#6212);
#6210 = CARTESIAN_POINT('',(0.,0.,0.));
#6211 = DIRECTION('',(0.,0.,1.));
#6212 = DIRECTION('',(1.,0.,0.));
#6213 = DEFINITIONAL_REPRESENTATION('',(#6214),#6218);
#6214 = LINE('',#6215,#6216);
#6215 = CARTESIAN_POINT('',(6.28318530718,-0.));
#6216 = VECTOR('',#6217,1.);
#6217 = DIRECTION('',(0.,1.));
#6218 = ( GEOMETRIC_REPRESENTATION_CONTEXT(2) 
PARAMETRIC_REPRESENTATION_CONTEXT() REPRESENTATION_CONTEXT('2D SPACE',''
  ) );
#6219 = PCURVE('',#6208,#6220);
#6220 = DEFINITIONAL_REPRESENTATION('',(#6221),#6225);
#6221 = LINE('',#6222,#6223);
#6222 = CARTESIAN_POINT('',(0.,-0.));
#6223 = VECTOR('',#6224,1.);
#6224 = DIRECTION('',(0.,1.));
#6225 = ( GEOMETRIC_REPRESENTATION_CONTEXT(2) 
PARAMETRIC_REPRESENTATION_CONTEXT() REPRESENTATION_CONTEXT('2D SPACE',''
  ) );
#6226 = ORIENTED_EDGE('',*,*,#6227,.F.);
#6227 = EDGE_CURVE('',#6200,#6200,#6228,.T.);
#6228 = SURFACE_CURVE('',#6229,(#6234,#6241),.PCURVE_S1.);
#6229 = CIRCLE('',#6230,5.);
#6230 = AXIS2_PLACEMENT_3D('',#6231,#6232,#6233);
#6231 = CARTESIAN_POINT('',(0.,0.,6.));
#6232 = DIRECTION('',(0.,0.,1.));
#6233 = DIRECTION('',(1.,0.,-0.));
#6234 = PCURVE('',#6208,#6235);
#6235 = DEFINITIONAL_REPRESENTATION('',(#6236),#6240);
#6236 = LINE('',#6237,#6238);
#6237 = CARTESIAN_POINT('',(0.,6.));
#6238 = VECTOR('',#6239,1.);
#6239 = DIRECTION('',(1.,0.));
#6240 = ( GEOMETRIC_REPRESENTATION_CONTEXT(2) 
PARAMETRIC_REPRESENTATION_CONTEXT() REPRESENTATION_CONTEXT('2D SPACE',''
  ) );
#6241 = PCURVE('',#6242,#6247);
#6242 = CONICAL_SURFACE('',#6243,5.,0.785398163397);
#6243 = AXIS2_PLACEMENT_3D('',#6244,#6245,#6246);
#6244 = CARTESIAN_POINT('',(0.,0.,6.));
#6245 = DIRECTION('',(-0.,-0.,-1.));
#6246 = DIRECTION('',(1.,0.,0.));
#6247 = DEFINITIONAL_REPRESENTATION('',(#6248),#6252);
#6248 = LINE('',#6249,#6250);
#6249 = CARTESIAN_POINT('',(-0.,-0.));
#6250 = VECTOR('',#6251,1.);
#6251 = DIRECTION('',(-1.,-0.));
#6252 = ( GEOMETRIC_REPRESENTATION_CONTEXT(2) 
PARAMETRIC_REPRESENTATION_CONTEXT() REPRESENTATION_CONTEXT('2D SPACE',''
  ) );
#6253 = ORIENTED_EDGE('',*,*,#6197,.F.);
#6254 = ORIENTED_EDGE('',*,*,#6255,.T.);
#6255 = EDGE_CURVE('',#6198,#6198,#6256,.T.);
#6256 = SURFACE_CURVE('',#6257,(#6262,#6269),.PCURVE_S1.);
#6257 = CIRCLE('',#6258,5.);
#6258 = AXIS2_PLACEMENT_3D('',#6259,#6260,#6261);
#6259 = CARTESIAN_POINT('',(0.,0.,1.));
#6260 = DIRECTION('',(0.,0.,1.));
#6261 = DIRECTION('',(1.,0.,-0.));
#6262 = PCURVE('',#6208,#6263);
#6263 = DEFINITIONAL_REPRESENTATION('',(#6264),#6268);
#6264 = LINE('',#6265,#6266);
#6265 = CARTESIAN_POINT('',(0.,1.));
#6266 = VECTOR('',#6267,1.);
#6267 = DIRECTION('',(1.,0.));
#6268 = ( GEOMETRIC_REPRESENTATION_CONTEXT(2) 
PARAMETRIC_REPRESENTATION_CONTEXT() REPRESENTATION_CONTEXT('2D SPACE',''
  ) );
#6269 = PCURVE('',#6270,#6275);
#6270 = CONICAL_SURFACE('',#6271,5.,0.785398163397);
#6271 = AXIS2_PLACEMENT_3D('',#6272,#6273,#6274);
#6272 = CARTESIAN_POINT('',(0.,0.,1.));
#6273 = DIRECTION('',(0.,0.,1.));
#6274 = DIRECTION('',(1.,0.,-0.));
#6275 = DEFINITIONAL_REPRESENTATION('',(#6276),#6280);
#6276 = LINE('',#6277,#6278);
#6277 = CARTESIAN_POINT('',(0.,-0.));
#6278 = VECTOR('',#6279,1.);
#6279 = DIRECTION('',(1.,-0.));
#6280 = ( GEOMETRIC_REPRESENTATION_CONTEXT(2) 
PARAMETRIC_REPRESENTATION_CONTEXT() REPRESENTATION_CONTEXT('2D SPACE',''
  ) );
#6281 = ADVANCED_FACE('',(#6282),#6270,.T.);
#6282 = FACE_BOUND('',#6283,.F.);
#6283 = EDGE_LOOP('',(#6284,#6305,#6306,#6307));
#6284 = ORIENTED_EDGE('',*,*,#6285,.F.);
#6285 = EDGE_CURVE('',#6198,#6286,#6288,.T.);
#6286 = VERTEX_POINT('',#6287);
#6287 = CARTESIAN_POINT('',(4.,0.,0.));
#6288 = SEAM_CURVE('',#6289,(#6293,#6299),.PCURVE_S1.);
#6289 = LINE('',#6290,#6291);
#6290 = CARTESIAN_POINT('',(5.,0.,1.));
#6291 = VECTOR('',#6292,1.);
#6292 = DIRECTION('',(-0.707106781187,-0.,-0.707106781187));
#6293 = PCURVE('',#6270,#6294);
#6294 = DEFINITIONAL_REPRESENTATION('',(#6295),#6298);
#6295 = B_SPLINE_CURVE_WITH_KNOTS('',1,(#6296,#6297),.UNSPECIFIED.,.F.,
  .F.,(2,2),(0.,1.414213562373),.PIECEWISE_BEZIER_KNOTS.);
#6296 = CARTESIAN_POINT('',(0.,0.));
#6297 = CARTESIAN_POINT('',(0.,-1.));
#6298 = ( GEOMETRIC_REPRESENTATION_CONTEXT(2) 
PARAMETRIC_REPRESENTATION_CONTEXT() REPRESENTATION_CONTEXT('2D SPACE',''
  ) );
#6299 = PCURVE('',#6270,#6300);
#6300 = DEFINITIONAL_REPRESENTATION('',(#6301),#6304);
#6301 = B_SPLINE_CURVE_WITH_KNOTS('',1,(#6302,#6303),.UNSPECIFIED.,.F.,
  .F.,(2,2),(0.,1.414213562373),.PIECEWISE_BEZIER_KNOTS.);
#6302 = CARTESIAN_POINT('',(6.28318530718,0.));
#6303 = CARTESIAN_POINT('',(6.28318530718,-1.));
#6304 = ( GEOMETRIC_REPRESENTATION_CONTEXT(2) 
PARAMETRIC_REPRESENTATION_CONTEXT() REPRESENTATION_CONTEXT('2D SPACE',''
  ) );
#6305 = ORIENTED_EDGE('',*,*,#6255,.T.);
#6306 = ORIENTED_EDGE('',*,*,#6285,.T.);
#6307 = ORIENTED_EDGE('',*,*,#6308,.F.);
#6308 = EDGE_CURVE('',#6286,#6286,#6309,.T.);
#6309 = SURFACE_CURVE('',#6310,(#6315,#6322),.PCURVE_S1.);
#6310 = CIRCLE('',#6311,4.);
#6311 = AXIS2_PLACEMENT_3D('',#6312,#6313,#6314);
#6312 = CARTESIAN_POINT('',(0.,0.,0.));
#6313 = DIRECTION('',(0.,0.,1.));
#6314 = DIRECTION('',(1.,0.,-0.));
#6315 = PCURVE('',#6270,#6316);
#6316 = DEFINITIONAL_REPRESENTATION('',(#6317),#6321);
#6317 = LINE('',#6318,#6319);
#6318 = CARTESIAN_POINT('',(0.,-1.));
#6319 = VECTOR('',#6320,1.);
#6320 = DIRECTION('',(1.,-0.));
#6321 = ( GEOMETRIC_REPRESENTATION_CONTEXT(2) 
PARAMETRIC_REPRESENTATION_CONTEXT() REPRESENTATION_CONTEXT('2D SPACE',''
  ) );
#6322 = PCURVE('',#6323,#6328);
#6323 = PLANE('',#6324);
#6324 = AXIS2_PLACEMENT_3D('',#6325,#6326,#6327);
#6325 = CARTESIAN_POINT('',(0.,0.,0.));
#6326 = DIRECTION('',(0.,0.,1.));
#6327 = DIRECTION('',(1.,0.,0.));
#6328 = DEFINITIONAL_REPRESENTATION('',(#6329),#6333);
#6329 = CIRCLE('',#6330,4.);
#6330 = AXIS2_PLACEMENT_2D('',#6331,#6332);
#6331 = CARTESIAN_POINT('',(0.,0.));
#6332 = DIRECTION('',(1.,0.));
#6333 = ( GEOMETRIC_REPRESENTATION_CONTEXT(2) 
PARAMETRIC_REPRESENTATION_CONTEXT() REPRESENTATION_CONTEXT('2D SPACE',''
  ) );
#6334 = ADVANCED_FACE('',(#6335),#6242,.T.);
#6335 = FACE_BOUND('',#6336,.T.);
#6336 = EDGE_LOOP('',(#6337,#6358,#6359,#6360));
#6337 = ORIENTED_EDGE('',*,*,#6338,.F.);
#6338 = EDGE_CURVE('',#6200,#6339,#6341,.T.);
#6339 = VERTEX_POINT('',#6340);
#6340 = CARTESIAN_POINT('',(4.,0.,7.));
#6341 = SEAM_CURVE('',#6342,(#6346,#6352),.PCURVE_S1.);
#6342 = LINE('',#6343,#6344);
#6343 = CARTESIAN_POINT('',(5.,0.,6.));
#6344 = VECTOR('',#6345,1.);
#6345 = DIRECTION('',(-0.707106781187,0.,0.707106781187));
#6346 = PCURVE('',#6242,#6347);
#6347 = DEFINITIONAL_REPRESENTATION('',(#6348),#6351);
#6348 = B_SPLINE_CURVE_WITH_KNOTS('',1,(#6349,#6350),.UNSPECIFIED.,.F.,
  .F.,(2,2),(0.,1.414213562373),.PIECEWISE_BEZIER_KNOTS.);
#6349 = CARTESIAN_POINT('',(0.,0.));
#6350 = CARTESIAN_POINT('',(0.,-1.));
#6351 = ( GEOMETRIC_REPRESENTATION_CONTEXT(2) 
PARAMETRIC_REPRESENTATION_CONTEXT() REPRESENTATION_CONTEXT('2D SPACE',''
  ) );
#6352 = PCURVE('',#6242,#6353);
#6353 = DEFINITIONAL_REPRESENTATION('',(#6354),#6357);
#6354 = B_SPLINE_CURVE_WITH_KNOTS('',1,(#6355,#6356),.UNSPECIFIED.,.F.,
  .F.,(2,2),(0.,1.414213562373),.PIECEWISE_BEZIER_KNOTS.);
#6355 = CARTESIAN_POINT('',(-6.28318530718,0.));
#6356 = CARTESIAN_POINT('',(-6.28318530718,-1.));
#6357 = ( GEOMETRIC_REPRESENTATION_CONTEXT(2) 
PARAMETRIC_REPRESENTATION_CONTEXT() REPRESENTATION_CONTEXT('2D SPACE',''
  ) );
#6358 = ORIENTED_EDGE('',*,*,#6227,.T.);
#6359 = ORIENTED_EDGE('',*,*,#6338,.T.);
#6360 = ORIENTED_EDGE('',*,*,#6361,.F.);
#6361 = EDGE_CURVE('',#6339,#6339,#6362,.T.);
#6362 = SURFACE_CURVE('',#6363,(#6368,#6375),.PCURVE_S1.);
#6363 = CIRCLE('',#6364,4.);
#6364 = AXIS2_PLACEMENT_3D('',#6365,#6366,#6367);
#6365 = CARTESIAN_POINT('',(0.,0.,7.));
#6366 = DIRECTION('',(0.,0.,1.));
#6367 = DIRECTION('',(1.,0.,-0.));
#6368 = PCURVE('',#6242,#6369);
#6369 = DEFINITIONAL_REPRESENTATION('',(#6370),#6374);
#6370 = LINE('',#6371,#6372);
#6371 = CARTESIAN_POINT('',(-0.,-1.));
#6372 = VECTOR('',#6373,1.);
#6373 = DIRECTION('',(-1.,-0.));
#6374 = ( GEOMETRIC_REPRESENTATION_CONTEXT(2) 
PARAMETRIC_REPRESENTATION_CONTEXT() REPRESENTATION_CONTEXT('2D SPACE',''
  ) );
#6375 = PCURVE('',#6376,#6381);
#6376 = PLANE('',#6377);
#6377 = AXIS2_PLACEMENT_3D('',#6378,#6379,#6380);
#6378 = CARTESIAN_POINT('',(0.,0.,7.));
#6379 = DIRECTION('',(0.,0.,1.));
#6380 = DIRECTION('',(1.,0.,0.));
#6381 = DEFINITIONAL_REPRESENTATION('',(#6382),#6386);
#6382 = CIRCLE('',#6383,4.);
#6383 = AXIS2_PLACEMENT_2D('',#6384,#6385);
#6384 = CARTESIAN_POINT('',(0.,0.));
#6385 = DIRECTION('',(1.,0.));
#6386 = ( GEOMETRIC_REPRESENTATION_CONTEXT(2) 
PARAMETRIC_REPRESENTATION_CONTEXT() REPRESENTATION_CONTEXT('2D SPACE',''
  ) );
#6387 = ADVANCED_FACE('',(#6388),#6323,.F.);
#6388 = FACE_BOUND('',#6389,.F.);
#6389 = EDGE_LOOP('',(#6390));
#6390 = ORIENTED_EDGE('',*,*,#6308,.T.);
#6391 = ADVANCED_FACE('',(#6392),#6376,.T.);
#6392 = FACE_BOUND('',#6393,.T.);
#6393 = EDGE_LOOP('',(#6394));
#6394 = ORIENTED_EDGE('',*,*,#6361,.T.);
#6395 = ( GEOMETRIC_REPRESENTATION_CONTEXT(3) 
GLOBAL_UNCERTAINTY_ASSIGNED_CONTEXT((#6399)) 
GLOBAL_UNIT_ASSIGNED_CONTEXT((#6396,#6397,#6398)) REPRESENTATION_CONTEXT
('Context #1','3D Context with UNIT and UNCERTAINTY') );
#6396 = ( LENGTH_UNIT() NAMED_UNIT(*) SI_UNIT(.MILLI.,.METRE.) );
#6397 = ( NAMED_UNIT(*) PLANE_ANGLE_UNIT() SI_UNIT($,.RADIAN.) );
#6398 = ( NAMED_UNIT(*) SI_UNIT($,.STERADIAN.) SOLID_ANGLE_UNIT() );
#6399 = UNCERTAINTY_MEASURE_WITH_UNIT(LENGTH_MEASURE(1.E-07),#6396,
  'distance_accuracy_value','confusion accuracy');
#6400 = CONTEXT_DEPENDENT_SHAPE_REPRESENTATION(#6401,#6403);
#6401 = ( REPRESENTATION_RELATIONSHIP('','',#6190,#10) 
REPRESENTATION_RELATIONSHIP_WITH_TRANSFORMATION(#6402) 
SHAPE_REPRESENTATION_RELATIONSHIP() );
#6402 = ITEM_DEFINED_TRANSFORMATION('','',#11,#31);
#6403 = PRODUCT_DEFINITION_SHAPE('Placement','Placement of an item',
  #6404);
#6404 = NEXT_ASSEMBLY_USAGE_OCCURRENCE('5','seed_small_02','',#5,#6185,$
  );
#6405 = PRODUCT_RELATED_PRODUCT_CATEGORY('part',$,(#6187));
#6406 = SHAPE_DEFINITION_REPRESENTATION(#6407,#6413);
#6407 = PRODUCT_DEFINITION_SHAPE('','',#6408);
#6408 = PRODUCT_DEFINITION('design','',#6409,#6412);
#6409 = PRODUCT_DEFINITION_FORMATION('','',#6410);
#6410 = PRODUCT('seed_medium_02','seed_medium_02','',(#6411));
#6411 = PRODUCT_CONTEXT('',#2,'mechanical');
#6412 = PRODUCT_DEFINITION_CONTEXT('part definition',#2,'design');
#6413 = ADVANCED_BREP_SHAPE_REPRESENTATION('',(#11,#6414),#6618);
#6414 = MANIFOLD_SOLID_BREP('',#6415);
#6415 = CLOSED_SHELL('',(#6416,#6504,#6557,#6610,#6614));
#6416 = ADVANCED_FACE('',(#6417),#6431,.T.);
#6417 = FACE_BOUND('',#6418,.T.);
#6418 = EDGE_LOOP('',(#6419,#6449,#6476,#6477));
#6419 = ORIENTED_EDGE('',*,*,#6420,.T.);
#6420 = EDGE_CURVE('',#6421,#6423,#6425,.T.);
#6421 = VERTEX_POINT('',#6422);
#6422 = CARTESIAN_POINT('',(7.,0.,1.));
#6423 = VERTEX_POINT('',#6424);
#6424 = CARTESIAN_POINT('',(7.,0.,6.));
#6425 = SEAM_CURVE('',#6426,(#6430,#6442),.PCURVE_S1.);
#6426 = LINE('',#6427,#6428);
#6427 = CARTESIAN_POINT('',(7.,-1.714505518806E-15,0.));
#6428 = VECTOR('',#6429,1.);
#6429 = DIRECTION('',(0.,0.,1.));
#6430 = PCURVE('',#6431,#6436);
#6431 = CYLINDRICAL_SURFACE('',#6432,7.);
#6432 = AXIS2_PLACEMENT_3D('',#6433,#6434,#6435);
#6433 = CARTESIAN_POINT('',(0.,0.,0.));
#6434 = DIRECTION('',(0.,0.,1.));
#6435 = DIRECTION('',(1.,0.,0.));
#6436 = DEFINITIONAL_REPRESENTATION('',(#6437),#6441);
#6437 = LINE('',#6438,#6439);
#6438 = CARTESIAN_POINT('',(6.28318530718,-0.));
#6439 = VECTOR('',#6440,1.);
#6440 = DIRECTION('',(0.,1.));
#6441 = ( GEOMETRIC_REPRESENTATION_CONTEXT(2) 
PARAMETRIC_REPRESENTATION_CONTEXT() REPRESENTATION_CONTEXT('2D SPACE',''
  ) );
#6442 = PCURVE('',#6431,#6443);
#6443 = DEFINITIONAL_REPRESENTATION('',(#6444),#6448);
#6444 = LINE('',#6445,#6446);
#6445 = CARTESIAN_POINT('',(0.,-0.));
#6446 = VECTOR('',#6447,1.);
#6447 = DIRECTION('',(0.,1.));
#6448 = ( GEOMETRIC_REPRESENTATION_CONTEXT(2) 
PARAMETRIC_REPRESENTATION_CONTEXT() REPRESENTATION_CONTEXT('2D SPACE',''
  ) );
#6449 = ORIENTED_EDGE('',*,*,#6450,.F.);
#6450 = EDGE_CURVE('',#6423,#6423,#6451,.T.);
#6451 = SURFACE_CURVE('',#6452,(#6457,#6464),.PCURVE_S1.);
#6452 = CIRCLE('',#6453,7.);
#6453 = AXIS2_PLACEMENT_3D('',#6454,#6455,#6456);
#6454 = CARTESIAN_POINT('',(0.,0.,6.));
#6455 = DIRECTION('',(0.,0.,1.));
#6456 = DIRECTION('',(1.,0.,-0.));
#6457 = PCURVE('',#6431,#6458);
#6458 = DEFINITIONAL_REPRESENTATION('',(#6459),#6463);
#6459 = LINE('',#6460,#6461);
#6460 = CARTESIAN_POINT('',(0.,6.));
#6461 = VECTOR('',#6462,1.);
#6462 = DIRECTION('',(1.,0.));
#6463 = ( GEOMETRIC_REPRESENTATION_CONTEXT(2) 
PARAMETRIC_REPRESENTATION_CONTEXT() REPRESENTATION_CONTEXT('2D SPACE',''
  ) );
#6464 = PCURVE('',#6465,#6470);
#6465 = CONICAL_SURFACE('',#6466,7.,0.785398163397);
#6466 = AXIS2_PLACEMENT_3D('',#6467,#6468,#6469);
#6467 = CARTESIAN_POINT('',(0.,0.,6.));
#6468 = DIRECTION('',(-0.,-0.,-1.));
#6469 = DIRECTION('',(1.,0.,0.));
#6470 = DEFINITIONAL_REPRESENTATION('',(#6471),#6475);
#6471 = LINE('',#6472,#6473);
#6472 = CARTESIAN_POINT('',(-0.,-0.));
#6473 = VECTOR('',#6474,1.);
#6474 = DIRECTION('',(-1.,-0.));
#6475 = ( GEOMETRIC_REPRESENTATION_CONTEXT(2) 
PARAMETRIC_REPRESENTATION_CONTEXT() REPRESENTATION_CONTEXT('2D SPACE',''
  ) );
#6476 = ORIENTED_EDGE('',*,*,#6420,.F.);
#6477 = ORIENTED_EDGE('',*,*,#6478,.T.);
#6478 = EDGE_CURVE('',#6421,#6421,#6479,.T.);
#6479 = SURFACE_CURVE('',#6480,(#6485,#6492),.PCURVE_S1.);
#6480 = CIRCLE('',#6481,7.);
#6481 = AXIS2_PLACEMENT_3D('',#6482,#6483,#6484);
#6482 = CARTESIAN_POINT('',(0.,0.,1.));
#6483 = DIRECTION('',(0.,0.,1.));
#6484 = DIRECTION('',(1.,0.,-0.));
#6485 = PCURVE('',#6431,#6486);
#6486 = DEFINITIONAL_REPRESENTATION('',(#6487),#6491);
#6487 = LINE('',#6488,#6489);
#6488 = CARTESIAN_POINT('',(0.,1.));
#6489 = VECTOR('',#6490,1.);
#6490 = DIRECTION('',(1.,0.));
#6491 = ( GEOMETRIC_REPRESENTATION_CONTEXT(2) 
PARAMETRIC_REPRESENTATION_CONTEXT() REPRESENTATION_CONTEXT('2D SPACE',''
  ) );
#6492 = PCURVE('',#6493,#6498);
#6493 = CONICAL_SURFACE('',#6494,7.,0.785398163397);
#6494 = AXIS2_PLACEMENT_3D('',#6495,#6496,#6497);
#6495 = CARTESIAN_POINT('',(0.,0.,1.));
#6496 = DIRECTION('',(0.,0.,1.));
#6497 = DIRECTION('',(1.,0.,-0.));
#6498 = DEFINITIONAL_REPRESENTATION('',(#6499),#6503);
#6499 = LINE('',#6500,#6501);
#6500 = CARTESIAN_POINT('',(0.,-0.));
#6501 = VECTOR('',#6502,1.);
#6502 = DIRECTION('',(1.,-0.));
#6503 = ( GEOMETRIC_REPRESENTATION_CONTEXT(2) 
PARAMETRIC_REPRESENTATION_CONTEXT() REPRESENTATION_CONTEXT('2D SPACE',''
  ) );
#6504 = ADVANCED_FACE('',(#6505),#6493,.T.);
#6505 = FACE_BOUND('',#6506,.F.);
#6506 = EDGE_LOOP('',(#6507,#6528,#6529,#6530));
#6507 = ORIENTED_EDGE('',*,*,#6508,.F.);
#6508 = EDGE_CURVE('',#6421,#6509,#6511,.T.);
#6509 = VERTEX_POINT('',#6510);
#6510 = CARTESIAN_POINT('',(6.,0.,0.));
#6511 = SEAM_CURVE('',#6512,(#6516,#6522),.PCURVE_S1.);
#6512 = LINE('',#6513,#6514);
#6513 = CARTESIAN_POINT('',(7.,0.,1.));
#6514 = VECTOR('',#6515,1.);
#6515 = DIRECTION('',(-0.707106781187,-0.,-0.707106781187));
#6516 = PCURVE('',#6493,#6517);
#6517 = DEFINITIONAL_REPRESENTATION('',(#6518),#6521);
#6518 = B_SPLINE_CURVE_WITH_KNOTS('',1,(#6519,#6520),.UNSPECIFIED.,.F.,
  .F.,(2,2),(0.,1.414213562373),.PIECEWISE_BEZIER_KNOTS.);
#6519 = CARTESIAN_POINT('',(0.,0.));
#6520 = CARTESIAN_POINT('',(0.,-1.));
#6521 = ( GEOMETRIC_REPRESENTATION_CONTEXT(2) 
PARAMETRIC_REPRESENTATION_CONTEXT() REPRESENTATION_CONTEXT('2D SPACE',''
  ) );
#6522 = PCURVE('',#6493,#6523);
#6523 = DEFINITIONAL_REPRESENTATION('',(#6524),#6527);
#6524 = B_SPLINE_CURVE_WITH_KNOTS('',1,(#6525,#6526),.UNSPECIFIED.,.F.,
  .F.,(2,2),(0.,1.414213562373),.PIECEWISE_BEZIER_KNOTS.);
#6525 = CARTESIAN_POINT('',(6.28318530718,0.));
#6526 = CARTESIAN_POINT('',(6.28318530718,-1.));
#6527 = ( GEOMETRIC_REPRESENTATION_CONTEXT(2) 
PARAMETRIC_REPRESENTATION_CONTEXT() REPRESENTATION_CONTEXT('2D SPACE',''
  ) );
#6528 = ORIENTED_EDGE('',*,*,#6478,.T.);
#6529 = ORIENTED_EDGE('',*,*,#6508,.T.);
#6530 = ORIENTED_EDGE('',*,*,#6531,.F.);
#6531 = EDGE_CURVE('',#6509,#6509,#6532,.T.);
#6532 = SURFACE_CURVE('',#6533,(#6538,#6545),.PCURVE_S1.);
#6533 = CIRCLE('',#6534,6.);
#6534 = AXIS2_PLACEMENT_3D('',#6535,#6536,#6537);
#6535 = CARTESIAN_POINT('',(0.,0.,0.));
#6536 = DIRECTION('',(0.,0.,1.));
#6537 = DIRECTION('',(1.,0.,-0.));
#6538 = PCURVE('',#6493,#6539);
#6539 = DEFINITIONAL_REPRESENTATION('',(#6540),#6544);
#6540 = LINE('',#6541,#6542);
#6541 = CARTESIAN_POINT('',(0.,-1.));
#6542 = VECTOR('',#6543,1.);
#6543 = DIRECTION('',(1.,-0.));
#6544 = ( GEOMETRIC_REPRESENTATION_CONTEXT(2) 
PARAMETRIC_REPRESENTATION_CONTEXT() REPRESENTATION_CONTEXT('2D SPACE',''
  ) );
#6545 = PCURVE('',#6546,#6551);
#6546 = PLANE('',#6547);
#6547 = AXIS2_PLACEMENT_3D('',#6548,#6549,#6550);
#6548 = CARTESIAN_POINT('',(0.,0.,0.));
#6549 = DIRECTION('',(0.,0.,1.));
#6550 = DIRECTION('',(1.,0.,0.));
#6551 = DEFINITIONAL_REPRESENTATION('',(#6552),#6556);
#6552 = CIRCLE('',#6553,6.);
#6553 = AXIS2_PLACEMENT_2D('',#6554,#6555);
#6554 = CARTESIAN_POINT('',(0.,0.));
#6555 = DIRECTION('',(1.,0.));
#6556 = ( GEOMETRIC_REPRESENTATION_CONTEXT(2) 
PARAMETRIC_REPRESENTATION_CONTEXT() REPRESENTATION_CONTEXT('2D SPACE',''
  ) );
#6557 = ADVANCED_FACE('',(#6558),#6465,.T.);
#6558 = FACE_BOUND('',#6559,.T.);
#6559 = EDGE_LOOP('',(#6560,#6581,#6582,#6583));
#6560 = ORIENTED_EDGE('',*,*,#6561,.F.);
#6561 = EDGE_CURVE('',#6423,#6562,#6564,.T.);
#6562 = VERTEX_POINT('',#6563);
#6563 = CARTESIAN_POINT('',(6.,0.,7.));
#6564 = SEAM_CURVE('',#6565,(#6569,#6575),.PCURVE_S1.);
#6565 = LINE('',#6566,#6567);
#6566 = CARTESIAN_POINT('',(7.,0.,6.));
#6567 = VECTOR('',#6568,1.);
#6568 = DIRECTION('',(-0.707106781187,0.,0.707106781187));
#6569 = PCURVE('',#6465,#6570);
#6570 = DEFINITIONAL_REPRESENTATION('',(#6571),#6574);
#6571 = B_SPLINE_CURVE_WITH_KNOTS('',1,(#6572,#6573),.UNSPECIFIED.,.F.,
  .F.,(2,2),(0.,1.414213562373),.PIECEWISE_BEZIER_KNOTS.);
#6572 = CARTESIAN_POINT('',(0.,0.));
#6573 = CARTESIAN_POINT('',(0.,-1.));
#6574 = ( GEOMETRIC_REPRESENTATION_CONTEXT(2) 
PARAMETRIC_REPRESENTATION_CONTEXT() REPRESENTATION_CONTEXT('2D SPACE',''
  ) );
#6575 = PCURVE('',#6465,#6576);
#6576 = DEFINITIONAL_REPRESENTATION('',(#6577),#6580);
#6577 = B_SPLINE_CURVE_WITH_KNOTS('',1,(#6578,#6579),.UNSPECIFIED.,.F.,
  .F.,(2,2),(0.,1.414213562373),.PIECEWISE_BEZIER_KNOTS.);
#6578 = CARTESIAN_POINT('',(-6.28318530718,0.));
#6579 = CARTESIAN_POINT('',(-6.28318530718,-1.));
#6580 = ( GEOMETRIC_REPRESENTATION_CONTEXT(2) 
PARAMETRIC_REPRESENTATION_CONTEXT() REPRESENTATION_CONTEXT('2D SPACE',''
  ) );
#6581 = ORIENTED_EDGE('',*,*,#6450,.T.);
#6582 = ORIENTED_EDGE('',*,*,#6561,.T.);
#6583 = ORIENTED_EDGE('',*,*,#6584,.F.);
#6584 = EDGE_CURVE('',#6562,#6562,#6585,.T.);
#6585 = SURFACE_CURVE('',#6586,(#6591,#6598),.PCURVE_S1.);
#6586 = CIRCLE('',#6587,6.);
#6587 = AXIS2_PLACEMENT_3D('',#6588,#6589,#6590);
#6588 = CARTESIAN_POINT('',(0.,0.,7.));
#6589 = DIRECTION('',(0.,0.,1.));
#6590 = DIRECTION('',(1.,0.,-0.));
#6591 = PCURVE('',#6465,#6592);
#6592 = DEFINITIONAL_REPRESENTATION('',(#6593),#6597);
#6593 = LINE('',#6594,#6595);
#6594 = CARTESIAN_POINT('',(-0.,-1.));
#6595 = VECTOR('',#6596,1.);
#6596 = DIRECTION('',(-1.,-0.));
#6597 = ( GEOMETRIC_REPRESENTATION_CONTEXT(2) 
PARAMETRIC_REPRESENTATION_CONTEXT() REPRESENTATION_CONTEXT('2D SPACE',''
  ) );
#6598 = PCURVE('',#6599,#6604);
#6599 = PLANE('',#6600);
#6600 = AXIS2_PLACEMENT_3D('',#6601,#6602,#6603);
#6601 = CARTESIAN_POINT('',(0.,0.,7.));
#6602 = DIRECTION('',(0.,0.,1.));
#6603 = DIRECTION('',(1.,0.,0.));
#6604 = DEFINITIONAL_REPRESENTATION('',(#6605),#6609);
#6605 = CIRCLE('',#6606,6.);
#6606 = AXIS2_PLACEMENT_2D('',#6607,#6608);
#6607 = CARTESIAN_POINT('',(0.,0.));
#6608 = DIRECTION('',(1.,0.));
#6609 = ( GEOMETRIC_REPRESENTATION_CONTEXT(2) 
PARAMETRIC_REPRESENTATION_CONTEXT() REPRESENTATION_CONTEXT('2D SPACE',''
  ) );
#6610 = ADVANCED_FACE('',(#6611),#6546,.F.);
#6611 = FACE_BOUND('',#6612,.F.);
#6612 = EDGE_LOOP('',(#6613));
#6613 = ORIENTED_EDGE('',*,*,#6531,.T.);
#6614 = ADVANCED_FACE('',(#6615),#6599,.T.);
#6615 = FACE_BOUND('',#6616,.T.);
#6616 = EDGE_LOOP('',(#6617));
#6617 = ORIENTED_EDGE('',*,*,#6584,.T.);
#6618 = ( GEOMETRIC_REPRESENTATION_CONTEXT(3) 
GLOBAL_UNCERTAINTY_ASSIGNED_CONTEXT((#6622)) 
GLOBAL_UNIT_ASSIGNED_CONTEXT((#6619,#6620,#6621)) REPRESENTATION_CONTEXT
('Context #1','3D Context with UNIT and UNCERTAINTY') );
#6619 = ( LENGTH_UNIT() NAMED_UNIT(*) SI_UNIT(.MILLI.,.METRE.) );
#6620 = ( NAMED_UNIT(*) PLANE_ANGLE_UNIT() SI_UNIT($,.RADIAN.) );
#6621 = ( NAMED_UNIT(*) SI_UNIT($,.STERADIAN.) SOLID_ANGLE_UNIT() );
#6622 = UNCERTAINTY_MEASURE_WITH_UNIT(LENGTH_MEASURE(1.E-07),#6619,
  'distance_accuracy_value','confusion accuracy');
#6623 = CONTEXT_DEPENDENT_SHAPE_REPRESENTATION(#6624,#6626);
#6624 = ( REPRESENTATION_RELATIONSHIP('','',#6413,#10) 
REPRESENTATION_RELATIONSHIP_WITH_TRANSFORMATION(#6625) 
SHAPE_REPRESENTATION_RELATIONSHIP() );
#6625 = ITEM_DEFINED_TRANSFORMATION('','',#11,#35);
#6626 = PRODUCT_DEFINITION_SHAPE('Placement','Placement of an item',
  #6627);
#6627 = NEXT_ASSEMBLY_USAGE_OCCURRENCE('6','seed_medium_02','',#5,#6408,
  $);
#6628 = PRODUCT_RELATED_PRODUCT_CATEGORY('part',$,(#6410));
#6629 = SHAPE_DEFINITION_REPRESENTATION(#6630,#6636);
#6630 = PRODUCT_DEFINITION_SHAPE('','',#6631);
#6631 = PRODUCT_DEFINITION('design','',#6632,#6635);
#6632 = PRODUCT_DEFINITION_FORMATION('','',#6633);
#6633 = PRODUCT('seed_large_02','seed_large_02','',(#6634));
#6634 = PRODUCT_CONTEXT('',#2,'mechanical');
#6635 = PRODUCT_DEFINITION_CONTEXT('part definition',#2,'design');
#6636 = ADVANCED_BREP_SHAPE_REPRESENTATION('',(#11,#6637),#6841);
#6637 = MANIFOLD_SOLID_BREP('',#6638);
#6638 = CLOSED_SHELL('',(#6639,#6727,#6780,#6833,#6837));
#6639 = ADVANCED_FACE('',(#6640),#6654,.T.);
#6640 = FACE_BOUND('',#6641,.T.);
#6641 = EDGE_LOOP('',(#6642,#6672,#6699,#6700));
#6642 = ORIENTED_EDGE('',*,*,#6643,.T.);
#6643 = EDGE_CURVE('',#6644,#6646,#6648,.T.);
#6644 = VERTEX_POINT('',#6645);
#6645 = CARTESIAN_POINT('',(9.,0.,1.));
#6646 = VERTEX_POINT('',#6647);
#6647 = CARTESIAN_POINT('',(9.,0.,6.));
#6648 = SEAM_CURVE('',#6649,(#6653,#6665),.PCURVE_S1.);
#6649 = LINE('',#6650,#6651);
#6650 = CARTESIAN_POINT('',(9.,-2.204364238465E-15,0.));
#6651 = VECTOR('',#6652,1.);
#6652 = DIRECTION('',(0.,0.,1.));
#6653 = PCURVE('',#6654,#6659);
#6654 = CYLINDRICAL_SURFACE('',#6655,9.);
#6655 = AXIS2_PLACEMENT_3D('',#6656,#6657,#6658);
#6656 = CARTESIAN_POINT('',(0.,0.,0.));
#6657 = DIRECTION('',(0.,0.,1.));
#6658 = DIRECTION('',(1.,0.,0.));
#6659 = DEFINITIONAL_REPRESENTATION('',(#6660),#6664);
#6660 = LINE('',#6661,#6662);
#6661 = CARTESIAN_POINT('',(6.28318530718,-0.));
#6662 = VECTOR('',#6663,1.);
#6663 = DIRECTION('',(0.,1.));
#6664 = ( GEOMETRIC_REPRESENTATION_CONTEXT(2) 
PARAMETRIC_REPRESENTATION_CONTEXT() REPRESENTATION_CONTEXT('2D SPACE',''
  ) );
#6665 = PCURVE('',#6654,#6666);
#6666 = DEFINITIONAL_REPRESENTATION('',(#6667),#6671);
#6667 = LINE('',#6668,#6669);
#6668 = CARTESIAN_POINT('',(0.,-0.));
#6669 = VECTOR('',#6670,1.);
#6670 = DIRECTION('',(0.,1.));
#6671 = ( GEOMETRIC_REPRESENTATION_CONTEXT(2) 
PARAMETRIC_REPRESENTATION_CONTEXT() REPRESENTATION_CONTEXT('2D SPACE',''
  ) );
#6672 = ORIENTED_EDGE('',*,*,#6673,.F.);
#6673 = EDGE_CURVE('',#6646,#6646,#6674,.T.);
#6674 = SURFACE_CURVE('',#6675,(#6680,#6687),.PCURVE_S1.);
#6675 = CIRCLE('',#6676,9.);
#6676 = AXIS2_PLACEMENT_3D('',#6677,#6678,#6679);
#6677 = CARTESIAN_POINT('',(0.,0.,6.));
#6678 = DIRECTION('',(0.,0.,1.));
#6679 = DIRECTION('',(1.,0.,-0.));
#6680 = PCURVE('',#6654,#6681);
#6681 = DEFINITIONAL_REPRESENTATION('',(#6682),#6686);
#6682 = LINE('',#6683,#6684);
#6683 = CARTESIAN_POINT('',(0.,6.));
#6684 = VECTOR('',#6685,1.);
#6685 = DIRECTION('',(1.,0.));
#6686 = ( GEOMETRIC_REPRESENTATION_CONTEXT(2) 
PARAMETRIC_REPRESENTATION_CONTEXT() REPRESENTATION_CONTEXT('2D SPACE',''
  ) );
#6687 = PCURVE('',#6688,#6693);
#6688 = CONICAL_SURFACE('',#6689,9.,0.785398163397);
#6689 = AXIS2_PLACEMENT_3D('',#6690,#6691,#6692);
#6690 = CARTESIAN_POINT('',(0.,0.,6.));
#6691 = DIRECTION('',(-0.,-0.,-1.));
#6692 = DIRECTION('',(1.,0.,0.));
#6693 = DEFINITIONAL_REPRESENTATION('',(#6694),#6698);
#6694 = LINE('',#6695,#6696);
#6695 = CARTESIAN_POINT('',(-0.,-0.));
#6696 = VECTOR('',#6697,1.);
#6697 = DIRECTION('',(-1.,-0.));
#6698 = ( GEOMETRIC_REPRESENTATION_CONTEXT(2) 
PARAMETRIC_REPRESENTATION_CONTEXT() REPRESENTATION_CONTEXT('2D SPACE',''
  ) );
#6699 = ORIENTED_EDGE('',*,*,#6643,.F.);
#6700 = ORIENTED_EDGE('',*,*,#6701,.T.);
#6701 = EDGE_CURVE('',#6644,#6644,#6702,.T.);
#6702 = SURFACE_CURVE('',#6703,(#6708,#6715),.PCURVE_S1.);
#6703 = CIRCLE('',#6704,9.);
#6704 = AXIS2_PLACEMENT_3D('',#6705,#6706,#6707);
#6705 = CARTESIAN_POINT('',(0.,0.,1.));
#6706 = DIRECTION('',(0.,0.,1.));
#6707 = DIRECTION('',(1.,0.,-0.));
#6708 = PCURVE('',#6654,#6709);
#6709 = DEFINITIONAL_REPRESENTATION('',(#6710),#6714);
#6710 = LINE('',#6711,#6712);
#6711 = CARTESIAN_POINT('',(0.,1.));
#6712 = VECTOR('',#6713,1.);
#6713 = DIRECTION('',(1.,0.));
#6714 = ( GEOMETRIC_REPRESENTATION_CONTEXT(2) 
PARAMETRIC_REPRESENTATION_CONTEXT() REPRESENTATION_CONTEXT('2D SPACE',''
  ) );
#6715 = PCURVE('',#6716,#6721);
#6716 = CONICAL_SURFACE('',#6717,9.,0.785398163397);
#6717 = AXIS2_PLACEMENT_3D('',#6718,#6719,#6720);
#6718 = CARTESIAN_POINT('',(0.,0.,1.));
#6719 = DIRECTION('',(0.,0.,1.));
#6720 = DIRECTION('',(1.,0.,-0.));
#6721 = DEFINITIONAL_REPRESENTATION('',(#6722),#6726);
#6722 = LINE('',#6723,#6724);
#6723 = CARTESIAN_POINT('',(0.,-0.));
#6724 = VECTOR('',#6725,1.);
#6725 = DIRECTION('',(1.,-0.));
#6726 = ( GEOMETRIC_REPRESENTATION_CONTEXT(2) 
PARAMETRIC_REPRESENTATION_CONTEXT() REPRESENTATION_CONTEXT('2D SPACE',''
  ) );
#6727 = ADVANCED_FACE('',(#6728),#6716,.T.);
#6728 = FACE_BOUND('',#6729,.F.);
#6729 = EDGE_LOOP('',(#6730,#6751,#6752,#6753));
#6730 = ORIENTED_EDGE('',*,*,#6731,.F.);
#6731 = EDGE_CURVE('',#6644,#6732,#6734,.T.);
#6732 = VERTEX_POINT('',#6733);
#6733 = CARTESIAN_POINT('',(8.,0.,0.));
#6734 = SEAM_CURVE('',#6735,(#6739,#6745),.PCURVE_S1.);
#6735 = LINE('',#6736,#6737);
#6736 = CARTESIAN_POINT('',(9.,0.,1.));
#6737 = VECTOR('',#6738,1.);
#6738 = DIRECTION('',(-0.707106781187,-0.,-0.707106781187));
#6739 = PCURVE('',#6716,#6740);
#6740 = DEFINITIONAL_REPRESENTATION('',(#6741),#6744);
#6741 = B_SPLINE_CURVE_WITH_KNOTS('',1,(#6742,#6743),.UNSPECIFIED.,.F.,
  .F.,(2,2),(0.,1.414213562373),.PIECEWISE_BEZIER_KNOTS.);
#6742 = CARTESIAN_POINT('',(0.,0.));
#6743 = CARTESIAN_POINT('',(0.,-1.));
#6744 = ( GEOMETRIC_REPRESENTATION_CONTEXT(2) 
PARAMETRIC_REPRESENTATION_CONTEXT() REPRESENTATION_CONTEXT('2D SPACE',''
  ) );
#6745 = PCURVE('',#6716,#6746);
#6746 = DEFINITIONAL_REPRESENTATION('',(#6747),#6750);
#6747 = B_SPLINE_CURVE_WITH_KNOTS('',1,(#6748,#6749),.UNSPECIFIED.,.F.,
  .F.,(2,2),(0.,1.414213562373),.PIECEWISE_BEZIER_KNOTS.);
#6748 = CARTESIAN_POINT('',(6.28318530718,0.));
#6749 = CARTESIAN_POINT('',(6.28318530718,-1.));
#6750 = ( GEOMETRIC_REPRESENTATION_CONTEXT(2) 
PARAMETRIC_REPRESENTATION_CONTEXT() REPRESENTATION_CONTEXT('2D SPACE',''
  ) );
#6751 = ORIENTED_EDGE('',*,*,#6701,.T.);
#6752 = ORIENTED_EDGE('',*,*,#6731,.T.);
#6753 = ORIENTED_EDGE('',*,*,#6754,.F.);
#6754 = EDGE_CURVE('',#6732,#6732,#6755,.T.);
#6755 = SURFACE_CURVE('',#6756,(#6761,#6768),.PCURVE_S1.);
#6756 = CIRCLE('',#6757,8.);
#6757 = AXIS2_PLACEMENT_3D('',#6758,#6759,#6760);
#6758 = CARTESIAN_POINT('',(0.,0.,0.));
#6759 = DIRECTION('',(0.,0.,1.));
#6760 = DIRECTION('',(1.,0.,-0.));
#6761 = PCURVE('',#6716,#6762);
#6762 = DEFINITIONAL_REPRESENTATION('',(#6763),#6767);
#6763 = LINE('',#6764,#6765);
#6764 = CARTESIAN_POINT('',(0.,-1.));
#6765 = VECTOR('',#6766,1.);
#6766 = DIRECTION('',(1.,-0.));
#6767 = ( GEOMETRIC_REPRESENTATION_CONTEXT(2) 
PARAMETRIC_REPRESENTATION_CONTEXT() REPRESENTATION_CONTEXT('2D SPACE',''
  ) );
#6768 = PCURVE('',#6769,#6774);
#6769 = PLANE('',#6770);
#6770 = AXIS2_PLACEMENT_3D('',#6771,#6772,#6773);
#6771 = CARTESIAN_POINT('',(0.,0.,0.));
#6772 = DIRECTION('',(0.,0.,1.));
#6773 = DIRECTION('',(1.,0.,0.));
#6774 = DEFINITIONAL_REPRESENTATION('',(#6775),#6779);
#6775 = CIRCLE('',#6776,8.);
#6776 = AXIS2_PLACEMENT_2D('',#6777,#6778);
#6777 = CARTESIAN_POINT('',(0.,0.));
#6778 = DIRECTION('',(1.,0.));
#6779 = ( GEOMETRIC_REPRESENTATION_CONTEXT(2) 
PARAMETRIC_REPRESENTATION_CONTEXT() REPRESENTATION_CONTEXT('2D SPACE',''
  ) );
#6780 = ADVANCED_FACE('',(#6781),#6688,.T.);
#6781 = FACE_BOUND('',#6782,.T.);
#6782 = EDGE_LOOP('',(#6783,#6804,#6805,#6806));
#6783 = ORIENTED_EDGE('',*,*,#6784,.F.);
#6784 = EDGE_CURVE('',#6646,#6785,#6787,.T.);
#6785 = VERTEX_POINT('',#6786);
#6786 = CARTESIAN_POINT('',(8.,0.,7.));
#6787 = SEAM_CURVE('',#6788,(#6792,#6798),.PCURVE_S1.);
#6788 = LINE('',#6789,#6790);
#6789 = CARTESIAN_POINT('',(9.,0.,6.));
#6790 = VECTOR('',#6791,1.);
#6791 = DIRECTION('',(-0.707106781187,0.,0.707106781187));
#6792 = PCURVE('',#6688,#6793);
#6793 = DEFINITIONAL_REPRESENTATION('',(#6794),#6797);
#6794 = B_SPLINE_CURVE_WITH_KNOTS('',1,(#6795,#6796),.UNSPECIFIED.,.F.,
  .F.,(2,2),(0.,1.414213562373),.PIECEWISE_BEZIER_KNOTS.);
#6795 = CARTESIAN_POINT('',(0.,0.));
#6796 = CARTESIAN_POINT('',(0.,-1.));
#6797 = ( GEOMETRIC_REPRESENTATION_CONTEXT(2) 
PARAMETRIC_REPRESENTATION_CONTEXT() REPRESENTATION_CONTEXT('2D SPACE',''
  ) );
#6798 = PCURVE('',#6688,#6799);
#6799 = DEFINITIONAL_REPRESENTATION('',(#6800),#6803);
#6800 = B_SPLINE_CURVE_WITH_KNOTS('',1,(#6801,#6802),.UNSPECIFIED.,.F.,
  .F.,(2,2),(0.,1.414213562373),.PIECEWISE_BEZIER_KNOTS.);
#6801 = CARTESIAN_POINT('',(-6.28318530718,0.));
#6802 = CARTESIAN_POINT('',(-6.28318530718,-1.));
#6803 = ( GEOMETRIC_REPRESENTATION_CONTEXT(2) 
PARAMETRIC_REPRESENTATION_CONTEXT() REPRESENTATION_CONTEXT('2D SPACE',''
  ) );
#6804 = ORIENTED_EDGE('',*,*,#6673,.T.);
#6805 = ORIENTED_EDGE('',*,*,#6784,.T.);
#6806 = ORIENTED_EDGE('',*,*,#6807,.F.);
#6807 = EDGE_CURVE('',#6785,#6785,#6808,.T.);
#6808 = SURFACE_CURVE('',#6809,(#6814,#6821),.PCURVE_S1.);
#6809 = CIRCLE('',#6810,8.);
#6810 = AXIS2_PLACEMENT_3D('',#6811,#6812,#6813);
#6811 = CARTESIAN_POINT('',(0.,0.,7.));
#6812 = DIRECTION('',(0.,0.,1.));
#6813 = DIRECTION('',(1.,0.,-0.));
#6814 = PCURVE('',#6688,#6815);
#6815 = DEFINITIONAL_REPRESENTATION('',(#6816),#6820);
#6816 = LINE('',#6817,#6818);
#6817 = CARTESIAN_POINT('',(-0.,-1.));
#6818 = VECTOR('',#6819,1.);
#6819 = DIRECTION('',(-1.,-0.));
#6820 = ( GEOMETRIC_REPRESENTATION_CONTEXT(2) 
PARAMETRIC_REPRESENTATION_CONTEXT() REPRESENTATION_CONTEXT('2D SPACE',''
  ) );
#6821 = PCURVE('',#6822,#6827);
#6822 = PLANE('',#6823);
#6823 = AXIS2_PLACEMENT_3D('',#6824,#6825,#6826);
#6824 = CARTESIAN_POINT('',(0.,0.,7.));
#6825 = DIRECTION('',(0.,0.,1.));
#6826 = DIRECTION('',(1.,0.,0.));
#6827 = DEFINITIONAL_REPRESENTATION('',(#6828),#6832);
#6828 = CIRCLE('',#6829,8.);
#6829 = AXIS2_PLACEMENT_2D('',#6830,#6831);
#6830 = CARTESIAN_POINT('',(0.,0.));
#6831 = DIRECTION('',(1.,0.));
#6832 = ( GEOMETRIC_REPRESENTATION_CONTEXT(2) 
PARAMETRIC_REPRESENTATION_CONTEXT() REPRESENTATION_CONTEXT('2D SPACE',''
  ) );
#6833 = ADVANCED_FACE('',(#6834),#6769,.F.);
#6834 = FACE_BOUND('',#6835,.F.);
#6835 = EDGE_LOOP('',(#6836));
#6836 = ORIENTED_EDGE('',*,*,#6754,.T.);
#6837 = ADVANCED_FACE('',(#6838),#6822,.T.);
#6838 = FACE_BOUND('',#6839,.T.);
#6839 = EDGE_LOOP('',(#6840));
#6840 = ORIENTED_EDGE('',*,*,#6807,.T.);
#6841 = ( GEOMETRIC_REPRESENTATION_CONTEXT(3) 
GLOBAL_UNCERTAINTY_ASSIGNED_CONTEXT((#6845)) 
GLOBAL_UNIT_ASSIGNED_CONTEXT((#6842,#6843,#6844)) REPRESENTATION_CONTEXT
('Context #1','3D Context with UNIT and UNCERTAINTY') );
#6842 = ( LENGTH_UNIT() NAMED_UNIT(*) SI_UNIT(.MILLI.,.METRE.) );
#6843 = ( NAMED_UNIT(*) PLANE_ANGLE_UNIT() SI_UNIT($,.RADIAN.) );
#6844 = ( NAMED_UNIT(*) SI_UNIT($,.STERADIAN.) SOLID_ANGLE_UNIT() );
#6845 = UNCERTAINTY_MEASURE_WITH_UNIT(LENGTH_MEASURE(1.E-07),#6842,
  'distance_accuracy_value','confusion accuracy');
#6846 = CONTEXT_DEPENDENT_SHAPE_REPRESENTATION(#6847,#6849);
#6847 = ( REPRESENTATION_RELATIONSHIP('','',#6636,#10) 
REPRESENTATION_RELATIONSHIP_WITH_TRANSFORMATION(#6848) 
SHAPE_REPRESENTATION_RELATIONSHIP() );
#6848 = ITEM_DEFINED_TRANSFORMATION('','',#11,#39);
#6849 = PRODUCT_DEFINITION_SHAPE('Placement','Placement of an item',
  #6850);
#6850 = NEXT_ASSEMBLY_USAGE_OCCURRENCE('7','seed_large_02','',#5,#6631,$
  );
#6851 = PRODUCT_RELATED_PRODUCT_CATEGORY('part',$,(#6633));
#6852 = SHAPE_DEFINITION_REPRESENTATION(#6853,#6859);
#6853 = PRODUCT_DEFINITION_SHAPE('','',#6854);
#6854 = PRODUCT_DEFINITION('design','',#6855,#6858);
#6855 = PRODUCT_DEFINITION_FORMATION('','',#6856);
#6856 = PRODUCT('seed_small_03','seed_small_03','',(#6857));
#6857 = PRODUCT_CONTEXT('',#2,'mechanical');
#6858 = PRODUCT_DEFINITION_CONTEXT('part definition',#2,'design');
#6859 = ADVANCED_BREP_SHAPE_REPRESENTATION('',(#11,#6860),#7064);
#6860 = MANIFOLD_SOLID_BREP('',#6861);
#6861 = CLOSED_SHELL('',(#6862,#6950,#7003,#7056,#7060));
#6862 = ADVANCED_FACE('',(#6863),#6877,.T.);
#6863 = FACE_BOUND('',#6864,.T.);
#6864 = EDGE_LOOP('',(#6865,#6895,#6922,#6923));
#6865 = ORIENTED_EDGE('',*,*,#6866,.T.);
#6866 = EDGE_CURVE('',#6867,#6869,#6871,.T.);
#6867 = VERTEX_POINT('',#6868);
#6868 = CARTESIAN_POINT('',(5.,0.,1.));
#6869 = VERTEX_POINT('',#6870);
#6870 = CARTESIAN_POINT('',(5.,0.,6.));
#6871 = SEAM_CURVE('',#6872,(#6876,#6888),.PCURVE_S1.);
#6872 = LINE('',#6873,#6874);
#6873 = CARTESIAN_POINT('',(5.,-1.224646799147E-15,0.));
#6874 = VECTOR('',#6875,1.);
#6875 = DIRECTION('',(0.,0.,1.));
#6876 = PCURVE('',#6877,#6882);
#6877 = CYLINDRICAL_SURFACE('',#6878,5.);
#6878 = AXIS2_PLACEMENT_3D('',#6879,#6880,#6881);
#6879 = CARTESIAN_POINT('',(0.,0.,0.));
#6880 = DIRECTION('',(0.,0.,1.));
#6881 = DIRECTION('',(1.,0.,0.));
#6882 = DEFINITIONAL_REPRESENTATION('',(#6883),#6887);
#6883 = LINE('',#6884,#6885);
#6884 = CARTESIAN_POINT('',(6.28318530718,-0.));
#6885 = VECTOR('',#6886,1.);
#6886 = DIRECTION('',(0.,1.));
#6887 = ( GEOMETRIC_REPRESENTATION_CONTEXT(2) 
PARAMETRIC_REPRESENTATION_CONTEXT() REPRESENTATION_CONTEXT('2D SPACE',''
  ) );
#6888 = PCURVE('',#6877,#6889);
#6889 = DEFINITIONAL_REPRESENTATION('',(#6890),#6894);
#6890 = LINE('',#6891,#6892);
#6891 = CARTESIAN_POINT('',(0.,-0.));
#6892 = VECTOR('',#6893,1.);
#6893 = DIRECTION('',(0.,1.));
#6894 = ( GEOMETRIC_REPRESENTATION_CONTEXT(2) 
PARAMETRIC_REPRESENTATION_CONTEXT() REPRESENTATION_CONTEXT('2D SPACE',''
  ) );
#6895 = ORIENTED_EDGE('',*,*,#6896,.F.);
#6896 = EDGE_CURVE('',#6869,#6869,#6897,.T.);
#6897 = SURFACE_CURVE('',#6898,(#6903,#6910),.PCURVE_S1.);
#6898 = CIRCLE('',#6899,5.);
#6899 = AXIS2_PLACEMENT_3D('',#6900,#6901,#6902);
#6900 = CARTESIAN_POINT('',(0.,0.,6.));
#6901 = DIRECTION('',(0.,0.,1.));
#6902 = DIRECTION('',(1.,0.,-0.));
#6903 = PCURVE('',#6877,#6904);
#6904 = DEFINITIONAL_REPRESENTATION('',(#6905),#6909);
#6905 = LINE('',#6906,#6907);
#6906 = CARTESIAN_POINT('',(0.,6.));
#6907 = VECTOR('',#6908,1.);
#6908 = DIRECTION('',(1.,0.));
#6909 = ( GEOMETRIC_REPRESENTATION_CONTEXT(2) 
PARAMETRIC_REPRESENTATION_CONTEXT() REPRESENTATION_CONTEXT('2D SPACE',''
  ) );
#6910 = PCURVE('',#6911,#6916);
#6911 = CONICAL_SURFACE('',#6912,5.,0.785398163397);
#6912 = AXIS2_PLACEMENT_3D('',#6913,#6914,#6915);
#6913 = CARTESIAN_POINT('',(0.,0.,6.));
#6914 = DIRECTION('',(-0.,-0.,-1.));
#6915 = DIRECTION('',(1.,0.,0.));
#6916 = DEFINITIONAL_REPRESENTATION('',(#6917),#6921);
#6917 = LINE('',#6918,#6919);
#6918 = CARTESIAN_POINT('',(-0.,-0.));
#6919 = VECTOR('',#6920,1.);
#6920 = DIRECTION('',(-1.,-0.));
#6921 = ( GEOMETRIC_REPRESENTATION_CONTEXT(2) 
PARAMETRIC_REPRESENTATION_CONTEXT() REPRESENTATION_CONTEXT('2D SPACE',''
  ) );
#6922 = ORIENTED_EDGE('',*,*,#6866,.F.);
#6923 = ORIENTED_EDGE('',*,*,#6924,.T.);
#6924 = EDGE_CURVE('',#6867,#6867,#6925,.T.);
#6925 = SURFACE_CURVE('',#6926,(#6931,#6938),.PCURVE_S1.);
#6926 = CIRCLE('',#6927,5.);
#6927 = AXIS2_PLACEMENT_3D('',#6928,#6929,#6930);
#6928 = CARTESIAN_POINT('',(0.,0.,1.));
#6929 = DIRECTION('',(0.,0.,1.));
#6930 = DIRECTION('',(1.,0.,-0.));
#6931 = PCURVE('',#6877,#6932);
#6932 = DEFINITIONAL_REPRESENTATION('',(#6933),#6937);
#6933 = LINE('',#6934,#6935);
#6934 = CARTESIAN_POINT('',(0.,1.));
#6935 = VECTOR('',#6936,1.);
#6936 = DIRECTION('',(1.,0.));
#6937 = ( GEOMETRIC_REPRESENTATION_CONTEXT(2) 
PARAMETRIC_REPRESENTATION_CONTEXT() REPRESENTATION_CONTEXT('2D SPACE',''
  ) );
#6938 = PCURVE('',#6939,#6944);
#6939 = CONICAL_SURFACE('',#6940,5.,0.785398163397);
#6940 = AXIS2_PLACEMENT_3D('',#6941,#6942,#6943);
#6941 = CARTESIAN_POINT('',(0.,0.,1.));
#6942 = DIRECTION('',(0.,0.,1.));
#6943 = DIRECTION('',(1.,0.,-0.));
#6944 = DEFINITIONAL_REPRESENTATION('',(#6945),#6949);
#6945 = LINE('',#6946,#6947);
#6946 = CARTESIAN_POINT('',(0.,-0.));
#6947 = VECTOR('',#6948,1.);
#6948 = DIRECTION('',(1.,-0.));
#6949 = ( GEOMETRIC_REPRESENTATION_CONTEXT(2) 
PARAMETRIC_REPRESENTATION_CONTEXT() REPRESENTATION_CONTEXT('2D SPACE',''
  ) );
#6950 = ADVANCED_FACE('',(#6951),#6939,.T.);
#6951 = FACE_BOUND('',#6952,.F.);
#6952 = EDGE_LOOP('',(#6953,#6974,#6975,#6976));
#6953 = ORIENTED_EDGE('',*,*,#6954,.F.);
#6954 = EDGE_CURVE('',#6867,#6955,#6957,.T.);
#6955 = VERTEX_POINT('',#6956);
#6956 = CARTESIAN_POINT('',(4.,0.,0.));
#6957 = SEAM_CURVE('',#6958,(#6962,#6968),.PCURVE_S1.);
#6958 = LINE('',#6959,#6960);
#6959 = CARTESIAN_POINT('',(5.,0.,1.));
#6960 = VECTOR('',#6961,1.);
#6961 = DIRECTION('',(-0.707106781187,-0.,-0.707106781187));
#6962 = PCURVE('',#6939,#6963);
#6963 = DEFINITIONAL_REPRESENTATION('',(#6964),#6967);
#6964 = B_SPLINE_CURVE_WITH_KNOTS('',1,(#6965,#6966),.UNSPECIFIED.,.F.,
  .F.,(2,2),(0.,1.414213562373),.PIECEWISE_BEZIER_KNOTS.);
#6965 = CARTESIAN_POINT('',(0.,0.));
#6966 = CARTESIAN_POINT('',(0.,-1.));
#6967 = ( GEOMETRIC_REPRESENTATION_CONTEXT(2) 
PARAMETRIC_REPRESENTATION_CONTEXT() REPRESENTATION_CONTEXT('2D SPACE',''
  ) );
#6968 = PCURVE('',#6939,#6969);
#6969 = DEFINITIONAL_REPRESENTATION('',(#6970),#6973);
#6970 = B_SPLINE_CURVE_WITH_KNOTS('',1,(#6971,#6972),.UNSPECIFIED.,.F.,
  .F.,(2,2),(0.,1.414213562373),.PIECEWISE_BEZIER_KNOTS.);
#6971 = CARTESIAN_POINT('',(6.28318530718,0.));
#6972 = CARTESIAN_POINT('',(6.28318530718,-1.));
#6973 = ( GEOMETRIC_REPRESENTATION_CONTEXT(2) 
PARAMETRIC_REPRESENTATION_CONTEXT() REPRESENTATION_CONTEXT('2D SPACE',''
  ) );
#6974 = ORIENTED_EDGE('',*,*,#6924,.T.);
#6975 = ORIENTED_EDGE('',*,*,#6954,.T.);
#6976 = ORIENTED_EDGE('',*,*,#6977,.F.);
#6977 = EDGE_CURVE('',#6955,#6955,#6978,.T.);
#6978 = SURFACE_CURVE('',#6979,(#6984,#6991),.PCURVE_S1.);
#6979 = CIRCLE('',#6980,4.);
#6980 = AXIS2_PLACEMENT_3D('',#6981,#6982,#6983);
#6981 = CARTESIAN_POINT('',(0.,0.,0.));
#6982 = DIRECTION('',(0.,0.,1.));
#6983 = DIRECTION('',(1.,0.,-0.));
#6984 = PCURVE('',#6939,#6985);
#6985 = DEFINITIONAL_REPRESENTATION('',(#6986),#6990);
#6986 = LINE('',#6987,#6988);
#6987 = CARTESIAN_POINT('',(0.,-1.));
#6988 = VECTOR('',#6989,1.);
#6989 = DIRECTION('',(1.,-0.));
#6990 = ( GEOMETRIC_REPRESENTATION_CONTEXT(2) 
PARAMETRIC_REPRESENTATION_CONTEXT() REPRESENTATION_CONTEXT('2D SPACE',''
  ) );
#6991 = PCURVE('',#6992,#6997);
#6992 = PLANE('',#6993);
#6993 = AXIS2_PLACEMENT_3D('',#6994,#6995,#6996);
#6994 = CARTESIAN_POINT('',(0.,0.,0.));
#6995 = DIRECTION('',(0.,0.,1.));
#6996 = DIRECTION('',(1.,0.,0.));
#6997 = DEFINITIONAL_REPRESENTATION('',(#6998),#7002);
#6998 = CIRCLE('',#6999,4.);
#6999 = AXIS2_PLACEMENT_2D('',#7000,#7001);
#7000 = CARTESIAN_POINT('',(0.,0.));
#7001 = DIRECTION('',(1.,0.));
#7002 = ( GEOMETRIC_REPRESENTATION_CONTEXT(2) 
PARAMETRIC_REPRESENTATION_CONTEXT() REPRESENTATION_CONTEXT('2D SPACE',''
  ) );
#7003 = ADVANCED_FACE('',(#7004),#6911,.T.);
#7004 = FACE_BOUND('',#7005,.T.);
#7005 = EDGE_LOOP('',(#7006,#7027,#7028,#7029));
#7006 = ORIENTED_EDGE('',*,*,#7007,.F.);
#7007 = EDGE_CURVE('',#6869,#7008,#7010,.T.);
#7008 = VERTEX_POINT('',#7009);
#7009 = CARTESIAN_POINT('',(4.,0.,7.));
#7010 = SEAM_CURVE('',#7011,(#7015,#7021),.PCURVE_S1.);
#7011 = LINE('',#7012,#7013);
#7012 = CARTESIAN_POINT('',(5.,0.,6.));
#7013 = VECTOR('',#7014,1.);
#7014 = DIRECTION('',(-0.707106781187,0.,0.707106781187));
#7015 = PCURVE('',#6911,#7016);
#7016 = DEFINITIONAL_REPRESENTATION('',(#7017),#7020);
#7017 = B_SPLINE_CURVE_WITH_KNOTS('',1,(#7018,#7019),.UNSPECIFIED.,.F.,
  .F.,(2,2),(0.,1.414213562373),.PIECEWISE_BEZIER_KNOTS.);
#7018 = CARTESIAN_POINT('',(0.,0.));
#7019 = CARTESIAN_POINT('',(0.,-1.));
#7020 = ( GEOMETRIC_REPRESENTATION_CONTEXT(2) 
PARAMETRIC_REPRESENTATION_CONTEXT() REPRESENTATION_CONTEXT('2D SPACE',''
  ) );
#7021 = PCURVE('',#6911,#7022);
#7022 = DEFINITIONAL_REPRESENTATION('',(#7023),#7026);
#7023 = B_SPLINE_CURVE_WITH_KNOTS('',1,(#7024,#7025),.UNSPECIFIED.,.F.,
  .F.,(2,2),(0.,1.414213562373),.PIECEWISE_BEZIER_KNOTS.);
#7024 = CARTESIAN_POINT('',(-6.28318530718,0.));
#7025 = CARTESIAN_POINT('',(-6.28318530718,-1.));
#7026 = ( GEOMETRIC_REPRESENTATION_CONTEXT(2) 
PARAMETRIC_REPRESENTATION_CONTEXT() REPRESENTATION_CONTEXT('2D SPACE',''
  ) );
#7027 = ORIENTED_EDGE('',*,*,#6896,.T.);
#7028 = ORIENTED_EDGE('',*,*,#7007,.T.);
#7029 = ORIENTED_EDGE('',*,*,#7030,.F.);
#7030 = EDGE_CURVE('',#7008,#7008,#7031,.T.);
#7031 = SURFACE_CURVE('',#7032,(#7037,#7044),.PCURVE_S1.);
#7032 = CIRCLE('',#7033,4.);
#7033 = AXIS2_PLACEMENT_3D('',#7034,#7035,#7036);
#7034 = CARTESIAN_POINT('',(0.,0.,7.));
#7035 = DIRECTION('',(0.,0.,1.));
#7036 = DIRECTION('',(1.,0.,-0.));
#7037 = PCURVE('',#6911,#7038);
#7038 = DEFINITIONAL_REPRESENTATION('',(#7039),#7043);
#7039 = LINE('',#7040,#7041);
#7040 = CARTESIAN_POINT('',(-0.,-1.));
#7041 = VECTOR('',#7042,1.);
#7042 = DIRECTION('',(-1.,-0.));
#7043 = ( GEOMETRIC_REPRESENTATION_CONTEXT(2) 
PARAMETRIC_REPRESENTATION_CONTEXT() REPRESENTATION_CONTEXT('2D SPACE',''
  ) );
#7044 = PCURVE('',#7045,#7050);
#7045 = PLANE('',#7046);
#7046 = AXIS2_PLACEMENT_3D('',#7047,#7048,#7049);
#7047 = CARTESIAN_POINT('',(0.,0.,7.));
#7048 = DIRECTION('',(0.,0.,1.));
#7049 = DIRECTION('',(1.,0.,0.));
#7050 = DEFINITIONAL_REPRESENTATION('',(#7051),#7055);
#7051 = CIRCLE('',#7052,4.);
#7052 = AXIS2_PLACEMENT_2D('',#7053,#7054);
#7053 = CARTESIAN_POINT('',(0.,0.));
#7054 = DIRECTION('',(1.,0.));
#7055 = ( GEOMETRIC_REPRESENTATION_CONTEXT(2) 
PARAMETRIC_REPRESENTATION_CONTEXT() REPRESENTATION_CONTEXT('2D SPACE',''
  ) );
#7056 = ADVANCED_FACE('',(#7057),#6992,.F.);
#7057 = FACE_BOUND('',#7058,.F.);
#7058 = EDGE_LOOP('',(#7059));
#7059 = ORIENTED_EDGE('',*,*,#6977,.T.);
#7060 = ADVANCED_FACE('',(#7061),#7045,.T.);
#7061 = FACE_BOUND('',#7062,.T.);
#7062 = EDGE_LOOP('',(#7063));
#7063 = ORIENTED_EDGE('',*,*,#7030,.T.);
#7064 = ( GEOMETRIC_REPRESENTATION_CONTEXT(3) 
GLOBAL_UNCERTAINTY_ASSIGNED_CONTEXT((#7068)) 
GLOBAL_UNIT_ASSIGNED_CONTEXT((#7065,#7066,#7067)) REPRESENTATION_CONTEXT
('Context #1','3D Context with UNIT and UNCERTAINTY') );
#7065 = ( LENGTH_UNIT() NAMED_UNIT(*) SI_UNIT(.MILLI.,.METRE.) );
#7066 = ( NAMED_UNIT(*) PLANE_ANGLE_UNIT() SI_UNIT($,.RADIAN.) );
#7067 = ( NAMED_UNIT(*) SI_UNIT($,.STERADIAN.) SOLID_ANGLE_UNIT() );
#7068 = UNCERTAINTY_MEASURE_WITH_UNIT(LENGTH_MEASURE(1.E-07),#7065,
  'distance_accuracy_value','confusion accuracy');
#7069 = CONTEXT_DEPENDENT_SHAPE_REPRESENTATION(#7070,#7072);
#7070 = ( REPRESENTATION_RELATIONSHIP('','',#6859,#10) 
REPRESENTATION_RELATIONSHIP_WITH_TRANSFORMATION(#7071) 
SHAPE_REPRESENTATION_RELATIONSHIP() );
#7071 = ITEM_DEFINED_TRANSFORMATION('','',#11,#43);
#7072 = PRODUCT_DEFINITION_SHAPE('Placement','Placement of an item',
  #7073);
#7073 = NEXT_ASSEMBLY_USAGE_OCCURRENCE('8','seed_small_03','',#5,#6854,$
  );
#7074 = PRODUCT_RELATED_PRODUCT_CATEGORY('part',$,(#6856));
#7075 = SHAPE_DEFINITION_REPRESENTATION(#7076,#7082);
#7076 = PRODUCT_DEFINITION_SHAPE('','',#7077);
#7077 = PRODUCT_DEFINITION('design','',#7078,#7081);
#7078 = PRODUCT_DEFINITION_FORMATION('','',#7079);
#7079 = PRODUCT('seed_medium_03','seed_medium_03','',(#7080));
#7080 = PRODUCT_CONTEXT('',#2,'mechanical');
#7081 = PRODUCT_DEFINITION_CONTEXT('part definition',#2,'design');
#7082 = ADVANCED_BREP_SHAPE_REPRESENTATION('',(#11,#7083),#7287);
#7083 = MANIFOLD_SOLID_BREP('',#7084);
#7084 = CLOSED_SHELL('',(#7085,#7173,#7226,#7279,#7283));
#7085 = ADVANCED_FACE('',(#7086),#7100,.T.);
#7086 = FACE_BOUND('',#7087,.T.);
#7087 = EDGE_LOOP('',(#7088,#7118,#7145,#7146));
#7088 = ORIENTED_EDGE('',*,*,#7089,.T.);
#7089 = EDGE_CURVE('',#7090,#7092,#7094,.T.);
#7090 = VERTEX_POINT('',#7091);
#7091 = CARTESIAN_POINT('',(7.,0.,1.));
#7092 = VERTEX_POINT('',#7093);
#7093 = CARTESIAN_POINT('',(7.,0.,6.));
#7094 = SEAM_CURVE('',#7095,(#7099,#7111),.PCURVE_S1.);
#7095 = LINE('',#7096,#7097);
#7096 = CARTESIAN_POINT('',(7.,-1.714505518806E-15,0.));
#7097 = VECTOR('',#7098,1.);
#7098 = DIRECTION('',(0.,0.,1.));
#7099 = PCURVE('',#7100,#7105);
#7100 = CYLINDRICAL_SURFACE('',#7101,7.);
#7101 = AXIS2_PLACEMENT_3D('',#7102,#7103,#7104);
#7102 = CARTESIAN_POINT('',(0.,0.,0.));
#7103 = DIRECTION('',(0.,0.,1.));
#7104 = DIRECTION('',(1.,0.,0.));
#7105 = DEFINITIONAL_REPRESENTATION('',(#7106),#7110);
#7106 = LINE('',#7107,#7108);
#7107 = CARTESIAN_POINT('',(6.28318530718,-0.));
#7108 = VECTOR('',#7109,1.);
#7109 = DIRECTION('',(0.,1.));
#7110 = ( GEOMETRIC_REPRESENTATION_CONTEXT(2) 
PARAMETRIC_REPRESENTATION_CONTEXT() REPRESENTATION_CONTEXT('2D SPACE',''
  ) );
#7111 = PCURVE('',#7100,#7112);
#7112 = DEFINITIONAL_REPRESENTATION('',(#7113),#7117);
#7113 = LINE('',#7114,#7115);
#7114 = CARTESIAN_POINT('',(0.,-0.));
#7115 = VECTOR('',#7116,1.);
#7116 = DIRECTION('',(0.,1.));
#7117 = ( GEOMETRIC_REPRESENTATION_CONTEXT(2) 
PARAMETRIC_REPRESENTATION_CONTEXT() REPRESENTATION_CONTEXT('2D SPACE',''
  ) );
#7118 = ORIENTED_EDGE('',*,*,#7119,.F.);
#7119 = EDGE_CURVE('',#7092,#7092,#7120,.T.);
#7120 = SURFACE_CURVE('',#7121,(#7126,#7133),.PCURVE_S1.);
#7121 = CIRCLE('',#7122,7.);
#7122 = AXIS2_PLACEMENT_3D('',#7123,#7124,#7125);
#7123 = CARTESIAN_POINT('',(0.,0.,6.));
#7124 = DIRECTION('',(0.,0.,1.));
#7125 = DIRECTION('',(1.,0.,-0.));
#7126 = PCURVE('',#7100,#7127);
#7127 = DEFINITIONAL_REPRESENTATION('',(#7128),#7132);
#7128 = LINE('',#7129,#7130);
#7129 = CARTESIAN_POINT('',(0.,6.));
#7130 = VECTOR('',#7131,1.);
#7131 = DIRECTION('',(1.,0.));
#7132 = ( GEOMETRIC_REPRESENTATION_CONTEXT(2) 
PARAMETRIC_REPRESENTATION_CONTEXT() REPRESENTATION_CONTEXT('2D SPACE',''
  ) );
#7133 = PCURVE('',#7134,#7139);
#7134 = CONICAL_SURFACE('',#7135,7.,0.785398163397);
#7135 = AXIS2_PLACEMENT_3D('',#7136,#7137,#7138);
#7136 = CARTESIAN_POINT('',(0.,0.,6.));
#7137 = DIRECTION('',(-0.,-0.,-1.));
#7138 = DIRECTION('',(1.,0.,0.));
#7139 = DEFINITIONAL_REPRESENTATION('',(#7140),#7144);
#7140 = LINE('',#7141,#7142);
#7141 = CARTESIAN_POINT('',(-0.,-0.));
#7142 = VECTOR('',#7143,1.);
#7143 = DIRECTION('',(-1.,-0.));
#7144 = ( GEOMETRIC_REPRESENTATION_CONTEXT(2) 
PARAMETRIC_REPRESENTATION_CONTEXT() REPRESENTATION_CONTEXT('2D SPACE',''
  ) );
#7145 = ORIENTED_EDGE('',*,*,#7089,.F.);
#7146 = ORIENTED_EDGE('',*,*,#7147,.T.);
#7147 = EDGE_CURVE('',#7090,#7090,#7148,.T.);
#7148 = SURFACE_CURVE('',#7149,(#7154,#7161),.PCURVE_S1.);
#7149 = CIRCLE('',#7150,7.);
#7150 = AXIS2_PLACEMENT_3D('',#7151,#7152,#7153);
#7151 = CARTESIAN_POINT('',(0.,0.,1.));
#7152 = DIRECTION('',(0.,0.,1.));
#7153 = DIRECTION('',(1.,0.,-0.));
#7154 = PCURVE('',#7100,#7155);
#7155 = DEFINITIONAL_REPRESENTATION('',(#7156),#7160);
#7156 = LINE('',#7157,#7158);
#7157 = CARTESIAN_POINT('',(0.,1.));
#7158 = VECTOR('',#7159,1.);
#7159 = DIRECTION('',(1.,0.));
#7160 = ( GEOMETRIC_REPRESENTATION_CONTEXT(2) 
PARAMETRIC_REPRESENTATION_CONTEXT() REPRESENTATION_CONTEXT('2D SPACE',''
  ) );
#7161 = PCURVE('',#7162,#7167);
#7162 = CONICAL_SURFACE('',#7163,7.,0.785398163397);
#7163 = AXIS2_PLACEMENT_3D('',#7164,#7165,#7166);
#7164 = CARTESIAN_POINT('',(0.,0.,1.));
#7165 = DIRECTION('',(0.,0.,1.));
#7166 = DIRECTION('',(1.,0.,-0.));
#7167 = DEFINITIONAL_REPRESENTATION('',(#7168),#7172);
#7168 = LINE('',#7169,#7170);
#7169 = CARTESIAN_POINT('',(0.,-0.));
#7170 = VECTOR('',#7171,1.);
#7171 = DIRECTION('',(1.,-0.));
#7172 = ( GEOMETRIC_REPRESENTATION_CONTEXT(2) 
PARAMETRIC_REPRESENTATION_CONTEXT() REPRESENTATION_CONTEXT('2D SPACE',''
  ) );
#7173 = ADVANCED_FACE('',(#7174),#7162,.T.);
#7174 = FACE_BOUND('',#7175,.F.);
#7175 = EDGE_LOOP('',(#7176,#7197,#7198,#7199));
#7176 = ORIENTED_EDGE('',*,*,#7177,.F.);
#7177 = EDGE_CURVE('',#7090,#7178,#7180,.T.);
#7178 = VERTEX_POINT('',#7179);
#7179 = CARTESIAN_POINT('',(6.,0.,0.));
#7180 = SEAM_CURVE('',#7181,(#7185,#7191),.PCURVE_S1.);
#7181 = LINE('',#7182,#7183);
#7182 = CARTESIAN_POINT('',(7.,0.,1.));
#7183 = VECTOR('',#7184,1.);
#7184 = DIRECTION('',(-0.707106781187,-0.,-0.707106781187));
#7185 = PCURVE('',#7162,#7186);
#7186 = DEFINITIONAL_REPRESENTATION('',(#7187),#7190);
#7187 = B_SPLINE_CURVE_WITH_KNOTS('',1,(#7188,#7189),.UNSPECIFIED.,.F.,
  .F.,(2,2),(0.,1.414213562373),.PIECEWISE_BEZIER_KNOTS.);
#7188 = CARTESIAN_POINT('',(0.,0.));
#7189 = CARTESIAN_POINT('',(0.,-1.));
#7190 = ( GEOMETRIC_REPRESENTATION_CONTEXT(2) 
PARAMETRIC_REPRESENTATION_CONTEXT() REPRESENTATION_CONTEXT('2D SPACE',''
  ) );
#7191 = PCURVE('',#7162,#7192);
#7192 = DEFINITIONAL_REPRESENTATION('',(#7193),#7196);
#7193 = B_SPLINE_CURVE_WITH_KNOTS('',1,(#7194,#7195),.UNSPECIFIED.,.F.,
  .F.,(2,2),(0.,1.414213562373),.PIECEWISE_BEZIER_KNOTS.);
#7194 = CARTESIAN_POINT('',(6.28318530718,0.));
#7195 = CARTESIAN_POINT('',(6.28318530718,-1.));
#7196 = ( GEOMETRIC_REPRESENTATION_CONTEXT(2) 
PARAMETRIC_REPRESENTATION_CONTEXT() REPRESENTATION_CONTEXT('2D SPACE',''
  ) );
#7197 = ORIENTED_EDGE('',*,*,#7147,.T.);
#7198 = ORIENTED_EDGE('',*,*,#7177,.T.);
#7199 = ORIENTED_EDGE('',*,*,#7200,.F.);
#7200 = EDGE_CURVE('',#7178,#7178,#7201,.T.);
#7201 = SURFACE_CURVE('',#7202,(#7207,#7214),.PCURVE_S1.);
#7202 = CIRCLE('',#7203,6.);
#7203 = AXIS2_PLACEMENT_3D('',#7204,#7205,#7206);
#7204 = CARTESIAN_POINT('',(0.,0.,0.));
#7205 = DIRECTION('',(0.,0.,1.));
#7206 = DIRECTION('',(1.,0.,-0.));
#7207 = PCURVE('',#7162,#7208);
#7208 = DEFINITIONAL_REPRESENTATION('',(#7209),#7213);
#7209 = LINE('',#7210,#7211);
#7210 = CARTESIAN_POINT('',(0.,-1.));
#7211 = VECTOR('',#7212,1.);
#7212 = DIRECTION('',(1.,-0.));
#7213 = ( GEOMETRIC_REPRESENTATION_CONTEXT(2) 
PARAMETRIC_REPRESENTATION_CONTEXT() REPRESENTATION_CONTEXT('2D SPACE',''
  ) );
#7214 = PCURVE('',#7215,#7220);
#7215 = PLANE('',#7216);
#7216 = AXIS2_PLACEMENT_3D('',#7217,#7218,#7219);
#7217 = CARTESIAN_POINT('',(0.,0.,0.));
#7218 = DIRECTION('',(0.,0.,1.));
#7219 = DIRECTION('',(1.,0.,0.));
#7220 = DEFINITIONAL_REPRESENTATION('',(#7221),#7225);
#7221 = CIRCLE('',#7222,6.);
#7222 = AXIS2_PLACEMENT_2D('',#7223,#7224);
#7223 = CARTESIAN_POINT('',(0.,0.));
#7224 = DIRECTION('',(1.,0.));
#7225 = ( GEOMETRIC_REPRESENTATION_CONTEXT(2) 
PARAMETRIC_REPRESENTATION_CONTEXT() REPRESENTATION_CONTEXT('2D SPACE',''
  ) );
#7226 = ADVANCED_FACE('',(#7227),#7134,.T.);
#7227 = FACE_BOUND('',#7228,.T.);
#7228 = EDGE_LOOP('',(#7229,#7250,#7251,#7252));
#7229 = ORIENTED_EDGE('',*,*,#7230,.F.);
#7230 = EDGE_CURVE('',#7092,#7231,#7233,.T.);
#7231 = VERTEX_POINT('',#7232);
#7232 = CARTESIAN_POINT('',(6.,0.,7.));
#7233 = SEAM_CURVE('',#7234,(#7238,#7244),.PCURVE_S1.);
#7234 = LINE('',#7235,#7236);
#7235 = CARTESIAN_POINT('',(7.,0.,6.));
#7236 = VECTOR('',#7237,1.);
#7237 = DIRECTION('',(-0.707106781187,0.,0.707106781187));
#7238 = PCURVE('',#7134,#7239);
#7239 = DEFINITIONAL_REPRESENTATION('',(#7240),#7243);
#7240 = B_SPLINE_CURVE_WITH_KNOTS('',1,(#7241,#7242),.UNSPECIFIED.,.F.,
  .F.,(2,2),(0.,1.414213562373),.PIECEWISE_BEZIER_KNOTS.);
#7241 = CARTESIAN_POINT('',(0.,0.));
#7242 = CARTESIAN_POINT('',(0.,-1.));
#7243 = ( GEOMETRIC_REPRESENTATION_CONTEXT(2) 
PARAMETRIC_REPRESENTATION_CONTEXT() REPRESENTATION_CONTEXT('2D SPACE',''
  ) );
#7244 = PCURVE('',#7134,#7245);
#7245 = DEFINITIONAL_REPRESENTATION('',(#7246),#7249);
#7246 = B_SPLINE_CURVE_WITH_KNOTS('',1,(#7247,#7248),.UNSPECIFIED.,.F.,
  .F.,(2,2),(0.,1.414213562373),.PIECEWISE_BEZIER_KNOTS.);
#7247 = CARTESIAN_POINT('',(-6.28318530718,0.));
#7248 = CARTESIAN_POINT('',(-6.28318530718,-1.));
#7249 = ( GEOMETRIC_REPRESENTATION_CONTEXT(2) 
PARAMETRIC_REPRESENTATION_CONTEXT() REPRESENTATION_CONTEXT('2D SPACE',''
  ) );
#7250 = ORIENTED_EDGE('',*,*,#7119,.T.);
#7251 = ORIENTED_EDGE('',*,*,#7230,.T.);
#7252 = ORIENTED_EDGE('',*,*,#7253,.F.);
#7253 = EDGE_CURVE('',#7231,#7231,#7254,.T.);
#7254 = SURFACE_CURVE('',#7255,(#7260,#7267),.PCURVE_S1.);
#7255 = CIRCLE('',#7256,6.);
#7256 = AXIS2_PLACEMENT_3D('',#7257,#7258,#7259);
#7257 = CARTESIAN_POINT('',(0.,0.,7.));
#7258 = DIRECTION('',(0.,0.,1.));
#7259 = DIRECTION('',(1.,0.,-0.));
#7260 = PCURVE('',#7134,#7261);
#7261 = DEFINITIONAL_REPRESENTATION('',(#7262),#7266);
#7262 = LINE('',#7263,#7264);
#7263 = CARTESIAN_POINT('',(-0.,-1.));
#7264 = VECTOR('',#7265,1.);
#7265 = DIRECTION('',(-1.,-0.));
#7266 = ( GEOMETRIC_REPRESENTATION_CONTEXT(2) 
PARAMETRIC_REPRESENTATION_CONTEXT() REPRESENTATION_CONTEXT('2D SPACE',''
  ) );
#7267 = PCURVE('',#7268,#7273);
#7268 = PLANE('',#7269);
#7269 = AXIS2_PLACEMENT_3D('',#7270,#7271,#7272);
#7270 = CARTESIAN_POINT('',(0.,0.,7.));
#7271 = DIRECTION('',(0.,0.,1.));
#7272 = DIRECTION('',(1.,0.,0.));
#7273 = DEFINITIONAL_REPRESENTATION('',(#7274),#7278);
#7274 = CIRCLE('',#7275,6.);
#7275 = AXIS2_PLACEMENT_2D('',#7276,#7277);
#7276 = CARTESIAN_POINT('',(0.,0.));
#7277 = DIRECTION('',(1.,0.));
#7278 = ( GEOMETRIC_REPRESENTATION_CONTEXT(2) 
PARAMETRIC_REPRESENTATION_CONTEXT() REPRESENTATION_CONTEXT('2D SPACE',''
  ) );
#7279 = ADVANCED_FACE('',(#7280),#7215,.F.);
#7280 = FACE_BOUND('',#7281,.F.);
#7281 = EDGE_LOOP('',(#7282));
#7282 = ORIENTED_EDGE('',*,*,#7200,.T.);
#7283 = ADVANCED_FACE('',(#7284),#7268,.T.);
#7284 = FACE_BOUND('',#7285,.T.);
#7285 = EDGE_LOOP('',(#7286));
#7286 = ORIENTED_EDGE('',*,*,#7253,.T.);
#7287 = ( GEOMETRIC_REPRESENTATION_CONTEXT(3) 
GLOBAL_UNCERTAINTY_ASSIGNED_CONTEXT((#7291)) 
GLOBAL_UNIT_ASSIGNED_CONTEXT((#7288,#7289,#7290)) REPRESENTATION_CONTEXT
('Context #1','3D Context with UNIT and UNCERTAINTY') );
#7288 = ( LENGTH_UNIT() NAMED_UNIT(*) SI_UNIT(.MILLI.,.METRE.) );
#7289 = ( NAMED_UNIT(*) PLANE_ANGLE_UNIT() SI_UNIT($,.RADIAN.) );
#7290 = ( NAMED_UNIT(*) SI_UNIT($,.STERADIAN.) SOLID_ANGLE_UNIT() );
#7291 = UNCERTAINTY_MEASURE_WITH_UNIT(LENGTH_MEASURE(1.E-07),#7288,
  'distance_accuracy_value','confusion accuracy');
#7292 = CONTEXT_DEPENDENT_SHAPE_REPRESENTATION(#7293,#7295);
#7293 = ( REPRESENTATION_RELATIONSHIP('','',#7082,#10) 
REPRESENTATION_RELATIONSHIP_WITH_TRANSFORMATION(#7294) 
SHAPE_REPRESENTATION_RELATIONSHIP() );
#7294 = ITEM_DEFINED_TRANSFORMATION('','',#11,#47);
#7295 = PRODUCT_DEFINITION_SHAPE('Placement','Placement of an item',
  #7296);
#7296 = NEXT_ASSEMBLY_USAGE_OCCURRENCE('9','seed_medium_03','',#5,#7077,
  $);
#7297 = PRODUCT_RELATED_PRODUCT_CATEGORY('part',$,(#7079));
#7298 = SHAPE_DEFINITION_REPRESENTATION(#7299,#7305);
#7299 = PRODUCT_DEFINITION_SHAPE('','',#7300);
#7300 = PRODUCT_DEFINITION('design','',#7301,#7304);
#7301 = PRODUCT_DEFINITION_FORMATION('','',#7302);
#7302 = PRODUCT('seed_large_03','seed_large_03','',(#7303));
#7303 = PRODUCT_CONTEXT('',#2,'mechanical');
#7304 = PRODUCT_DEFINITION_CONTEXT('part definition',#2,'design');
#7305 = ADVANCED_BREP_SHAPE_REPRESENTATION('',(#11,#7306),#7510);
#7306 = MANIFOLD_SOLID_BREP('',#7307);
#7307 = CLOSED_SHELL('',(#7308,#7396,#7449,#7502,#7506));
#7308 = ADVANCED_FACE('',(#7309),#7323,.T.);
#7309 = FACE_BOUND('',#7310,.T.);
#7310 = EDGE_LOOP('',(#7311,#7341,#7368,#7369));
#7311 = ORIENTED_EDGE('',*,*,#7312,.T.);
#7312 = EDGE_CURVE('',#7313,#7315,#7317,.T.);
#7313 = VERTEX_POINT('',#7314);
#7314 = CARTESIAN_POINT('',(9.,0.,1.));
#7315 = VERTEX_POINT('',#7316);
#7316 = CARTESIAN_POINT('',(9.,0.,6.));
#7317 = SEAM_CURVE('',#7318,(#7322,#7334),.PCURVE_S1.);
#7318 = LINE('',#7319,#7320);
#7319 = CARTESIAN_POINT('',(9.,-2.204364238465E-15,0.));
#7320 = VECTOR('',#7321,1.);
#7321 = DIRECTION('',(0.,0.,1.));
#7322 = PCURVE('',#7323,#7328);
#7323 = CYLINDRICAL_SURFACE('',#7324,9.);
#7324 = AXIS2_PLACEMENT_3D('',#7325,#7326,#7327);
#7325 = CARTESIAN_POINT('',(0.,0.,0.));
#7326 = DIRECTION('',(0.,0.,1.));
#7327 = DIRECTION('',(1.,0.,0.));
#7328 = DEFINITIONAL_REPRESENTATION('',(#7329),#7333);
#7329 = LINE('',#7330,#7331);
#7330 = CARTESIAN_POINT('',(6.28318530718,-0.));
#7331 = VECTOR('',#7332,1.);
#7332 = DIRECTION('',(0.,1.));
#7333 = ( GEOMETRIC_REPRESENTATION_CONTEXT(2) 
PARAMETRIC_REPRESENTATION_CONTEXT() REPRESENTATION_CONTEXT('2D SPACE',''
  ) );
#7334 = PCURVE('',#7323,#7335);
#7335 = DEFINITIONAL_REPRESENTATION('',(#7336),#7340);
#7336 = LINE('',#7337,#7338);
#7337 = CARTESIAN_POINT('',(0.,-0.));
#7338 = VECTOR('',#7339,1.);
#7339 = DIRECTION('',(0.,1.));
#7340 = ( GEOMETRIC_REPRESENTATION_CONTEXT(2) 
PARAMETRIC_REPRESENTATION_CONTEXT() REPRESENTATION_CONTEXT('2D SPACE',''
  ) );
#7341 = ORIENTED_EDGE('',*,*,#7342,.F.);
#7342 = EDGE_CURVE('',#7315,#7315,#7343,.T.);
#7343 = SURFACE_CURVE('',#7344,(#7349,#7356),.PCURVE_S1.);
#7344 = CIRCLE('',#7345,9.);
#7345 = AXIS2_PLACEMENT_3D('',#7346,#7347,#7348);
#7346 = CARTESIAN_POINT('',(0.,0.,6.));
#7347 = DIRECTION('',(0.,0.,1.));
#7348 = DIRECTION('',(1.,0.,-0.));
#7349 = PCURVE('',#7323,#7350);
#7350 = DEFINITIONAL_REPRESENTATION('',(#7351),#7355);
#7351 = LINE('',#7352,#7353);
#7352 = CARTESIAN_POINT('',(0.,6.));
#7353 = VECTOR('',#7354,1.);
#7354 = DIRECTION('',(1.,0.));
#7355 = ( GEOMETRIC_REPRESENTATION_CONTEXT(2) 
PARAMETRIC_REPRESENTATION_CONTEXT() REPRESENTATION_CONTEXT('2D SPACE',''
  ) );
#7356 = PCURVE('',#7357,#7362);
#7357 = CONICAL_SURFACE('',#7358,9.,0.785398163397);
#7358 = AXIS2_PLACEMENT_3D('',#7359,#7360,#7361);
#7359 = CARTESIAN_POINT('',(0.,0.,6.));
#7360 = DIRECTION('',(-0.,-0.,-1.));
#7361 = DIRECTION('',(1.,0.,0.));
#7362 = DEFINITIONAL_REPRESENTATION('',(#7363),#7367);
#7363 = LINE('',#7364,#7365);
#7364 = CARTESIAN_POINT('',(-0.,-0.));
#7365 = VECTOR('',#7366,1.);
#7366 = DIRECTION('',(-1.,-0.));
#7367 = ( GEOMETRIC_REPRESENTATION_CONTEXT(2) 
PARAMETRIC_REPRESENTATION_CONTEXT() REPRESENTATION_CONTEXT('2D SPACE',''
  ) );
#7368 = ORIENTED_EDGE('',*,*,#7312,.F.);
#7369 = ORIENTED_EDGE('',*,*,#7370,.T.);
#7370 = EDGE_CURVE('',#7313,#7313,#7371,.T.);
#7371 = SURFACE_CURVE('',#7372,(#7377,#7384),.PCURVE_S1.);
#7372 = CIRCLE('',#7373,9.);
#7373 = AXIS2_PLACEMENT_3D('',#7374,#7375,#7376);
#7374 = CARTESIAN_POINT('',(0.,0.,1.));
#7375 = DIRECTION('',(0.,0.,1.));
#7376 = DIRECTION('',(1.,0.,-0.));
#7377 = PCURVE('',#7323,#7378);
#7378 = DEFINITIONAL_REPRESENTATION('',(#7379),#7383);
#7379 = LINE('',#7380,#7381);
#7380 = CARTESIAN_POINT('',(0.,1.));
#7381 = VECTOR('',#7382,1.);
#7382 = DIRECTION('',(1.,0.));
#7383 = ( GEOMETRIC_REPRESENTATION_CONTEXT(2) 
PARAMETRIC_REPRESENTATION_CONTEXT() REPRESENTATION_CONTEXT('2D SPACE',''
  ) );
#7384 = PCURVE('',#7385,#7390);
#7385 = CONICAL_SURFACE('',#7386,9.,0.785398163397);
#7386 = AXIS2_PLACEMENT_3D('',#7387,#7388,#7389);
#7387 = CARTESIAN_POINT('',(0.,0.,1.));
#7388 = DIRECTION('',(0.,0.,1.));
#7389 = DIRECTION('',(1.,0.,-0.));
#7390 = DEFINITIONAL_REPRESENTATION('',(#7391),#7395);
#7391 = LINE('',#7392,#7393);
#7392 = CARTESIAN_POINT('',(0.,-0.));
#7393 = VECTOR('',#7394,1.);
#7394 = DIRECTION('',(1.,-0.));
#7395 = ( GEOMETRIC_REPRESENTATION_CONTEXT(2) 
PARAMETRIC_REPRESENTATION_CONTEXT() REPRESENTATION_CONTEXT('2D SPACE',''
  ) );
#7396 = ADVANCED_FACE('',(#7397),#7385,.T.);
#7397 = FACE_BOUND('',#7398,.F.);
#7398 = EDGE_LOOP('',(#7399,#7420,#7421,#7422));
#7399 = ORIENTED_EDGE('',*,*,#7400,.F.);
#7400 = EDGE_CURVE('',#7313,#7401,#7403,.T.);
#7401 = VERTEX_POINT('',#7402);
#7402 = CARTESIAN_POINT('',(8.,0.,0.));
#7403 = SEAM_CURVE('',#7404,(#7408,#7414),.PCURVE_S1.);
#7404 = LINE('',#7405,#7406);
#7405 = CARTESIAN_POINT('',(9.,0.,1.));
#7406 = VECTOR('',#7407,1.);
#7407 = DIRECTION('',(-0.707106781187,-0.,-0.707106781187));
#7408 = PCURVE('',#7385,#7409);
#7409 = DEFINITIONAL_REPRESENTATION('',(#7410),#7413);
#7410 = B_SPLINE_CURVE_WITH_KNOTS('',1,(#7411,#7412),.UNSPECIFIED.,.F.,
  .F.,(2,2),(0.,1.414213562373),.PIECEWISE_BEZIER_KNOTS.);
#7411 = CARTESIAN_POINT('',(0.,0.));
#7412 = CARTESIAN_POINT('',(0.,-1.));
#7413 = ( GEOMETRIC_REPRESENTATION_CONTEXT(2) 
PARAMETRIC_REPRESENTATION_CONTEXT() REPRESENTATION_CONTEXT('2D SPACE',''
  ) );
#7414 = PCURVE('',#7385,#7415);
#7415 = DEFINITIONAL_REPRESENTATION('',(#7416),#7419);
#7416 = B_SPLINE_CURVE_WITH_KNOTS('',1,(#7417,#7418),.UNSPECIFIED.,.F.,
  .F.,(2,2),(0.,1.414213562373),.PIECEWISE_BEZIER_KNOTS.);
#7417 = CARTESIAN_POINT('',(6.28318530718,0.));
#7418 = CARTESIAN_POINT('',(6.28318530718,-1.));
#7419 = ( GEOMETRIC_REPRESENTATION_CONTEXT(2) 
PARAMETRIC_REPRESENTATION_CONTEXT() REPRESENTATION_CONTEXT('2D SPACE',''
  ) );
#7420 = ORIENTED_EDGE('',*,*,#7370,.T.);
#7421 = ORIENTED_EDGE('',*,*,#7400,.T.);
#7422 = ORIENTED_EDGE('',*,*,#7423,.F.);
#7423 = EDGE_CURVE('',#7401,#7401,#7424,.T.);
#7424 = SURFACE_CURVE('',#7425,(#7430,#7437),.PCURVE_S1.);
#7425 = CIRCLE('',#7426,8.);
#7426 = AXIS2_PLACEMENT_3D('',#7427,#7428,#7429);
#7427 = CARTESIAN_POINT('',(0.,0.,0.));
#7428 = DIRECTION('',(0.,0.,1.));
#7429 = DIRECTION('',(1.,0.,-0.));
#7430 = PCURVE('',#7385,#7431);
#7431 = DEFINITIONAL_REPRESENTATION('',(#7432),#7436);
#7432 = LINE('',#7433,#7434);
#7433 = CARTESIAN_POINT('',(0.,-1.));
#7434 = VECTOR('',#7435,1.);
#7435 = DIRECTION('',(1.,-0.));
#7436 = ( GEOMETRIC_REPRESENTATION_CONTEXT(2) 
PARAMETRIC_REPRESENTATION_CONTEXT() REPRESENTATION_CONTEXT('2D SPACE',''
  ) );
#7437 = PCURVE('',#7438,#7443);
#7438 = PLANE('',#7439);
#7439 = AXIS2_PLACEMENT_3D('',#7440,#7441,#7442);
#7440 = CARTESIAN_POINT('',(0.,0.,0.));
#7441 = DIRECTION('',(0.,0.,1.));
#7442 = DIRECTION('',(1.,0.,0.));
#7443 = DEFINITIONAL_REPRESENTATION('',(#7444),#7448);
#7444 = CIRCLE('',#7445,8.);
#7445 = AXIS2_PLACEMENT_2D('',#7446,#7447);
#7446 = CARTESIAN_POINT('',(0.,0.));
#7447 = DIRECTION('',(1.,0.));
#7448 = ( GEOMETRIC_REPRESENTATION_CONTEXT(2) 
PARAMETRIC_REPRESENTATION_CONTEXT() REPRESENTATION_CONTEXT('2D SPACE',''
  ) );
#7449 = ADVANCED_FACE('',(#7450),#7357,.T.);
#7450 = FACE_BOUND('',#7451,.T.);
#7451 = EDGE_LOOP('',(#7452,#7473,#7474,#7475));
#7452 = ORIENTED_EDGE('',*,*,#7453,.F.);
#7453 = EDGE_CURVE('',#7315,#7454,#7456,.T.);
#7454 = VERTEX_POINT('',#7455);
#7455 = CARTESIAN_POINT('',(8.,0.,7.));
#7456 = SEAM_CURVE('',#7457,(#7461,#7467),.PCURVE_S1.);
#7457 = LINE('',#7458,#7459);
#7458 = CARTESIAN_POINT('',(9.,0.,6.));
#7459 = VECTOR('',#7460,1.);
#7460 = DIRECTION('',(-0.707106781187,0.,0.707106781187));
#7461 = PCURVE('',#7357,#7462);
#7462 = DEFINITIONAL_REPRESENTATION('',(#7463),#7466);
#7463 = B_SPLINE_CURVE_WITH_KNOTS('',1,(#7464,#7465),.UNSPECIFIED.,.F.,
  .F.,(2,2),(0.,1.414213562373),.PIECEWISE_BEZIER_KNOTS.);
#7464 = CARTESIAN_POINT('',(0.,0.));
#7465 = CARTESIAN_POINT('',(0.,-1.));
#7466 = ( GEOMETRIC_REPRESENTATION_CONTEXT(2) 
PARAMETRIC_REPRESENTATION_CONTEXT() REPRESENTATION_CONTEXT('2D SPACE',''
  ) );
#7467 = PCURVE('',#7357,#7468);
#7468 = DEFINITIONAL_REPRESENTATION('',(#7469),#7472);
#7469 = B_SPLINE_CURVE_WITH_KNOTS('',1,(#7470,#7471),.UNSPECIFIED.,.F.,
  .F.,(2,2),(0.,1.414213562373),.PIECEWISE_BEZIER_KNOTS.);
#7470 = CARTESIAN_POINT('',(-6.28318530718,0.));
#7471 = CARTESIAN_POINT('',(-6.28318530718,-1.));
#7472 = ( GEOMETRIC_REPRESENTATION_CONTEXT(2) 
PARAMETRIC_REPRESENTATION_CONTEXT() REPRESENTATION_CONTEXT('2D SPACE',''
  ) );
#7473 = ORIENTED_EDGE('',*,*,#7342,.T.);
#7474 = ORIENTED_EDGE('',*,*,#7453,.T.);
#7475 = ORIENTED_EDGE('',*,*,#7476,.F.);
#7476 = EDGE_CURVE('',#7454,#7454,#7477,.T.);
#7477 = SURFACE_CURVE('',#7478,(#7483,#7490),.PCURVE_S1.);
#7478 = CIRCLE('',#7479,8.);
#7479 = AXIS2_PLACEMENT_3D('',#7480,#7481,#7482);
#7480 = CARTESIAN_POINT('',(0.,0.,7.));
#7481 = DIRECTION('',(0.,0.,1.));
#7482 = DIRECTION('',(1.,0.,-0.));
#7483 = PCURVE('',#7357,#7484);
#7484 = DEFINITIONAL_REPRESENTATION('',(#7485),#7489);
#7485 = LINE('',#7486,#7487);
#7486 = CARTESIAN_POINT('',(-0.,-1.));
#7487 = VECTOR('',#7488,1.);
#7488 = DIRECTION('',(-1.,-0.));
#7489 = ( GEOMETRIC_REPRESENTATION_CONTEXT(2) 
PARAMETRIC_REPRESENTATION_CONTEXT() REPRESENTATION_CONTEXT('2D SPACE',''
  ) );
#7490 = PCURVE('',#7491,#7496);
#7491 = PLANE('',#7492);
#7492 = AXIS2_PLACEMENT_3D('',#7493,#7494,#7495);
#7493 = CARTESIAN_POINT('',(0.,0.,7.));
#7494 = DIRECTION('',(0.,0.,1.));
#7495 = DIRECTION('',(1.,0.,0.));
#7496 = DEFINITIONAL_REPRESENTATION('',(#7497),#7501);
#7497 = CIRCLE('',#7498,8.);
#7498 = AXIS2_PLACEMENT_2D('',#7499,#7500);
#7499 = CARTESIAN_POINT('',(0.,0.));
#7500 = DIRECTION('',(1.,0.));
#7501 = ( GEOMETRIC_REPRESENTATION_CONTEXT(2) 
PARAMETRIC_REPRESENTATION_CONTEXT() REPRESENTATION_CONTEXT('2D SPACE',''
  ) );
#7502 = ADVANCED_FACE('',(#7503),#7438,.F.);
#7503 = FACE_BOUND('',#7504,.F.);
#7504 = EDGE_LOOP('',(#7505));
#7505 = ORIENTED_EDGE('',*,*,#7423,.T.);
#7506 = ADVANCED_FACE('',(#7507),#7491,.T.);
#7507 = FACE_BOUND('',#7508,.T.);
#7508 = EDGE_LOOP('',(#7509));
#7509 = ORIENTED_EDGE('',*,*,#7476,.T.);
#7510 = ( GEOMETRIC_REPRESENTATION_CONTEXT(3) 
GLOBAL_UNCERTAINTY_ASSIGNED_CONTEXT((#7514)) 
GLOBAL_UNIT_ASSIGNED_CONTEXT((#7511,#7512,#7513)) REPRESENTATION_CONTEXT
('Context #1','3D Context with UNIT and UNCERTAINTY') );
#7511 = ( LENGTH_UNIT() NAMED_UNIT(*) SI_UNIT(.MILLI.,.METRE.) );
#7512 = ( NAMED_UNIT(*) PLANE_ANGLE_UNIT() SI_UNIT($,.RADIAN.) );
#7513 = ( NAMED_UNIT(*) SI_UNIT($,.STERADIAN.) SOLID_ANGLE_UNIT() );
#7514 = UNCERTAINTY_MEASURE_WITH_UNIT(LENGTH_MEASURE(1.E-07),#7511,
  'distance_accuracy_value','confusion accuracy');
#7515 = CONTEXT_DEPENDENT_SHAPE_REPRESENTATION(#7516,#7518);
#7516 = ( REPRESENTATION_RELATIONSHIP('','',#7305,#10) 
REPRESENTATION_RELATIONSHIP_WITH_TRANSFORMATION(#7517) 
SHAPE_REPRESENTATION_RELATIONSHIP() );
#7517 = ITEM_DEFINED_TRANSFORMATION('','',#11,#51);
#7518 = PRODUCT_DEFINITION_SHAPE('Placement','Placement of an item',
  #7519);
#7519 = NEXT_ASSEMBLY_USAGE_OCCURRENCE('10','seed_large_03','',#5,#7300,
  $);
#7520 = PRODUCT_RELATED_PRODUCT_CATEGORY('part',$,(#7302));
#7521 = SHAPE_DEFINITION_REPRESENTATION(#7522,#7528);
#7522 = PRODUCT_DEFINITION_SHAPE('','',#7523);
#7523 = PRODUCT_DEFINITION('design','',#7524,#7527);
#7524 = PRODUCT_DEFINITION_FORMATION('','',#7525);
#7525 = PRODUCT('seed_small_04','seed_small_04','',(#7526));
#7526 = PRODUCT_CONTEXT('',#2,'mechanical');
#7527 = PRODUCT_DEFINITION_CONTEXT('part definition',#2,'design');
#7528 = ADVANCED_BREP_SHAPE_REPRESENTATION('',(#11,#7529),#7733);
#7529 = MANIFOLD_SOLID_BREP('',#7530);
#7530 = CLOSED_SHELL('',(#7531,#7619,#7672,#7725,#7729));
#7531 = ADVANCED_FACE('',(#7532),#7546,.T.);
#7532 = FACE_BOUND('',#7533,.T.);
#7533 = EDGE_LOOP('',(#7534,#7564,#7591,#7592));
#7534 = ORIENTED_EDGE('',*,*,#7535,.T.);
#7535 = EDGE_CURVE('',#7536,#7538,#7540,.T.);
#7536 = VERTEX_POINT('',#7537);
#7537 = CARTESIAN_POINT('',(5.,0.,1.));
#7538 = VERTEX_POINT('',#7539);
#7539 = CARTESIAN_POINT('',(5.,0.,6.));
#7540 = SEAM_CURVE('',#7541,(#7545,#7557),.PCURVE_S1.);
#7541 = LINE('',#7542,#7543);
#7542 = CARTESIAN_POINT('',(5.,-1.224646799147E-15,0.));
#7543 = VECTOR('',#7544,1.);
#7544 = DIRECTION('',(0.,0.,1.));
#7545 = PCURVE('',#7546,#7551);
#7546 = CYLINDRICAL_SURFACE('',#7547,5.);
#7547 = AXIS2_PLACEMENT_3D('',#7548,#7549,#7550);
#7548 = CARTESIAN_POINT('',(0.,0.,0.));
#7549 = DIRECTION('',(0.,0.,1.));
#7550 = DIRECTION('',(1.,0.,0.));
#7551 = DEFINITIONAL_REPRESENTATION('',(#7552),#7556);
#7552 = LINE('',#7553,#7554);
#7553 = CARTESIAN_POINT('',(6.28318530718,-0.));
#7554 = VECTOR('',#7555,1.);
#7555 = DIRECTION('',(0.,1.));
#7556 = ( GEOMETRIC_REPRESENTATION_CONTEXT(2) 
PARAMETRIC_REPRESENTATION_CONTEXT() REPRESENTATION_CONTEXT('2D SPACE',''
  ) );
#7557 = PCURVE('',#7546,#7558);
#7558 = DEFINITIONAL_REPRESENTATION('',(#7559),#7563);
#7559 = LINE('',#7560,#7561);
#7560 = CARTESIAN_POINT('',(0.,-0.));
#7561 = VECTOR('',#7562,1.);
#7562 = DIRECTION('',(0.,1.));
#7563 = ( GEOMETRIC_REPRESENTATION_CONTEXT(2) 
PARAMETRIC_REPRESENTATION_CONTEXT() REPRESENTATION_CONTEXT('2D SPACE',''
  ) );
#7564 = ORIENTED_EDGE('',*,*,#7565,.F.);
#7565 = EDGE_CURVE('',#7538,#7538,#7566,.T.);
#7566 = SURFACE_CURVE('',#7567,(#7572,#7579),.PCURVE_S1.);
#7567 = CIRCLE('',#7568,5.);
#7568 = AXIS2_PLACEMENT_3D('',#7569,#7570,#7571);
#7569 = CARTESIAN_POINT('',(0.,0.,6.));
#7570 = DIRECTION('',(0.,0.,1.));
#7571 = DIRECTION('',(1.,0.,-0.));
#7572 = PCURVE('',#7546,#7573);
#7573 = DEFINITIONAL_REPRESENTATION('',(#7574),#7578);
#7574 = LINE('',#7575,#7576);
#7575 = CARTESIAN_POINT('',(0.,6.));
#7576 = VECTOR('',#7577,1.);
#7577 = DIRECTION('',(1.,0.));
#7578 = ( GEOMETRIC_REPRESENTATION_CONTEXT(2) 
PARAMETRIC_REPRESENTATION_CONTEXT() REPRESENTATION_CONTEXT('2D SPACE',''
  ) );
#7579 = PCURVE('',#7580,#7585);
#7580 = CONICAL_SURFACE('',#7581,5.,0.785398163397);
#7581 = AXIS2_PLACEMENT_3D('',#7582,#7583,#7584);
#7582 = CARTESIAN_POINT('',(0.,0.,6.));
#7583 = DIRECTION('',(-0.,-0.,-1.));
#7584 = DIRECTION('',(1.,0.,0.));
#7585 = DEFINITIONAL_REPRESENTATION('',(#7586),#7590);
#7586 = LINE('',#7587,#7588);
#7587 = CARTESIAN_POINT('',(-0.,-0.));
#7588 = VECTOR('',#7589,1.);
#7589 = DIRECTION('',(-1.,-0.));
#7590 = ( GEOMETRIC_REPRESENTATION_CONTEXT(2) 
PARAMETRIC_REPRESENTATION_CONTEXT() REPRESENTATION_CONTEXT('2D SPACE',''
  ) );
#7591 = ORIENTED_EDGE('',*,*,#7535,.F.);
#7592 = ORIENTED_EDGE('',*,*,#7593,.T.);
#7593 = EDGE_CURVE('',#7536,#7536,#7594,.T.);
#7594 = SURFACE_CURVE('',#7595,(#7600,#7607),.PCURVE_S1.);
#7595 = CIRCLE('',#7596,5.);
#7596 = AXIS2_PLACEMENT_3D('',#7597,#7598,#7599);
#7597 = CARTESIAN_POINT('',(0.,0.,1.));
#7598 = DIRECTION('',(0.,0.,1.));
#7599 = DIRECTION('',(1.,0.,-0.));
#7600 = PCURVE('',#7546,#7601);
#7601 = DEFINITIONAL_REPRESENTATION('',(#7602),#7606);
#7602 = LINE('',#7603,#7604);
#7603 = CARTESIAN_POINT('',(0.,1.));
#7604 = VECTOR('',#7605,1.);
#7605 = DIRECTION('',(1.,0.));
#7606 = ( GEOMETRIC_REPRESENTATION_CONTEXT(2) 
PARAMETRIC_REPRESENTATION_CONTEXT() REPRESENTATION_CONTEXT('2D SPACE',''
  ) );
#7607 = PCURVE('',#7608,#7613);
#7608 = CONICAL_SURFACE('',#7609,5.,0.785398163397);
#7609 = AXIS2_PLACEMENT_3D('',#7610,#7611,#7612);
#7610 = CARTESIAN_POINT('',(0.,0.,1.));
#7611 = DIRECTION('',(0.,0.,1.));
#7612 = DIRECTION('',(1.,0.,-0.));
#7613 = DEFINITIONAL_REPRESENTATION('',(#7614),#7618);
#7614 = LINE('',#7615,#7616);
#7615 = CARTESIAN_POINT('',(0.,-0.));
#7616 = VECTOR('',#7617,1.);
#7617 = DIRECTION('',(1.,-0.));
#7618 = ( GEOMETRIC_REPRESENTATION_CONTEXT(2) 
PARAMETRIC_REPRESENTATION_CONTEXT() REPRESENTATION_CONTEXT('2D SPACE',''
  ) );
#7619 = ADVANCED_FACE('',(#7620),#7608,.T.);
#7620 = FACE_BOUND('',#7621,.F.);
#7621 = EDGE_LOOP('',(#7622,#7643,#7644,#7645));
#7622 = ORIENTED_EDGE('',*,*,#7623,.F.);
#7623 = EDGE_CURVE('',#7536,#7624,#7626,.T.);
#7624 = VERTEX_POINT('',#7625);
#7625 = CARTESIAN_POINT('',(4.,0.,0.));
#7626 = SEAM_CURVE('',#7627,(#7631,#7637),.PCURVE_S1.);
#7627 = LINE('',#7628,#7629);
#7628 = CARTESIAN_POINT('',(5.,0.,1.));
#7629 = VECTOR('',#7630,1.);
#7630 = DIRECTION('',(-0.707106781187,-0.,-0.707106781187));
#7631 = PCURVE('',#7608,#7632);
#7632 = DEFINITIONAL_REPRESENTATION('',(#7633),#7636);
#7633 = B_SPLINE_CURVE_WITH_KNOTS('',1,(#7634,#7635),.UNSPECIFIED.,.F.,
  .F.,(2,2),(0.,1.414213562373),.PIECEWISE_BEZIER_KNOTS.);
#7634 = CARTESIAN_POINT('',(0.,0.));
#7635 = CARTESIAN_POINT('',(0.,-1.));
#7636 = ( GEOMETRIC_REPRESENTATION_CONTEXT(2) 
PARAMETRIC_REPRESENTATION_CONTEXT() REPRESENTATION_CONTEXT('2D SPACE',''
  ) );
#7637 = PCURVE('',#7608,#7638);
#7638 = DEFINITIONAL_REPRESENTATION('',(#7639),#7642);
#7639 = B_SPLINE_CURVE_WITH_KNOTS('',1,(#7640,#7641),.UNSPECIFIED.,.F.,
  .F.,(2,2),(0.,1.414213562373),.PIECEWISE_BEZIER_KNOTS.);
#7640 = CARTESIAN_POINT('',(6.28318530718,0.));
#7641 = CARTESIAN_POINT('',(6.28318530718,-1.));
#7642 = ( GEOMETRIC_REPRESENTATION_CONTEXT(2) 
PARAMETRIC_REPRESENTATION_CONTEXT() REPRESENTATION_CONTEXT('2D SPACE',''
  ) );
#7643 = ORIENTED_EDGE('',*,*,#7593,.T.);
#7644 = ORIENTED_EDGE('',*,*,#7623,.T.);
#7645 = ORIENTED_EDGE('',*,*,#7646,.F.);
#7646 = EDGE_CURVE('',#7624,#7624,#7647,.T.);
#7647 = SURFACE_CURVE('',#7648,(#7653,#7660),.PCURVE_S1.);
#7648 = CIRCLE('',#7649,4.);
#7649 = AXIS2_PLACEMENT_3D('',#7650,#7651,#7652);
#7650 = CARTESIAN_POINT('',(0.,0.,0.));
#7651 = DIRECTION('',(0.,0.,1.));
#7652 = DIRECTION('',(1.,0.,-0.));
#7653 = PCURVE('',#7608,#7654);
#7654 = DEFINITIONAL_REPRESENTATION('',(#7655),#7659);
#7655 = LINE('',#7656,#7657);
#7656 = CARTESIAN_POINT('',(0.,-1.));
#7657 = VECTOR('',#7658,1.);
#7658 = DIRECTION('',(1.,-0.));
#7659 = ( GEOMETRIC_REPRESENTATION_CONTEXT(2) 
PARAMETRIC_REPRESENTATION_CONTEXT() REPRESENTATION_CONTEXT('2D SPACE',''
  ) );
#7660 = PCURVE('',#7661,#7666);
#7661 = PLANE('',#7662);
#7662 = AXIS2_PLACEMENT_3D('',#7663,#7664,#7665);
#7663 = CARTESIAN_POINT('',(0.,0.,0.));
#7664 = DIRECTION('',(0.,0.,1.));
#7665 = DIRECTION('',(1.,0.,0.));
#7666 = DEFINITIONAL_REPRESENTATION('',(#7667),#7671);
#7667 = CIRCLE('',#7668,4.);
#7668 = AXIS2_PLACEMENT_2D('',#7669,#7670);
#7669 = CARTESIAN_POINT('',(0.,0.));
#7670 = DIRECTION('',(1.,0.));
#7671 = ( GEOMETRIC_REPRESENTATION_CONTEXT(2) 
PARAMETRIC_REPRESENTATION_CONTEXT() REPRESENTATION_CONTEXT('2D SPACE',''
  ) );
#7672 = ADVANCED_FACE('',(#7673),#7580,.T.);
#7673 = FACE_BOUND('',#7674,.T.);
#7674 = EDGE_LOOP('',(#7675,#7696,#7697,#7698));
#7675 = ORIENTED_EDGE('',*,*,#7676,.F.);
#7676 = EDGE_CURVE('',#7538,#7677,#7679,.T.);
#7677 = VERTEX_POINT('',#7678);
#7678 = CARTESIAN_POINT('',(4.,0.,7.));
#7679 = SEAM_CURVE('',#7680,(#7684,#7690),.PCURVE_S1.);
#7680 = LINE('',#7681,#7682);
#7681 = CARTESIAN_POINT('',(5.,0.,6.));
#7682 = VECTOR('',#7683,1.);
#7683 = DIRECTION('',(-0.707106781187,0.,0.707106781187));
#7684 = PCURVE('',#7580,#7685);
#7685 = DEFINITIONAL_REPRESENTATION('',(#7686),#7689);
#7686 = B_SPLINE_CURVE_WITH_KNOTS('',1,(#7687,#7688),.UNSPECIFIED.,.F.,
  .F.,(2,2),(0.,1.414213562373),.PIECEWISE_BEZIER_KNOTS.);
#7687 = CARTESIAN_POINT('',(0.,0.));
#7688 = CARTESIAN_POINT('',(0.,-1.));
#7689 = ( GEOMETRIC_REPRESENTATION_CONTEXT(2) 
PARAMETRIC_REPRESENTATION_CONTEXT() REPRESENTATION_CONTEXT('2D SPACE',''
  ) );
#7690 = PCURVE('',#7580,#7691);
#7691 = DEFINITIONAL_REPRESENTATION('',(#7692),#7695);
#7692 = B_SPLINE_CURVE_WITH_KNOTS('',1,(#7693,#7694),.UNSPECIFIED.,.F.,
  .F.,(2,2),(0.,1.414213562373),.PIECEWISE_BEZIER_KNOTS.);
#7693 = CARTESIAN_POINT('',(-6.28318530718,0.));
#7694 = CARTESIAN_POINT('',(-6.28318530718,-1.));
#7695 = ( GEOMETRIC_REPRESENTATION_CONTEXT(2) 
PARAMETRIC_REPRESENTATION_CONTEXT() REPRESENTATION_CONTEXT('2D SPACE',''
  ) );
#7696 = ORIENTED_EDGE('',*,*,#7565,.T.);
#7697 = ORIENTED_EDGE('',*,*,#7676,.T.);
#7698 = ORIENTED_EDGE('',*,*,#7699,.F.);
#7699 = EDGE_CURVE('',#7677,#7677,#7700,.T.);
#7700 = SURFACE_CURVE('',#7701,(#7706,#7713),.PCURVE_S1.);
#7701 = CIRCLE('',#7702,4.);
#7702 = AXIS2_PLACEMENT_3D('',#7703,#7704,#7705);
#7703 = CARTESIAN_POINT('',(0.,0.,7.));
#7704 = DIRECTION('',(0.,0.,1.));
#7705 = DIRECTION('',(1.,0.,-0.));
#7706 = PCURVE('',#7580,#7707);
#7707 = DEFINITIONAL_REPRESENTATION('',(#7708),#7712);
#7708 = LINE('',#7709,#7710);
#7709 = CARTESIAN_POINT('',(-0.,-1.));
#7710 = VECTOR('',#7711,1.);
#7711 = DIRECTION('',(-1.,-0.));
#7712 = ( GEOMETRIC_REPRESENTATION_CONTEXT(2) 
PARAMETRIC_REPRESENTATION_CONTEXT() REPRESENTATION_CONTEXT('2D SPACE',''
  ) );
#7713 = PCURVE('',#7714,#7719);
#7714 = PLANE('',#7715);
#7715 = AXIS2_PLACEMENT_3D('',#7716,#7717,#7718);
#7716 = CARTESIAN_POINT('',(0.,0.,7.));
#7717 = DIRECTION('',(0.,0.,1.));
#7718 = DIRECTION('',(1.,0.,0.));
#7719 = DEFINITIONAL_REPRESENTATION('',(#7720),#7724);
#7720 = CIRCLE('',#7721,4.);
#7721 = AXIS2_PLACEMENT_2D('',#7722,#7723);
#7722 = CARTESIAN_POINT('',(0.,0.));
#7723 = DIRECTION('',(1.,0.));
#7724 = ( GEOMETRIC_REPRESENTATION_CONTEXT(2) 
PARAMETRIC_REPRESENTATION_CONTEXT() REPRESENTATION_CONTEXT('2D SPACE',''
  ) );
#7725 = ADVANCED_FACE('',(#7726),#7661,.F.);
#7726 = FACE_BOUND('',#7727,.F.);
#7727 = EDGE_LOOP('',(#7728));
#7728 = ORIENTED_EDGE('',*,*,#7646,.T.);
#7729 = ADVANCED_FACE('',(#7730),#7714,.T.);
#7730 = FACE_BOUND('',#7731,.T.);
#7731 = EDGE_LOOP('',(#7732));
#7732 = ORIENTED_EDGE('',*,*,#7699,.T.);
#7733 = ( GEOMETRIC_REPRESENTATION_CONTEXT(3) 
GLOBAL_UNCERTAINTY_ASSIGNED_CONTEXT((#7737)) 
GLOBAL_UNIT_ASSIGNED_CONTEXT((#7734,#7735,#7736)) REPRESENTATION_CONTEXT
('Context #1','3D Context with UNIT and UNCERTAINTY') );
#7734 = ( LENGTH_UNIT() NAMED_UNIT(*) SI_UNIT(.MILLI.,.METRE.) );
#7735 = ( NAMED_UNIT(*) PLANE_ANGLE_UNIT() SI_UNIT($,.RADIAN.) );
#7736 = ( NAMED_UNIT(*) SI_UNIT($,.STERADIAN.) SOLID_ANGLE_UNIT() );
#7737 = UNCERTAINTY_MEASURE_WITH_UNIT(LENGTH_MEASURE(1.E-07),#7734,
  'distance_accuracy_value','confusion accuracy');
#7738 = CONTEXT_DEPENDENT_SHAPE_REPRESENTATION(#7739,#7741);
#7739 = ( REPRESENTATION_RELATIONSHIP('','',#7528,#10) 
REPRESENTATION_RELATIONSHIP_WITH_TRANSFORMATION(#7740) 
SHAPE_REPRESENTATION_RELATIONSHIP() );
#7740 = ITEM_DEFINED_TRANSFORMATION('','',#11,#55);
#7741 = PRODUCT_DEFINITION_SHAPE('Placement','Placement of an item',
  #7742);
#7742 = NEXT_ASSEMBLY_USAGE_OCCURRENCE('11','seed_small_04','',#5,#7523,
  $);
#7743 = PRODUCT_RELATED_PRODUCT_CATEGORY('part',$,(#7525));
#7744 = SHAPE_DEFINITION_REPRESENTATION(#7745,#7751);
#7745 = PRODUCT_DEFINITION_SHAPE('','',#7746);
#7746 = PRODUCT_DEFINITION('design','',#7747,#7750);
#7747 = PRODUCT_DEFINITION_FORMATION('','',#7748);
#7748 = PRODUCT('seed_medium_04','seed_medium_04','',(#7749));
#7749 = PRODUCT_CONTEXT('',#2,'mechanical');
#7750 = PRODUCT_DEFINITION_CONTEXT('part definition',#2,'design');
#7751 = ADVANCED_BREP_SHAPE_REPRESENTATION('',(#11,#7752),#7956);
#7752 = MANIFOLD_SOLID_BREP('',#7753);
#7753 = CLOSED_SHELL('',(#7754,#7842,#7895,#7948,#7952));
#7754 = ADVANCED_FACE('',(#7755),#7769,.T.);
#7755 = FACE_BOUND('',#7756,.T.);
#7756 = EDGE_LOOP('',(#7757,#7787,#7814,#7815));
#7757 = ORIENTED_EDGE('',*,*,#7758,.T.);
#7758 = EDGE_CURVE('',#7759,#7761,#7763,.T.);
#7759 = VERTEX_POINT('',#7760);
#7760 = CARTESIAN_POINT('',(7.,0.,1.));
#7761 = VERTEX_POINT('',#7762);
#7762 = CARTESIAN_POINT('',(7.,0.,6.));
#7763 = SEAM_CURVE('',#7764,(#7768,#7780),.PCURVE_S1.);
#7764 = LINE('',#7765,#7766);
#7765 = CARTESIAN_POINT('',(7.,-1.714505518806E-15,0.));
#7766 = VECTOR('',#7767,1.);
#7767 = DIRECTION('',(0.,0.,1.));
#7768 = PCURVE('',#7769,#7774);
#7769 = CYLINDRICAL_SURFACE('',#7770,7.);
#7770 = AXIS2_PLACEMENT_3D('',#7771,#7772,#7773);
#7771 = CARTESIAN_POINT('',(0.,0.,0.));
#7772 = DIRECTION('',(0.,0.,1.));
#7773 = DIRECTION('',(1.,0.,0.));
#7774 = DEFINITIONAL_REPRESENTATION('',(#7775),#7779);
#7775 = LINE('',#7776,#7777);
#7776 = CARTESIAN_POINT('',(6.28318530718,-0.));
#7777 = VECTOR('',#7778,1.);
#7778 = DIRECTION('',(0.,1.));
#7779 = ( GEOMETRIC_REPRESENTATION_CONTEXT(2) 
PARAMETRIC_REPRESENTATION_CONTEXT() REPRESENTATION_CONTEXT('2D SPACE',''
  ) );
#7780 = PCURVE('',#7769,#7781);
#7781 = DEFINITIONAL_REPRESENTATION('',(#7782),#7786);
#7782 = LINE('',#7783,#7784);
#7783 = CARTESIAN_POINT('',(0.,-0.));
#7784 = VECTOR('',#7785,1.);
#7785 = DIRECTION('',(0.,1.));
#7786 = ( GEOMETRIC_REPRESENTATION_CONTEXT(2) 
PARAMETRIC_REPRESENTATION_CONTEXT() REPRESENTATION_CONTEXT('2D SPACE',''
  ) );
#7787 = ORIENTED_EDGE('',*,*,#7788,.F.);
#7788 = EDGE_CURVE('',#7761,#7761,#7789,.T.);
#7789 = SURFACE_CURVE('',#7790,(#7795,#7802),.PCURVE_S1.);
#7790 = CIRCLE('',#7791,7.);
#7791 = AXIS2_PLACEMENT_3D('',#7792,#7793,#7794);
#7792 = CARTESIAN_POINT('',(0.,0.,6.));
#7793 = DIRECTION('',(0.,0.,1.));
#7794 = DIRECTION('',(1.,0.,-0.));
#7795 = PCURVE('',#7769,#7796);
#7796 = DEFINITIONAL_REPRESENTATION('',(#7797),#7801);
#7797 = LINE('',#7798,#7799);
#7798 = CARTESIAN_POINT('',(0.,6.));
#7799 = VECTOR('',#7800,1.);
#7800 = DIRECTION('',(1.,0.));
#7801 = ( GEOMETRIC_REPRESENTATION_CONTEXT(2) 
PARAMETRIC_REPRESENTATION_CONTEXT() REPRESENTATION_CONTEXT('2D SPACE',''
  ) );
#7802 = PCURVE('',#7803,#7808);
#7803 = CONICAL_SURFACE('',#7804,7.,0.785398163397);
#7804 = AXIS2_PLACEMENT_3D('',#7805,#7806,#7807);
#7805 = CARTESIAN_POINT('',(0.,0.,6.));
#7806 = DIRECTION('',(-0.,-0.,-1.));
#7807 = DIRECTION('',(1.,0.,0.));
#7808 = DEFINITIONAL_REPRESENTATION('',(#7809),#7813);
#7809 = LINE('',#7810,#7811);
#7810 = CARTESIAN_POINT('',(-0.,-0.));
#7811 = VECTOR('',#7812,1.);
#7812 = DIRECTION('',(-1.,-0.));
#7813 = ( GEOMETRIC_REPRESENTATION_CONTEXT(2) 
PARAMETRIC_REPRESENTATION_CONTEXT() REPRESENTATION_CONTEXT('2D SPACE',''
  ) );
#7814 = ORIENTED_EDGE('',*,*,#7758,.F.);
#7815 = ORIENTED_EDGE('',*,*,#7816,.T.);
#7816 = EDGE_CURVE('',#7759,#7759,#7817,.T.);
#7817 = SURFACE_CURVE('',#7818,(#7823,#7830),.PCURVE_S1.);
#7818 = CIRCLE('',#7819,7.);
#7819 = AXIS2_PLACEMENT_3D('',#7820,#7821,#7822);
#7820 = CARTESIAN_POINT('',(0.,0.,1.));
#7821 = DIRECTION('',(0.,0.,1.));
#7822 = DIRECTION('',(1.,0.,-0.));
#7823 = PCURVE('',#7769,#7824);
#7824 = DEFINITIONAL_REPRESENTATION('',(#7825),#7829);
#7825 = LINE('',#7826,#7827);
#7826 = CARTESIAN_POINT('',(0.,1.));
#7827 = VECTOR('',#7828,1.);
#7828 = DIRECTION('',(1.,0.));
#7829 = ( GEOMETRIC_REPRESENTATION_CONTEXT(2) 
PARAMETRIC_REPRESENTATION_CONTEXT() REPRESENTATION_CONTEXT('2D SPACE',''
  ) );
#7830 = PCURVE('',#7831,#7836);
#7831 = CONICAL_SURFACE('',#7832,7.,0.785398163397);
#7832 = AXIS2_PLACEMENT_3D('',#7833,#7834,#7835);
#7833 = CARTESIAN_POINT('',(0.,0.,1.));
#7834 = DIRECTION('',(0.,0.,1.));
#7835 = DIRECTION('',(1.,0.,-0.));
#7836 = DEFINITIONAL_REPRESENTATION('',(#7837),#7841);
#7837 = LINE('',#7838,#7839);
#7838 = CARTESIAN_POINT('',(0.,-0.));
#7839 = VECTOR('',#7840,1.);
#7840 = DIRECTION('',(1.,-0.));
#7841 = ( GEOMETRIC_REPRESENTATION_CONTEXT(2) 
PARAMETRIC_REPRESENTATION_CONTEXT() REPRESENTATION_CONTEXT('2D SPACE',''
  ) );
#7842 = ADVANCED_FACE('',(#7843),#7831,.T.);
#7843 = FACE_BOUND('',#7844,.F.);
#7844 = EDGE_LOOP('',(#7845,#7866,#7867,#7868));
#7845 = ORIENTED_EDGE('',*,*,#7846,.F.);
#7846 = EDGE_CURVE('',#7759,#7847,#7849,.T.);
#7847 = VERTEX_POINT('',#7848);
#7848 = CARTESIAN_POINT('',(6.,0.,0.));
#7849 = SEAM_CURVE('',#7850,(#7854,#7860),.PCURVE_S1.);
#7850 = LINE('',#7851,#7852);
#7851 = CARTESIAN_POINT('',(7.,0.,1.));
#7852 = VECTOR('',#7853,1.);
#7853 = DIRECTION('',(-0.707106781187,-0.,-0.707106781187));
#7854 = PCURVE('',#7831,#7855);
#7855 = DEFINITIONAL_REPRESENTATION('',(#7856),#7859);
#7856 = B_SPLINE_CURVE_WITH_KNOTS('',1,(#7857,#7858),.UNSPECIFIED.,.F.,
  .F.,(2,2),(0.,1.414213562373),.PIECEWISE_BEZIER_KNOTS.);
#7857 = CARTESIAN_POINT('',(0.,0.));
#7858 = CARTESIAN_POINT('',(0.,-1.));
#7859 = ( GEOMETRIC_REPRESENTATION_CONTEXT(2) 
PARAMETRIC_REPRESENTATION_CONTEXT() REPRESENTATION_CONTEXT('2D SPACE',''
  ) );
#7860 = PCURVE('',#7831,#7861);
#7861 = DEFINITIONAL_REPRESENTATION('',(#7862),#7865);
#7862 = B_SPLINE_CURVE_WITH_KNOTS('',1,(#7863,#7864),.UNSPECIFIED.,.F.,
  .F.,(2,2),(0.,1.414213562373),.PIECEWISE_BEZIER_KNOTS.);
#7863 = CARTESIAN_POINT('',(6.28318530718,0.));
#7864 = CARTESIAN_POINT('',(6.28318530718,-1.));
#7865 = ( GEOMETRIC_REPRESENTATION_CONTEXT(2) 
PARAMETRIC_REPRESENTATION_CONTEXT() REPRESENTATION_CONTEXT('2D SPACE',''
  ) );
#7866 = ORIENTED_EDGE('',*,*,#7816,.T.);
#7867 = ORIENTED_EDGE('',*,*,#7846,.T.);
#7868 = ORIENTED_EDGE('',*,*,#7869,.F.);
#7869 = EDGE_CURVE('',#7847,#7847,#7870,.T.);
#7870 = SURFACE_CURVE('',#7871,(#7876,#7883),.PCURVE_S1.);
#7871 = CIRCLE('',#7872,6.);
#7872 = AXIS2_PLACEMENT_3D('',#7873,#7874,#7875);
#7873 = CARTESIAN_POINT('',(0.,0.,0.));
#7874 = DIRECTION('',(0.,0.,1.));
#7875 = DIRECTION('',(1.,0.,-0.));
#7876 = PCURVE('',#7831,#7877);
#7877 = DEFINITIONAL_REPRESENTATION('',(#7878),#7882);
#7878 = LINE('',#7879,#7880);
#7879 = CARTESIAN_POINT('',(0.,-1.));
#7880 = VECTOR('',#7881,1.);
#7881 = DIRECTION('',(1.,-0.));
#7882 = ( GEOMETRIC_REPRESENTATION_CONTEXT(2) 
PARAMETRIC_REPRESENTATION_CONTEXT() REPRESENTATION_CONTEXT('2D SPACE',''
  ) );
#7883 = PCURVE('',#7884,#7889);
#7884 = PLANE('',#7885);
#7885 = AXIS2_PLACEMENT_3D('',#7886,#7887,#7888);
#7886 = CARTESIAN_POINT('',(0.,0.,0.));
#7887 = DIRECTION('',(0.,0.,1.));
#7888 = DIRECTION('',(1.,0.,0.));
#7889 = DEFINITIONAL_REPRESENTATION('',(#7890),#7894);
#7890 = CIRCLE('',#7891,6.);
#7891 = AXIS2_PLACEMENT_2D('',#7892,#7893);
#7892 = CARTESIAN_POINT('',(0.,0.));
#7893 = DIRECTION('',(1.,0.));
#7894 = ( GEOMETRIC_REPRESENTATION_CONTEXT(2) 
PARAMETRIC_REPRESENTATION_CONTEXT() REPRESENTATION_CONTEXT('2D SPACE',''
  ) );
#7895 = ADVANCED_FACE('',(#7896),#7803,.T.);
#7896 = FACE_BOUND('',#7897,.T.);
#7897 = EDGE_LOOP('',(#7898,#7919,#7920,#7921));
#7898 = ORIENTED_EDGE('',*,*,#7899,.F.);
#7899 = EDGE_CURVE('',#7761,#7900,#7902,.T.);
#7900 = VERTEX_POINT('',#7901);
#7901 = CARTESIAN_POINT('',(6.,0.,7.));
#7902 = SEAM_CURVE('',#7903,(#7907,#7913),.PCURVE_S1.);
#7903 = LINE('',#7904,#7905);
#7904 = CARTESIAN_POINT('',(7.,0.,6.));
#7905 = VECTOR('',#7906,1.);
#7906 = DIRECTION('',(-0.707106781187,0.,0.707106781187));
#7907 = PCURVE('',#7803,#7908);
#7908 = DEFINITIONAL_REPRESENTATION('',(#7909),#7912);
#7909 = B_SPLINE_CURVE_WITH_KNOTS('',1,(#7910,#7911),.UNSPECIFIED.,.F.,
  .F.,(2,2),(0.,1.414213562373),.PIECEWISE_BEZIER_KNOTS.);
#7910 = CARTESIAN_POINT('',(0.,0.));
#7911 = CARTESIAN_POINT('',(0.,-1.));
#7912 = ( GEOMETRIC_REPRESENTATION_CONTEXT(2) 
PARAMETRIC_REPRESENTATION_CONTEXT() REPRESENTATION_CONTEXT('2D SPACE',''
  ) );
#7913 = PCURVE('',#7803,#7914);
#7914 = DEFINITIONAL_REPRESENTATION('',(#7915),#7918);
#7915 = B_SPLINE_CURVE_WITH_KNOTS('',1,(#7916,#7917),.UNSPECIFIED.,.F.,
  .F.,(2,2),(0.,1.414213562373),.PIECEWISE_BEZIER_KNOTS.);
#7916 = CARTESIAN_POINT('',(-6.28318530718,0.));
#7917 = CARTESIAN_POINT('',(-6.28318530718,-1.));
#7918 = ( GEOMETRIC_REPRESENTATION_CONTEXT(2) 
PARAMETRIC_REPRESENTATION_CONTEXT() REPRESENTATION_CONTEXT('2D SPACE',''
  ) );
#7919 = ORIENTED_EDGE('',*,*,#7788,.T.);
#7920 = ORIENTED_EDGE('',*,*,#7899,.T.);
#7921 = ORIENTED_EDGE('',*,*,#7922,.F.);
#7922 = EDGE_CURVE('',#7900,#7900,#7923,.T.);
#7923 = SURFACE_CURVE('',#7924,(#7929,#7936),.PCURVE_S1.);
#7924 = CIRCLE('',#7925,6.);
#7925 = AXIS2_PLACEMENT_3D('',#7926,#7927,#7928);
#7926 = CARTESIAN_POINT('',(0.,0.,7.));
#7927 = DIRECTION('',(0.,0.,1.));
#7928 = DIRECTION('',(1.,0.,-0.));
#7929 = PCURVE('',#7803,#7930);
#7930 = DEFINITIONAL_REPRESENTATION('',(#7931),#7935);
#7931 = LINE('',#7932,#7933);
#7932 = CARTESIAN_POINT('',(-0.,-1.));
#7933 = VECTOR('',#7934,1.);
#7934 = DIRECTION('',(-1.,-0.));
#7935 = ( GEOMETRIC_REPRESENTATION_CONTEXT(2) 
PARAMETRIC_REPRESENTATION_CONTEXT() REPRESENTATION_CONTEXT('2D SPACE',''
  ) );
#7936 = PCURVE('',#7937,#7942);
#7937 = PLANE('',#7938);
#7938 = AXIS2_PLACEMENT_3D('',#7939,#7940,#7941);
#7939 = CARTESIAN_POINT('',(0.,0.,7.));
#7940 = DIRECTION('',(0.,0.,1.));
#7941 = DIRECTION('',(1.,0.,0.));
#7942 = DEFINITIONAL_REPRESENTATION('',(#7943),#7947);
#7943 = CIRCLE('',#7944,6.);
#7944 = AXIS2_PLACEMENT_2D('',#7945,#7946);
#7945 = CARTESIAN_POINT('',(0.,0.));
#7946 = DIRECTION('',(1.,0.));
#7947 = ( GEOMETRIC_REPRESENTATION_CONTEXT(2) 
PARAMETRIC_REPRESENTATION_CONTEXT() REPRESENTATION_CONTEXT('2D SPACE',''
  ) );
#7948 = ADVANCED_FACE('',(#7949),#7884,.F.);
#7949 = FACE_BOUND('',#7950,.F.);
#7950 = EDGE_LOOP('',(#7951));
#7951 = ORIENTED_EDGE('',*,*,#7869,.T.);
#7952 = ADVANCED_FACE('',(#7953),#7937,.T.);
#7953 = FACE_BOUND('',#7954,.T.);
#7954 = EDGE_LOOP('',(#7955));
#7955 = ORIENTED_EDGE('',*,*,#7922,.T.);
#7956 = ( GEOMETRIC_REPRESENTATION_CONTEXT(3) 
GLOBAL_UNCERTAINTY_ASSIGNED_CONTEXT((#7960)) 
GLOBAL_UNIT_ASSIGNED_CONTEXT((#7957,#7958,#7959)) REPRESENTATION_CONTEXT
('Context #1','3D Context with UNIT and UNCERTAINTY') );
#7957 = ( LENGTH_UNIT() NAMED_UNIT(*) SI_UNIT(.MILLI.,.METRE.) );
#7958 = ( NAMED_UNIT(*) PLANE_ANGLE_UNIT() SI_UNIT($,.RADIAN.) );
#7959 = ( NAMED_UNIT(*) SI_UNIT($,.STERADIAN.) SOLID_ANGLE_UNIT() );
#7960 = UNCERTAINTY_MEASURE_WITH_UNIT(LENGTH_MEASURE(1.E-07),#7957,
  'distance_accuracy_value','confusion accuracy');
#7961 = CONTEXT_DEPENDENT_SHAPE_REPRESENTATION(#7962,#7964);
#7962 = ( REPRESENTATION_RELATIONSHIP('','',#7751,#10) 
REPRESENTATION_RELATIONSHIP_WITH_TRANSFORMATION(#7963) 
SHAPE_REPRESENTATION_RELATIONSHIP() );
#7963 = ITEM_DEFINED_TRANSFORMATION('','',#11,#59);
#7964 = PRODUCT_DEFINITION_SHAPE('Placement','Placement of an item',
  #7965);
#7965 = NEXT_ASSEMBLY_USAGE_OCCURRENCE('12','seed_medium_04','',#5,#7746
  ,$);
#7966 = PRODUCT_RELATED_PRODUCT_CATEGORY('part',$,(#7748));
#7967 = SHAPE_DEFINITION_REPRESENTATION(#7968,#7974);
#7968 = PRODUCT_DEFINITION_SHAPE('','',#7969);
#7969 = PRODUCT_DEFINITION('design','',#7970,#7973);
#7970 = PRODUCT_DEFINITION_FORMATION('','',#7971);
#7971 = PRODUCT('seed_large_04','seed_large_04','',(#7972));
#7972 = PRODUCT_CONTEXT('',#2,'mechanical');
#7973 = PRODUCT_DEFINITION_CONTEXT('part definition',#2,'design');
#7974 = ADVANCED_BREP_SHAPE_REPRESENTATION('',(#11,#7975),#8179);
#7975 = MANIFOLD_SOLID_BREP('',#7976);
#7976 = CLOSED_SHELL('',(#7977,#8065,#8118,#8171,#8175));
#7977 = ADVANCED_FACE('',(#7978),#7992,.T.);
#7978 = FACE_BOUND('',#7979,.T.);
#7979 = EDGE_LOOP('',(#7980,#8010,#8037,#8038));
#7980 = ORIENTED_EDGE('',*,*,#7981,.T.);
#7981 = EDGE_CURVE('',#7982,#7984,#7986,.T.);
#7982 = VERTEX_POINT('',#7983);
#7983 = CARTESIAN_POINT('',(9.,0.,1.));
#7984 = VERTEX_POINT('',#7985);
#7985 = CARTESIAN_POINT('',(9.,0.,6.));
#7986 = SEAM_CURVE('',#7987,(#7991,#8003),.PCURVE_S1.);
#7987 = LINE('',#7988,#7989);
#7988 = CARTESIAN_POINT('',(9.,-2.204364238465E-15,0.));
#7989 = VECTOR('',#7990,1.);
#7990 = DIRECTION('',(0.,0.,1.));
#7991 = PCURVE('',#7992,#7997);
#7992 = CYLINDRICAL_SURFACE('',#7993,9.);
#7993 = AXIS2_PLACEMENT_3D('',#7994,#7995,#7996);
#7994 = CARTESIAN_POINT('',(0.,0.,0.));
#7995 = DIRECTION('',(0.,0.,1.));
#7996 = DIRECTION('',(1.,0.,0.));
#7997 = DEFINITIONAL_REPRESENTATION('',(#7998),#8002);
#7998 = LINE('',#7999,#8000);
#7999 = CARTESIAN_POINT('',(6.28318530718,-0.));
#8000 = VECTOR('',#8001,1.);
#8001 = DIRECTION('',(0.,1.));
#8002 = ( GEOMETRIC_REPRESENTATION_CONTEXT(2) 
PARAMETRIC_REPRESENTATION_CONTEXT() REPRESENTATION_CONTEXT('2D SPACE',''
  ) );
#8003 = PCURVE('',#7992,#8004);
#8004 = DEFINITIONAL_REPRESENTATION('',(#8005),#8009);
#8005 = LINE('',#8006,#8007);
#8006 = CARTESIAN_POINT('',(0.,-0.));
#8007 = VECTOR('',#8008,1.);
#8008 = DIRECTION('',(0.,1.));
#8009 = ( GEOMETRIC_REPRESENTATION_CONTEXT(2) 
PARAMETRIC_REPRESENTATION_CONTEXT() REPRESENTATION_CONTEXT('2D SPACE',''
  ) );
#8010 = ORIENTED_EDGE('',*,*,#8011,.F.);
#8011 = EDGE_CURVE('',#7984,#7984,#8012,.T.);
#8012 = SURFACE_CURVE('',#8013,(#8018,#8025),.PCURVE_S1.);
#8013 = CIRCLE('',#8014,9.);
#8014 = AXIS2_PLACEMENT_3D('',#8015,#8016,#8017);
#8015 = CARTESIAN_POINT('',(0.,0.,6.));
#8016 = DIRECTION('',(0.,0.,1.));
#8017 = DIRECTION('',(1.,0.,-0.));
#8018 = PCURVE('',#7992,#8019);
#8019 = DEFINITIONAL_REPRESENTATION('',(#8020),#8024);
#8020 = LINE('',#8021,#8022);
#8021 = CARTESIAN_POINT('',(0.,6.));
#8022 = VECTOR('',#8023,1.);
#8023 = DIRECTION('',(1.,0.));
#8024 = ( GEOMETRIC_REPRESENTATION_CONTEXT(2) 
PARAMETRIC_REPRESENTATION_CONTEXT() REPRESENTATION_CONTEXT('2D SPACE',''
  ) );
#8025 = PCURVE('',#8026,#8031);
#8026 = CONICAL_SURFACE('',#8027,9.,0.785398163397);
#8027 = AXIS2_PLACEMENT_3D('',#8028,#8029,#8030);
#8028 = CARTESIAN_POINT('',(0.,0.,6.));
#8029 = DIRECTION('',(-0.,-0.,-1.));
#8030 = DIRECTION('',(1.,0.,0.));
#8031 = DEFINITIONAL_REPRESENTATION('',(#8032),#8036);
#8032 = LINE('',#8033,#8034);
#8033 = CARTESIAN_POINT('',(-0.,-0.));
#8034 = VECTOR('',#8035,1.);
#8035 = DIRECTION('',(-1.,-0.));
#8036 = ( GEOMETRIC_REPRESENTATION_CONTEXT(2) 
PARAMETRIC_REPRESENTATION_CONTEXT() REPRESENTATION_CONTEXT('2D SPACE',''
  ) );
#8037 = ORIENTED_EDGE('',*,*,#7981,.F.);
#8038 = ORIENTED_EDGE('',*,*,#8039,.T.);
#8039 = EDGE_CURVE('',#7982,#7982,#8040,.T.);
#8040 = SURFACE_CURVE('',#8041,(#8046,#8053),.PCURVE_S1.);
#8041 = CIRCLE('',#8042,9.);
#8042 = AXIS2_PLACEMENT_3D('',#8043,#8044,#8045);
#8043 = CARTESIAN_POINT('',(0.,0.,1.));
#8044 = DIRECTION('',(0.,0.,1.));
#8045 = DIRECTION('',(1.,0.,-0.));
#8046 = PCURVE('',#7992,#8047);
#8047 = DEFINITIONAL_REPRESENTATION('',(#8048),#8052);
#8048 = LINE('',#8049,#8050);
#8049 = CARTESIAN_POINT('',(0.,1.));
#8050 = VECTOR('',#8051,1.);
#8051 = DIRECTION('',(1.,0.));
#8052 = ( GEOMETRIC_REPRESENTATION_CONTEXT(2) 
PARAMETRIC_REPRESENTATION_CONTEXT() REPRESENTATION_CONTEXT('2D SPACE',''
  ) );
#8053 = PCURVE('',#8054,#8059);
#8054 = CONICAL_SURFACE('',#8055,9.,0.785398163397);
#8055 = AXIS2_PLACEMENT_3D('',#8056,#8057,#8058);
#8056 = CARTESIAN_POINT('',(0.,0.,1.));
#8057 = DIRECTION('',(0.,0.,1.));
#8058 = DIRECTION('',(1.,0.,-0.));
#8059 = DEFINITIONAL_REPRESENTATION('',(#8060),#8064);
#8060 = LINE('',#8061,#8062);
#8061 = CARTESIAN_POINT('',(0.,-0.));
#8062 = VECTOR('',#8063,1.);
#8063 = DIRECTION('',(1.,-0.));
#8064 = ( GEOMETRIC_REPRESENTATION_CONTEXT(2) 
PARAMETRIC_REPRESENTATION_CONTEXT() REPRESENTATION_CONTEXT('2D SPACE',''
  ) );
#8065 = ADVANCED_FACE('',(#8066),#8054,.T.);
#8066 = FACE_BOUND('',#8067,.F.);
#8067 = EDGE_LOOP('',(#8068,#8089,#8090,#8091));
#8068 = ORIENTED_EDGE('',*,*,#8069,.F.);
#8069 = EDGE_CURVE('',#7982,#8070,#8072,.T.);
#8070 = VERTEX_POINT('',#8071);
#8071 = CARTESIAN_POINT('',(8.,0.,0.));
#8072 = SEAM_CURVE('',#8073,(#8077,#8083),.PCURVE_S1.);
#8073 = LINE('',#8074,#8075);
#8074 = CARTESIAN_POINT('',(9.,0.,1.));
#8075 = VECTOR('',#8076,1.);
#8076 = DIRECTION('',(-0.707106781187,-0.,-0.707106781187));
#8077 = PCURVE('',#8054,#8078);
#8078 = DEFINITIONAL_REPRESENTATION('',(#8079),#8082);
#8079 = B_SPLINE_CURVE_WITH_KNOTS('',1,(#8080,#8081),.UNSPECIFIED.,.F.,
  .F.,(2,2),(0.,1.414213562373),.PIECEWISE_BEZIER_KNOTS.);
#8080 = CARTESIAN_POINT('',(0.,0.));
#8081 = CARTESIAN_POINT('',(0.,-1.));
#8082 = ( GEOMETRIC_REPRESENTATION_CONTEXT(2) 
PARAMETRIC_REPRESENTATION_CONTEXT() REPRESENTATION_CONTEXT('2D SPACE',''
  ) );
#8083 = PCURVE('',#8054,#8084);
#8084 = DEFINITIONAL_REPRESENTATION('',(#8085),#8088);
#8085 = B_SPLINE_CURVE_WITH_KNOTS('',1,(#8086,#8087),.UNSPECIFIED.,.F.,
  .F.,(2,2),(0.,1.414213562373),.PIECEWISE_BEZIER_KNOTS.);
#8086 = CARTESIAN_POINT('',(6.28318530718,0.));
#8087 = CARTESIAN_POINT('',(6.28318530718,-1.));
#8088 = ( GEOMETRIC_REPRESENTATION_CONTEXT(2) 
PARAMETRIC_REPRESENTATION_CONTEXT() REPRESENTATION_CONTEXT('2D SPACE',''
  ) );
#8089 = ORIENTED_EDGE('',*,*,#8039,.T.);
#8090 = ORIENTED_EDGE('',*,*,#8069,.T.);
#8091 = ORIENTED_EDGE('',*,*,#8092,.F.);
#8092 = EDGE_CURVE('',#8070,#8070,#8093,.T.);
#8093 = SURFACE_CURVE('',#8094,(#8099,#8106),.PCURVE_S1.);
#8094 = CIRCLE('',#8095,8.);
#8095 = AXIS2_PLACEMENT_3D('',#8096,#8097,#8098);
#8096 = CARTESIAN_POINT('',(0.,0.,0.));
#8097 = DIRECTION('',(0.,0.,1.));
#8098 = DIRECTION('',(1.,0.,-0.));
#8099 = PCURVE('',#8054,#8100);
#8100 = DEFINITIONAL_REPRESENTATION('',(#8101),#8105);
#8101 = LINE('',#8102,#8103);
#8102 = CARTESIAN_POINT('',(0.,-1.));
#8103 = VECTOR('',#8104,1.);
#8104 = DIRECTION('',(1.,-0.));
#8105 = ( GEOMETRIC_REPRESENTATION_CONTEXT(2) 
PARAMETRIC_REPRESENTATION_CONTEXT() REPRESENTATION_CONTEXT('2D SPACE',''
  ) );
#8106 = PCURVE('',#8107,#8112);
#8107 = PLANE('',#8108);
#8108 = AXIS2_PLACEMENT_3D('',#8109,#8110,#8111);
#8109 = CARTESIAN_POINT('',(0.,0.,0.));
#8110 = DIRECTION('',(0.,0.,1.));
#8111 = DIRECTION('',(1.,0.,0.));
#8112 = DEFINITIONAL_REPRESENTATION('',(#8113),#8117);
#8113 = CIRCLE('',#8114,8.);
#8114 = AXIS2_PLACEMENT_2D('',#8115,#8116);
#8115 = CARTESIAN_POINT('',(0.,0.));
#8116 = DIRECTION('',(1.,0.));
#8117 = ( GEOMETRIC_REPRESENTATION_CONTEXT(2) 
PARAMETRIC_REPRESENTATION_CONTEXT() REPRESENTATION_CONTEXT('2D SPACE',''
  ) );
#8118 = ADVANCED_FACE('',(#8119),#8026,.T.);
#8119 = FACE_BOUND('',#8120,.T.);
#8120 = EDGE_LOOP('',(#8121,#8142,#8143,#8144));
#8121 = ORIENTED_EDGE('',*,*,#8122,.F.);
#8122 = EDGE_CURVE('',#7984,#8123,#8125,.T.);
#8123 = VERTEX_POINT('',#8124);
#8124 = CARTESIAN_POINT('',(8.,0.,7.));
#8125 = SEAM_CURVE('',#8126,(#8130,#8136),.PCURVE_S1.);
#8126 = LINE('',#8127,#8128);
#8127 = CARTESIAN_POINT('',(9.,0.,6.));
#8128 = VECTOR('',#8129,1.);
#8129 = DIRECTION('',(-0.707106781187,0.,0.707106781187));
#8130 = PCURVE('',#8026,#8131);
#8131 = DEFINITIONAL_REPRESENTATION('',(#8132),#8135);
#8132 = B_SPLINE_CURVE_WITH_KNOTS('',1,(#8133,#8134),.UNSPECIFIED.,.F.,
  .F.,(2,2),(0.,1.414213562373),.PIECEWISE_BEZIER_KNOTS.);
#8133 = CARTESIAN_POINT('',(0.,0.));
#8134 = CARTESIAN_POINT('',(0.,-1.));
#8135 = ( GEOMETRIC_REPRESENTATION_CONTEXT(2) 
PARAMETRIC_REPRESENTATION_CONTEXT() REPRESENTATION_CONTEXT('2D SPACE',''
  ) );
#8136 = PCURVE('',#8026,#8137);
#8137 = DEFINITIONAL_REPRESENTATION('',(#8138),#8141);
#8138 = B_SPLINE_CURVE_WITH_KNOTS('',1,(#8139,#8140),.UNSPECIFIED.,.F.,
  .F.,(2,2),(0.,1.414213562373),.PIECEWISE_BEZIER_KNOTS.);
#8139 = CARTESIAN_POINT('',(-6.28318530718,0.));
#8140 = CARTESIAN_POINT('',(-6.28318530718,-1.));
#8141 = ( GEOMETRIC_REPRESENTATION_CONTEXT(2) 
PARAMETRIC_REPRESENTATION_CONTEXT() REPRESENTATION_CONTEXT('2D SPACE',''
  ) );
#8142 = ORIENTED_EDGE('',*,*,#8011,.T.);
#8143 = ORIENTED_EDGE('',*,*,#8122,.T.);
#8144 = ORIENTED_EDGE('',*,*,#8145,.F.);
#8145 = EDGE_CURVE('',#8123,#8123,#8146,.T.);
#8146 = SURFACE_CURVE('',#8147,(#8152,#8159),.PCURVE_S1.);
#8147 = CIRCLE('',#8148,8.);
#8148 = AXIS2_PLACEMENT_3D('',#8149,#8150,#8151);
#8149 = CARTESIAN_POINT('',(0.,0.,7.));
#8150 = DIRECTION('',(0.,0.,1.));
#8151 = DIRECTION('',(1.,0.,-0.));
#8152 = PCURVE('',#8026,#8153);
#8153 = DEFINITIONAL_REPRESENTATION('',(#8154),#8158);
#8154 = LINE('',#8155,#8156);
#8155 = CARTESIAN_POINT('',(-0.,-1.));
#8156 = VECTOR('',#8157,1.);
#8157 = DIRECTION('',(-1.,-0.));
#8158 = ( GEOMETRIC_REPRESENTATION_CONTEXT(2) 
PARAMETRIC_REPRESENTATION_CONTEXT() REPRESENTATION_CONTEXT('2D SPACE',''
  ) );
#8159 = PCURVE('',#8160,#8165);
#8160 = PLANE('',#8161);
#8161 = AXIS2_PLACEMENT_3D('',#8162,#8163,#8164);
#8162 = CARTESIAN_POINT('',(0.,0.,7.));
#8163 = DIRECTION('',(0.,0.,1.));
#8164 = DIRECTION('',(1.,0.,0.));
#8165 = DEFINITIONAL_REPRESENTATION('',(#8166),#8170);
#8166 = CIRCLE('',#8167,8.);
#8167 = AXIS2_PLACEMENT_2D('',#8168,#8169);
#8168 = CARTESIAN_POINT('',(0.,0.));
#8169 = DIRECTION('',(1.,0.));
#8170 = ( GEOMETRIC_REPRESENTATION_CONTEXT(2) 
PARAMETRIC_REPRESENTATION_CONTEXT() REPRESENTATION_CONTEXT('2D SPACE',''
  ) );
#8171 = ADVANCED_FACE('',(#8172),#8107,.F.);
#8172 = FACE_BOUND('',#8173,.F.);
#8173 = EDGE_LOOP('',(#8174));
#8174 = ORIENTED_EDGE('',*,*,#8092,.T.);
#8175 = ADVANCED_FACE('',(#8176),#8160,.T.);
#8176 = FACE_BOUND('',#8177,.T.);
#8177 = EDGE_LOOP('',(#8178));
#8178 = ORIENTED_EDGE('',*,*,#8145,.T.);
#8179 = ( GEOMETRIC_REPRESENTATION_CONTEXT(3) 
GLOBAL_UNCERTAINTY_ASSIGNED_CONTEXT((#8183)) 
GLOBAL_UNIT_ASSIGNED_CONTEXT((#8180,#8181,#8182)) REPRESENTATION_CONTEXT
('Context #1','3D Context with UNIT and UNCERTAINTY') );
#8180 = ( LENGTH_UNIT() NAMED_UNIT(*) SI_UNIT(.MILLI.,.METRE.) );
#8181 = ( NAMED_UNIT(*) PLANE_ANGLE_UNIT() SI_UNIT($,.RADIAN.) );
#8182 = ( NAMED_UNIT(*) SI_UNIT($,.STERADIAN.) SOLID_ANGLE_UNIT() );
#8183 = UNCERTAINTY_MEASURE_WITH_UNIT(LENGTH_MEASURE(1.E-07),#8180,
  'distance_accuracy_value','confusion accuracy');
#8184 = CONTEXT_DEPENDENT_SHAPE_REPRESENTATION(#8185,#8187);
#8185 = ( REPRESENTATION_RELATIONSHIP('','',#7974,#10) 
REPRESENTATION_RELATIONSHIP_WITH_TRANSFORMATION(#8186) 
SHAPE_REPRESENTATION_RELATIONSHIP() );
#8186 = ITEM_DEFINED_TRANSFORMATION('','',#11,#63);
#8187 = PRODUCT_DEFINITION_SHAPE('Placement','Placement of an item',
  #8188);
#8188 = NEXT_ASSEMBLY_USAGE_OCCURRENCE('13','seed_large_04','',#5,#7969,
  $);
#8189 = PRODUCT_RELATED_PRODUCT_CATEGORY('part',$,(#7971));
#8190 = SHAPE_DEFINITION_REPRESENTATION(#8191,#8197);
#8191 = PRODUCT_DEFINITION_SHAPE('','',#8192);
#8192 = PRODUCT_DEFINITION('design','',#8193,#8196);
#8193 = PRODUCT_DEFINITION_FORMATION('','',#8194);
#8194 = PRODUCT('seed_small_05','seed_small_05','',(#8195));
#8195 = PRODUCT_CONTEXT('',#2,'mechanical');
#8196 = PRODUCT_DEFINITION_CONTEXT('part definition',#2,'design');
#8197 = ADVANCED_BREP_SHAPE_REPRESENTATION('',(#11,#8198),#8402);
#8198 = MANIFOLD_SOLID_BREP('',#8199);
#8199 = CLOSED_SHELL('',(#8200,#8288,#8341,#8394,#8398));
#8200 = ADVANCED_FACE('',(#8201),#8215,.T.);
#8201 = FACE_BOUND('',#8202,.T.);
#8202 = EDGE_LOOP('',(#8203,#8233,#8260,#8261));
#8203 = ORIENTED_EDGE('',*,*,#8204,.T.);
#8204 = EDGE_CURVE('',#8205,#8207,#8209,.T.);
#8205 = VERTEX_POINT('',#8206);
#8206 = CARTESIAN_POINT('',(5.,0.,1.));
#8207 = VERTEX_POINT('',#8208);
#8208 = CARTESIAN_POINT('',(5.,0.,6.));
#8209 = SEAM_CURVE('',#8210,(#8214,#8226),.PCURVE_S1.);
#8210 = LINE('',#8211,#8212);
#8211 = CARTESIAN_POINT('',(5.,-1.224646799147E-15,0.));
#8212 = VECTOR('',#8213,1.);
#8213 = DIRECTION('',(0.,0.,1.));
#8214 = PCURVE('',#8215,#8220);
#8215 = CYLINDRICAL_SURFACE('',#8216,5.);
#8216 = AXIS2_PLACEMENT_3D('',#8217,#8218,#8219);
#8217 = CARTESIAN_POINT('',(0.,0.,0.));
#8218 = DIRECTION('',(0.,0.,1.));
#8219 = DIRECTION('',(1.,0.,0.));
#8220 = DEFINITIONAL_REPRESENTATION('',(#8221),#8225);
#8221 = LINE('',#8222,#8223);
#8222 = CARTESIAN_POINT('',(6.28318530718,-0.));
#8223 = VECTOR('',#8224,1.);
#8224 = DIRECTION('',(0.,1.));
#8225 = ( GEOMETRIC_REPRESENTATION_CONTEXT(2) 
PARAMETRIC_REPRESENTATION_CONTEXT() REPRESENTATION_CONTEXT('2D SPACE',''
  ) );
#8226 = PCURVE('',#8215,#8227);
#8227 = DEFINITIONAL_REPRESENTATION('',(#8228),#8232);
#8228 = LINE('',#8229,#8230);
#8229 = CARTESIAN_POINT('',(0.,-0.));
#8230 = VECTOR('',#8231,1.);
#8231 = DIRECTION('',(0.,1.));
#8232 = ( GEOMETRIC_REPRESENTATION_CONTEXT(2) 
PARAMETRIC_REPRESENTATION_CONTEXT() REPRESENTATION_CONTEXT('2D SPACE',''
  ) );
#8233 = ORIENTED_EDGE('',*,*,#8234,.F.);
#8234 = EDGE_CURVE('',#8207,#8207,#8235,.T.);
#8235 = SURFACE_CURVE('',#8236,(#8241,#8248),.PCURVE_S1.);
#8236 = CIRCLE('',#8237,5.);
#8237 = AXIS2_PLACEMENT_3D('',#8238,#8239,#8240);
#8238 = CARTESIAN_POINT('',(0.,0.,6.));
#8239 = DIRECTION('',(0.,0.,1.));
#8240 = DIRECTION('',(1.,0.,-0.));
#8241 = PCURVE('',#8215,#8242);
#8242 = DEFINITIONAL_REPRESENTATION('',(#8243),#8247);
#8243 = LINE('',#8244,#8245);
#8244 = CARTESIAN_POINT('',(0.,6.));
#8245 = VECTOR('',#8246,1.);
#8246 = DIRECTION('',(1.,0.));
#8247 = ( GEOMETRIC_REPRESENTATION_CONTEXT(2) 
PARAMETRIC_REPRESENTATION_CONTEXT() REPRESENTATION_CONTEXT('2D SPACE',''
  ) );
#8248 = PCURVE('',#8249,#8254);
#8249 = CONICAL_SURFACE('',#8250,5.,0.785398163397);
#8250 = AXIS2_PLACEMENT_3D('',#8251,#8252,#8253);
#8251 = CARTESIAN_POINT('',(0.,0.,6.));
#8252 = DIRECTION('',(-0.,-0.,-1.));
#8253 = DIRECTION('',(1.,0.,0.));
#8254 = DEFINITIONAL_REPRESENTATION('',(#8255),#8259);
#8255 = LINE('',#8256,#8257);
#8256 = CARTESIAN_POINT('',(-0.,-0.));
#8257 = VECTOR('',#8258,1.);
#8258 = DIRECTION('',(-1.,-0.));
#8259 = ( GEOMETRIC_REPRESENTATION_CONTEXT(2) 
PARAMETRIC_REPRESENTATION_CONTEXT() REPRESENTATION_CONTEXT('2D SPACE',''
  ) );
#8260 = ORIENTED_EDGE('',*,*,#8204,.F.);
#8261 = ORIENTED_EDGE('',*,*,#8262,.T.);
#8262 = EDGE_CURVE('',#8205,#8205,#8263,.T.);
#8263 = SURFACE_CURVE('',#8264,(#8269,#8276),.PCURVE_S1.);
#8264 = CIRCLE('',#8265,5.);
#8265 = AXIS2_PLACEMENT_3D('',#8266,#8267,#8268);
#8266 = CARTESIAN_POINT('',(0.,0.,1.));
#8267 = DIRECTION('',(0.,0.,1.));
#8268 = DIRECTION('',(1.,0.,-0.));
#8269 = PCURVE('',#8215,#8270);
#8270 = DEFINITIONAL_REPRESENTATION('',(#8271),#8275);
#8271 = LINE('',#8272,#8273);
#8272 = CARTESIAN_POINT('',(0.,1.));
#8273 = VECTOR('',#8274,1.);
#8274 = DIRECTION('',(1.,0.));
#8275 = ( GEOMETRIC_REPRESENTATION_CONTEXT(2) 
PARAMETRIC_REPRESENTATION_CONTEXT() REPRESENTATION_CONTEXT('2D SPACE',''
  ) );
#8276 = PCURVE('',#8277,#8282);
#8277 = CONICAL_SURFACE('',#8278,5.,0.785398163397);
#8278 = AXIS2_PLACEMENT_3D('',#8279,#8280,#8281);
#8279 = CARTESIAN_POINT('',(0.,0.,1.));
#8280 = DIRECTION('',(0.,0.,1.));
#8281 = DIRECTION('',(1.,0.,-0.));
#8282 = DEFINITIONAL_REPRESENTATION('',(#8283),#8287);
#8283 = LINE('',#8284,#8285);
#8284 = CARTESIAN_POINT('',(0.,-0.));
#8285 = VECTOR('',#8286,1.);
#8286 = DIRECTION('',(1.,-0.));
#8287 = ( GEOMETRIC_REPRESENTATION_CONTEXT(2) 
PARAMETRIC_REPRESENTATION_CONTEXT() REPRESENTATION_CONTEXT('2D SPACE',''
  ) );
#8288 = ADVANCED_FACE('',(#8289),#8277,.T.);
#8289 = FACE_BOUND('',#8290,.F.);
#8290 = EDGE_LOOP('',(#8291,#8312,#8313,#8314));
#8291 = ORIENTED_EDGE('',*,*,#8292,.F.);
#8292 = EDGE_CURVE('',#8205,#8293,#8295,.T.);
#8293 = VERTEX_POINT('',#8294);
#8294 = CARTESIAN_POINT('',(4.,0.,0.));
#8295 = SEAM_CURVE('',#8296,(#8300,#8306),.PCURVE_S1.);
#8296 = LINE('',#8297,#8298);
#8297 = CARTESIAN_POINT('',(5.,0.,1.));
#8298 = VECTOR('',#8299,1.);
#8299 = DIRECTION('',(-0.707106781187,-0.,-0.707106781187));
#8300 = PCURVE('',#8277,#8301);
#8301 = DEFINITIONAL_REPRESENTATION('',(#8302),#8305);
#8302 = B_SPLINE_CURVE_WITH_KNOTS('',1,(#8303,#8304),.UNSPECIFIED.,.F.,
  .F.,(2,2),(0.,1.414213562373),.PIECEWISE_BEZIER_KNOTS.);
#8303 = CARTESIAN_POINT('',(0.,0.));
#8304 = CARTESIAN_POINT('',(0.,-1.));
#8305 = ( GEOMETRIC_REPRESENTATION_CONTEXT(2) 
PARAMETRIC_REPRESENTATION_CONTEXT() REPRESENTATION_CONTEXT('2D SPACE',''
  ) );
#8306 = PCURVE('',#8277,#8307);
#8307 = DEFINITIONAL_REPRESENTATION('',(#8308),#8311);
#8308 = B_SPLINE_CURVE_WITH_KNOTS('',1,(#8309,#8310),.UNSPECIFIED.,.F.,
  .F.,(2,2),(0.,1.414213562373),.PIECEWISE_BEZIER_KNOTS.);
#8309 = CARTESIAN_POINT('',(6.28318530718,0.));
#8310 = CARTESIAN_POINT('',(6.28318530718,-1.));
#8311 = ( GEOMETRIC_REPRESENTATION_CONTEXT(2) 
PARAMETRIC_REPRESENTATION_CONTEXT() REPRESENTATION_CONTEXT('2D SPACE',''
  ) );
#8312 = ORIENTED_EDGE('',*,*,#8262,.T.);
#8313 = ORIENTED_EDGE('',*,*,#8292,.T.);
#8314 = ORIENTED_EDGE('',*,*,#8315,.F.);
#8315 = EDGE_CURVE('',#8293,#8293,#8316,.T.);
#8316 = SURFACE_CURVE('',#8317,(#8322,#8329),.PCURVE_S1.);
#8317 = CIRCLE('',#8318,4.);
#8318 = AXIS2_PLACEMENT_3D('',#8319,#8320,#8321);
#8319 = CARTESIAN_POINT('',(0.,0.,0.));
#8320 = DIRECTION('',(0.,0.,1.));
#8321 = DIRECTION('',(1.,0.,-0.));
#8322 = PCURVE('',#8277,#8323);
#8323 = DEFINITIONAL_REPRESENTATION('',(#8324),#8328);
#8324 = LINE('',#8325,#8326);
#8325 = CARTESIAN_POINT('',(0.,-1.));
#8326 = VECTOR('',#8327,1.);
#8327 = DIRECTION('',(1.,-0.));
#8328 = ( GEOMETRIC_REPRESENTATION_CONTEXT(2) 
PARAMETRIC_REPRESENTATION_CONTEXT() REPRESENTATION_CONTEXT('2D SPACE',''
  ) );
#8329 = PCURVE('',#8330,#8335);
#8330 = PLANE('',#8331);
#8331 = AXIS2_PLACEMENT_3D('',#8332,#8333,#8334);
#8332 = CARTESIAN_POINT('',(0.,0.,0.));
#8333 = DIRECTION('',(0.,0.,1.));
#8334 = DIRECTION('',(1.,0.,0.));
#8335 = DEFINITIONAL_REPRESENTATION('',(#8336),#8340);
#8336 = CIRCLE('',#8337,4.);
#8337 = AXIS2_PLACEMENT_2D('',#8338,#8339);
#8338 = CARTESIAN_POINT('',(0.,0.));
#8339 = DIRECTION('',(1.,0.));
#8340 = ( GEOMETRIC_REPRESENTATION_CONTEXT(2) 
PARAMETRIC_REPRESENTATION_CONTEXT() REPRESENTATION_CONTEXT('2D SPACE',''
  ) );
#8341 = ADVANCED_FACE('',(#8342),#8249,.T.);
#8342 = FACE_BOUND('',#8343,.T.);
#8343 = EDGE_LOOP('',(#8344,#8365,#8366,#8367));
#8344 = ORIENTED_EDGE('',*,*,#8345,.F.);
#8345 = EDGE_CURVE('',#8207,#8346,#8348,.T.);
#8346 = VERTEX_POINT('',#8347);
#8347 = CARTESIAN_POINT('',(4.,0.,7.));
#8348 = SEAM_CURVE('',#8349,(#8353,#8359),.PCURVE_S1.);
#8349 = LINE('',#8350,#8351);
#8350 = CARTESIAN_POINT('',(5.,0.,6.));
#8351 = VECTOR('',#8352,1.);
#8352 = DIRECTION('',(-0.707106781187,0.,0.707106781187));
#8353 = PCURVE('',#8249,#8354);
#8354 = DEFINITIONAL_REPRESENTATION('',(#8355),#8358);
#8355 = B_SPLINE_CURVE_WITH_KNOTS('',1,(#8356,#8357),.UNSPECIFIED.,.F.,
  .F.,(2,2),(0.,1.414213562373),.PIECEWISE_BEZIER_KNOTS.);
#8356 = CARTESIAN_POINT('',(0.,0.));
#8357 = CARTESIAN_POINT('',(0.,-1.));
#8358 = ( GEOMETRIC_REPRESENTATION_CONTEXT(2) 
PARAMETRIC_REPRESENTATION_CONTEXT() REPRESENTATION_CONTEXT('2D SPACE',''
  ) );
#8359 = PCURVE('',#8249,#8360);
#8360 = DEFINITIONAL_REPRESENTATION('',(#8361),#8364);
#8361 = B_SPLINE_CURVE_WITH_KNOTS('',1,(#8362,#8363),.UNSPECIFIED.,.F.,
  .F.,(2,2),(0.,1.414213562373),.PIECEWISE_BEZIER_KNOTS.);
#8362 = CARTESIAN_POINT('',(-6.28318530718,0.));
#8363 = CARTESIAN_POINT('',(-6.28318530718,-1.));
#8364 = ( GEOMETRIC_REPRESENTATION_CONTEXT(2) 
PARAMETRIC_REPRESENTATION_CONTEXT() REPRESENTATION_CONTEXT('2D SPACE',''
  ) );
#8365 = ORIENTED_EDGE('',*,*,#8234,.T.);
#8366 = ORIENTED_EDGE('',*,*,#8345,.T.);
#8367 = ORIENTED_EDGE('',*,*,#8368,.F.);
#8368 = EDGE_CURVE('',#8346,#8346,#8369,.T.);
#8369 = SURFACE_CURVE('',#8370,(#8375,#8382),.PCURVE_S1.);
#8370 = CIRCLE('',#8371,4.);
#8371 = AXIS2_PLACEMENT_3D('',#8372,#8373,#8374);
#8372 = CARTESIAN_POINT('',(0.,0.,7.));
#8373 = DIRECTION('',(0.,0.,1.));
#8374 = DIRECTION('',(1.,0.,-0.));
#8375 = PCURVE('',#8249,#8376);
#8376 = DEFINITIONAL_REPRESENTATION('',(#8377),#8381);
#8377 = LINE('',#8378,#8379);
#8378 = CARTESIAN_POINT('',(-0.,-1.));
#8379 = VECTOR('',#8380,1.);
#8380 = DIRECTION('',(-1.,-0.));
#8381 = ( GEOMETRIC_REPRESENTATION_CONTEXT(2) 
PARAMETRIC_REPRESENTATION_CONTEXT() REPRESENTATION_CONTEXT('2D SPACE',''
  ) );
#8382 = PCURVE('',#8383,#8388);
#8383 = PLANE('',#8384);
#8384 = AXIS2_PLACEMENT_3D('',#8385,#8386,#8387);
#8385 = CARTESIAN_POINT('',(0.,0.,7.));
#8386 = DIRECTION('',(0.,0.,1.));
#8387 = DIRECTION('',(1.,0.,0.));
#8388 = DEFINITIONAL_REPRESENTATION('',(#8389),#8393);
#8389 = CIRCLE('',#8390,4.);
#8390 = AXIS2_PLACEMENT_2D('',#8391,#8392);
#8391 = CARTESIAN_POINT('',(0.,0.));
#8392 = DIRECTION('',(1.,0.));
#8393 = ( GEOMETRIC_REPRESENTATION_CONTEXT(2) 
PARAMETRIC_REPRESENTATION_CONTEXT() REPRESENTATION_CONTEXT('2D SPACE',''
  ) );
#8394 = ADVANCED_FACE('',(#8395),#8330,.F.);
#8395 = FACE_BOUND('',#8396,.F.);
#8396 = EDGE_LOOP('',(#8397));
#8397 = ORIENTED_EDGE('',*,*,#8315,.T.);
#8398 = ADVANCED_FACE('',(#8399),#8383,.T.);
#8399 = FACE_BOUND('',#8400,.T.);
#8400 = EDGE_LOOP('',(#8401));
#8401 = ORIENTED_EDGE('',*,*,#8368,.T.);
#8402 = ( GEOMETRIC_REPRESENTATION_CONTEXT(3) 
GLOBAL_UNCERTAINTY_ASSIGNED_CONTEXT((#8406)) 
GLOBAL_UNIT_ASSIGNED_CONTEXT((#8403,#8404,#8405)) REPRESENTATION_CONTEXT
('Context #1','3D Context with UNIT and UNCERTAINTY') );
#8403 = ( LENGTH_UNIT() NAMED_UNIT(*) SI_UNIT(.MILLI.,.METRE.) );
#8404 = ( NAMED_UNIT(*) PLANE_ANGLE_UNIT() SI_UNIT($,.RADIAN.) );
#8405 = ( NAMED_UNIT(*) SI_UNIT($,.STERADIAN.) SOLID_ANGLE_UNIT() );
#8406 = UNCERTAINTY_MEASURE_WITH_UNIT(LENGTH_MEASURE(1.E-07),#8403,
  'distance_accuracy_value','confusion accuracy');
#8407 = CONTEXT_DEPENDENT_SHAPE_REPRESENTATION(#8408,#8410);
#8408 = ( REPRESENTATION_RELATIONSHIP('','',#8197,#10) 
REPRESENTATION_RELATIONSHIP_WITH_TRANSFORMATION(#8409) 
SHAPE_REPRESENTATION_RELATIONSHIP() );
#8409 = ITEM_DEFINED_TRANSFORMATION('','',#11,#67);
#8410 = PRODUCT_DEFINITION_SHAPE('Placement','Placement of an item',
  #8411);
#8411 = NEXT_ASSEMBLY_USAGE_OCCURRENCE('14','seed_small_05','',#5,#8192,
  $);
#8412 = PRODUCT_RELATED_PRODUCT_CATEGORY('part',$,(#8194));
#8413 = SHAPE_DEFINITION_REPRESENTATION(#8414,#8420);
#8414 = PRODUCT_DEFINITION_SHAPE('','',#8415);
#8415 = PRODUCT_DEFINITION('design','',#8416,#8419);
#8416 = PRODUCT_DEFINITION_FORMATION('','',#8417);
#8417 = PRODUCT('seed_small_06','seed_small_06','',(#8418));
#8418 = PRODUCT_CONTEXT('',#2,'mechanical');
#8419 = PRODUCT_DEFINITION_CONTEXT('part definition',#2,'design');
#8420 = ADVANCED_BREP_SHAPE_REPRESENTATION('',(#11,#8421),#8625);
#8421 = MANIFOLD_SOLID_BREP('',#8422);
#8422 = CLOSED_SHELL('',(#8423,#8511,#8564,#8617,#8621));
#8423 = ADVANCED_FACE('',(#8424),#8438,.T.);
#8424 = FACE_BOUND('',#8425,.T.);
#8425 = EDGE_LOOP('',(#8426,#8456,#8483,#8484));
#8426 = ORIENTED_EDGE('',*,*,#8427,.T.);
#8427 = EDGE_CURVE('',#8428,#8430,#8432,.T.);
#8428 = VERTEX_POINT('',#8429);
#8429 = CARTESIAN_POINT('',(5.,0.,1.));
#8430 = VERTEX_POINT('',#8431);
#8431 = CARTESIAN_POINT('',(5.,0.,6.));
#8432 = SEAM_CURVE('',#8433,(#8437,#8449),.PCURVE_S1.);
#8433 = LINE('',#8434,#8435);
#8434 = CARTESIAN_POINT('',(5.,-1.224646799147E-15,0.));
#8435 = VECTOR('',#8436,1.);
#8436 = DIRECTION('',(0.,0.,1.));
#8437 = PCURVE('',#8438,#8443);
#8438 = CYLINDRICAL_SURFACE('',#8439,5.);
#8439 = AXIS2_PLACEMENT_3D('',#8440,#8441,#8442);
#8440 = CARTESIAN_POINT('',(0.,0.,0.));
#8441 = DIRECTION('',(0.,0.,1.));
#8442 = DIRECTION('',(1.,0.,0.));
#8443 = DEFINITIONAL_REPRESENTATION('',(#8444),#8448);
#8444 = LINE('',#8445,#8446);
#8445 = CARTESIAN_POINT('',(6.28318530718,-0.));
#8446 = VECTOR('',#8447,1.);
#8447 = DIRECTION('',(0.,1.));
#8448 = ( GEOMETRIC_REPRESENTATION_CONTEXT(2) 
PARAMETRIC_REPRESENTATION_CONTEXT() REPRESENTATION_CONTEXT('2D SPACE',''
  ) );
#8449 = PCURVE('',#8438,#8450);
#8450 = DEFINITIONAL_REPRESENTATION('',(#8451),#8455);
#8451 = LINE('',#8452,#8453);
#8452 = CARTESIAN_POINT('',(0.,-0.));
#8453 = VECTOR('',#8454,1.);
#8454 = DIRECTION('',(0.,1.));
#8455 = ( GEOMETRIC_REPRESENTATION_CONTEXT(2) 
PARAMETRIC_REPRESENTATION_CONTEXT() REPRESENTATION_CONTEXT('2D SPACE',''
  ) );
#8456 = ORIENTED_EDGE('',*,*,#8457,.F.);
#8457 = EDGE_CURVE('',#8430,#8430,#8458,.T.);
#8458 = SURFACE_CURVE('',#8459,(#8464,#8471),.PCURVE_S1.);
#8459 = CIRCLE('',#8460,5.);
#8460 = AXIS2_PLACEMENT_3D('',#8461,#8462,#8463);
#8461 = CARTESIAN_POINT('',(0.,0.,6.));
#8462 = DIRECTION('',(0.,0.,1.));
#8463 = DIRECTION('',(1.,0.,-0.));
#8464 = PCURVE('',#8438,#8465);
#8465 = DEFINITIONAL_REPRESENTATION('',(#8466),#8470);
#8466 = LINE('',#8467,#8468);
#8467 = CARTESIAN_POINT('',(0.,6.));
#8468 = VECTOR('',#8469,1.);
#8469 = DIRECTION('',(1.,0.));
#8470 = ( GEOMETRIC_REPRESENTATION_CONTEXT(2) 
PARAMETRIC_REPRESENTATION_CONTEXT() REPRESENTATION_CONTEXT('2D SPACE',''
  ) );
#8471 = PCURVE('',#8472,#8477);
#8472 = CONICAL_SURFACE('',#8473,5.,0.785398163397);
#8473 = AXIS2_PLACEMENT_3D('',#8474,#8475,#8476);
#8474 = CARTESIAN_POINT('',(0.,0.,6.));
#8475 = DIRECTION('',(-0.,-0.,-1.));
#8476 = DIRECTION('',(1.,0.,0.));
#8477 = DEFINITIONAL_REPRESENTATION('',(#8478),#8482);
#8478 = LINE('',#8479,#8480);
#8479 = CARTESIAN_POINT('',(-0.,-0.));
#8480 = VECTOR('',#8481,1.);
#8481 = DIRECTION('',(-1.,-0.));
#8482 = ( GEOMETRIC_REPRESENTATION_CONTEXT(2) 
PARAMETRIC_REPRESENTATION_CONTEXT() REPRESENTATION_CONTEXT('2D SPACE',''
  ) );
#8483 = ORIENTED_EDGE('',*,*,#8427,.F.);
#8484 = ORIENTED_EDGE('',*,*,#8485,.T.);
#8485 = EDGE_CURVE('',#8428,#8428,#8486,.T.);
#8486 = SURFACE_CURVE('',#8487,(#8492,#8499),.PCURVE_S1.);
#8487 = CIRCLE('',#8488,5.);
#8488 = AXIS2_PLACEMENT_3D('',#8489,#8490,#8491);
#8489 = CARTESIAN_POINT('',(0.,0.,1.));
#8490 = DIRECTION('',(0.,0.,1.));
#8491 = DIRECTION('',(1.,0.,-0.));
#8492 = PCURVE('',#8438,#8493);
#8493 = DEFINITIONAL_REPRESENTATION('',(#8494),#8498);
#8494 = LINE('',#8495,#8496);
#8495 = CARTESIAN_POINT('',(0.,1.));
#8496 = VECTOR('',#8497,1.);
#8497 = DIRECTION('',(1.,0.));
#8498 = ( GEOMETRIC_REPRESENTATION_CONTEXT(2) 
PARAMETRIC_REPRESENTATION_CONTEXT() REPRESENTATION_CONTEXT('2D SPACE',''
  ) );
#8499 = PCURVE('',#8500,#8505);
#8500 = CONICAL_SURFACE('',#8501,5.,0.785398163397);
#8501 = AXIS2_PLACEMENT_3D('',#8502,#8503,#8504);
#8502 = CARTESIAN_POINT('',(0.,0.,1.));
#8503 = DIRECTION('',(0.,0.,1.));
#8504 = DIRECTION('',(1.,0.,-0.));
#8505 = DEFINITIONAL_REPRESENTATION('',(#8506),#8510);
#8506 = LINE('',#8507,#8508);
#8507 = CARTESIAN_POINT('',(0.,-0.));
#8508 = VECTOR('',#8509,1.);
#8509 = DIRECTION('',(1.,-0.));
#8510 = ( GEOMETRIC_REPRESENTATION_CONTEXT(2) 
PARAMETRIC_REPRESENTATION_CONTEXT() REPRESENTATION_CONTEXT('2D SPACE',''
  ) );
#8511 = ADVANCED_FACE('',(#8512),#8500,.T.);
#8512 = FACE_BOUND('',#8513,.F.);
#8513 = EDGE_LOOP('',(#8514,#8535,#8536,#8537));
#8514 = ORIENTED_EDGE('',*,*,#8515,.F.);
#8515 = EDGE_CURVE('',#8428,#8516,#8518,.T.);
#8516 = VERTEX_POINT('',#8517);
#8517 = CARTESIAN_POINT('',(4.,0.,0.));
#8518 = SEAM_CURVE('',#8519,(#8523,#8529),.PCURVE_S1.);
#8519 = LINE('',#8520,#8521);
#8520 = CARTESIAN_POINT('',(5.,0.,1.));
#8521 = VECTOR('',#8522,1.);
#8522 = DIRECTION('',(-0.707106781187,-0.,-0.707106781187));
#8523 = PCURVE('',#8500,#8524);
#8524 = DEFINITIONAL_REPRESENTATION('',(#8525),#8528);
#8525 = B_SPLINE_CURVE_WITH_KNOTS('',1,(#8526,#8527),.UNSPECIFIED.,.F.,
  .F.,(2,2),(0.,1.414213562373),.PIECEWISE_BEZIER_KNOTS.);
#8526 = CARTESIAN_POINT('',(0.,0.));
#8527 = CARTESIAN_POINT('',(0.,-1.));
#8528 = ( GEOMETRIC_REPRESENTATION_CONTEXT(2) 
PARAMETRIC_REPRESENTATION_CONTEXT() REPRESENTATION_CONTEXT('2D SPACE',''
  ) );
#8529 = PCURVE('',#8500,#8530);
#8530 = DEFINITIONAL_REPRESENTATION('',(#8531),#8534);
#8531 = B_SPLINE_CURVE_WITH_KNOTS('',1,(#8532,#8533),.UNSPECIFIED.,.F.,
  .F.,(2,2),(0.,1.414213562373),.PIECEWISE_BEZIER_KNOTS.);
#8532 = CARTESIAN_POINT('',(6.28318530718,0.));
#8533 = CARTESIAN_POINT('',(6.28318530718,-1.));
#8534 = ( GEOMETRIC_REPRESENTATION_CONTEXT(2) 
PARAMETRIC_REPRESENTATION_CONTEXT() REPRESENTATION_CONTEXT('2D SPACE',''
  ) );
#8535 = ORIENTED_EDGE('',*,*,#8485,.T.);
#8536 = ORIENTED_EDGE('',*,*,#8515,.T.);
#8537 = ORIENTED_EDGE('',*,*,#8538,.F.);
#8538 = EDGE_CURVE('',#8516,#8516,#8539,.T.);
#8539 = SURFACE_CURVE('',#8540,(#8545,#8552),.PCURVE_S1.);
#8540 = CIRCLE('',#8541,4.);
#8541 = AXIS2_PLACEMENT_3D('',#8542,#8543,#8544);
#8542 = CARTESIAN_POINT('',(0.,0.,0.));
#8543 = DIRECTION('',(0.,0.,1.));
#8544 = DIRECTION('',(1.,0.,-0.));
#8545 = PCURVE('',#8500,#8546);
#8546 = DEFINITIONAL_REPRESENTATION('',(#8547),#8551);
#8547 = LINE('',#8548,#8549);
#8548 = CARTESIAN_POINT('',(0.,-1.));
#8549 = VECTOR('',#8550,1.);
#8550 = DIRECTION('',(1.,-0.));
#8551 = ( GEOMETRIC_REPRESENTATION_CONTEXT(2) 
PARAMETRIC_REPRESENTATION_CONTEXT() REPRESENTATION_CONTEXT('2D SPACE',''
  ) );
#8552 = PCURVE('',#8553,#8558);
#8553 = PLANE('',#8554);
#8554 = AXIS2_PLACEMENT_3D('',#8555,#8556,#8557);
#8555 = CARTESIAN_POINT('',(0.,0.,0.));
#8556 = DIRECTION('',(0.,0.,1.));
#8557 = DIRECTION('',(1.,0.,0.));
#8558 = DEFINITIONAL_REPRESENTATION('',(#8559),#8563);
#8559 = CIRCLE('',#8560,4.);
#8560 = AXIS2_PLACEMENT_2D('',#8561,#8562);
#8561 = CARTESIAN_POINT('',(0.,0.));
#8562 = DIRECTION('',(1.,0.));
#8563 = ( GEOMETRIC_REPRESENTATION_CONTEXT(2) 
PARAMETRIC_REPRESENTATION_CONTEXT() REPRESENTATION_CONTEXT('2D SPACE',''
  ) );
#8564 = ADVANCED_FACE('',(#8565),#8472,.T.);
#8565 = FACE_BOUND('',#8566,.T.);
#8566 = EDGE_LOOP('',(#8567,#8588,#8589,#8590));
#8567 = ORIENTED_EDGE('',*,*,#8568,.F.);
#8568 = EDGE_CURVE('',#8430,#8569,#8571,.T.);
#8569 = VERTEX_POINT('',#8570);
#8570 = CARTESIAN_POINT('',(4.,0.,7.));
#8571 = SEAM_CURVE('',#8572,(#8576,#8582),.PCURVE_S1.);
#8572 = LINE('',#8573,#8574);
#8573 = CARTESIAN_POINT('',(5.,0.,6.));
#8574 = VECTOR('',#8575,1.);
#8575 = DIRECTION('',(-0.707106781187,0.,0.707106781187));
#8576 = PCURVE('',#8472,#8577);
#8577 = DEFINITIONAL_REPRESENTATION('',(#8578),#8581);
#8578 = B_SPLINE_CURVE_WITH_KNOTS('',1,(#8579,#8580),.UNSPECIFIED.,.F.,
  .F.,(2,2),(0.,1.414213562373),.PIECEWISE_BEZIER_KNOTS.);
#8579 = CARTESIAN_POINT('',(0.,0.));
#8580 = CARTESIAN_POINT('',(0.,-1.));
#8581 = ( GEOMETRIC_REPRESENTATION_CONTEXT(2) 
PARAMETRIC_REPRESENTATION_CONTEXT() REPRESENTATION_CONTEXT('2D SPACE',''
  ) );
#8582 = PCURVE('',#8472,#8583);
#8583 = DEFINITIONAL_REPRESENTATION('',(#8584),#8587);
#8584 = B_SPLINE_CURVE_WITH_KNOTS('',1,(#8585,#8586),.UNSPECIFIED.,.F.,
  .F.,(2,2),(0.,1.414213562373),.PIECEWISE_BEZIER_KNOTS.);
#8585 = CARTESIAN_POINT('',(-6.28318530718,0.));
#8586 = CARTESIAN_POINT('',(-6.28318530718,-1.));
#8587 = ( GEOMETRIC_REPRESENTATION_CONTEXT(2) 
PARAMETRIC_REPRESENTATION_CONTEXT() REPRESENTATION_CONTEXT('2D SPACE',''
  ) );
#8588 = ORIENTED_EDGE('',*,*,#8457,.T.);
#8589 = ORIENTED_EDGE('',*,*,#8568,.T.);
#8590 = ORIENTED_EDGE('',*,*,#8591,.F.);
#8591 = EDGE_CURVE('',#8569,#8569,#8592,.T.);
#8592 = SURFACE_CURVE('',#8593,(#8598,#8605),.PCURVE_S1.);
#8593 = CIRCLE('',#8594,4.);
#8594 = AXIS2_PLACEMENT_3D('',#8595,#8596,#8597);
#8595 = CARTESIAN_POINT('',(0.,0.,7.));
#8596 = DIRECTION('',(0.,0.,1.));
#8597 = DIRECTION('',(1.,0.,-0.));
#8598 = PCURVE('',#8472,#8599);
#8599 = DEFINITIONAL_REPRESENTATION('',(#8600),#8604);
#8600 = LINE('',#8601,#8602);
#8601 = CARTESIAN_POINT('',(-0.,-1.));
#8602 = VECTOR('',#8603,1.);
#8603 = DIRECTION('',(-1.,-0.));
#8604 = ( GEOMETRIC_REPRESENTATION_CONTEXT(2) 
PARAMETRIC_REPRESENTATION_CONTEXT() REPRESENTATION_CONTEXT('2D SPACE',''
  ) );
#8605 = PCURVE('',#8606,#8611);
#8606 = PLANE('',#8607);
#8607 = AXIS2_PLACEMENT_3D('',#8608,#8609,#8610);
#8608 = CARTESIAN_POINT('',(0.,0.,7.));
#8609 = DIRECTION('',(0.,0.,1.));
#8610 = DIRECTION('',(1.,0.,0.));
#8611 = DEFINITIONAL_REPRESENTATION('',(#8612),#8616);
#8612 = CIRCLE('',#8613,4.);
#8613 = AXIS2_PLACEMENT_2D('',#8614,#8615);
#8614 = CARTESIAN_POINT('',(0.,0.));
#8615 = DIRECTION('',(1.,0.));
#8616 = ( GEOMETRIC_REPRESENTATION_CONTEXT(2) 
PARAMETRIC_REPRESENTATION_CONTEXT() REPRESENTATION_CONTEXT('2D SPACE',''
  ) );
#8617 = ADVANCED_FACE('',(#8618),#8553,.F.);
#8618 = FACE_BOUND('',#8619,.F.);
#8619 = EDGE_LOOP('',(#8620));
#8620 = ORIENTED_EDGE('',*,*,#8538,.T.);
#8621 = ADVANCED_FACE('',(#8622),#8606,.T.);
#8622 = FACE_BOUND('',#8623,.T.);
#8623 = EDGE_LOOP('',(#8624));
#8624 = ORIENTED_EDGE('',*,*,#8591,.T.);
#8625 = ( GEOMETRIC_REPRESENTATION_CONTEXT(3) 
GLOBAL_UNCERTAINTY_ASSIGNED_CONTEXT((#8629)) 
GLOBAL_UNIT_ASSIGNED_CONTEXT((#8626,#8627,#8628)) REPRESENTATION_CONTEXT
('Context #1','3D Context with UNIT and UNCERTAINTY') );
#8626 = ( LENGTH_UNIT() NAMED_UNIT(*) SI_UNIT(.MILLI.,.METRE.) );
#8627 = ( NAMED_UNIT(*) PLANE_ANGLE_UNIT() SI_UNIT($,.RADIAN.) );
#8628 = ( NAMED_UNIT(*) SI_UNIT($,.STERADIAN.) SOLID_ANGLE_UNIT() );
#8629 = UNCERTAINTY_MEASURE_WITH_UNIT(LENGTH_MEASURE(1.E-07),#8626,
  'distance_accuracy_value','confusion accuracy');
#8630 = CONTEXT_DEPENDENT_SHAPE_REPRESENTATION(#8631,#8633);
#8631 = ( REPRESENTATION_RELATIONSHIP('','',#8420,#10) 
REPRESENTATION_RELATIONSHIP_WITH_TRANSFORMATION(#8632) 
SHAPE_REPRESENTATION_RELATIONSHIP() );
#8632 = ITEM_DEFINED_TRANSFORMATION('','',#11,#71);
#8633 = PRODUCT_DEFINITION_SHAPE('Placement','Placement of an item',
  #8634);
#8634 = NEXT_ASSEMBLY_USAGE_OCCURRENCE('15','seed_small_06','',#5,#8415,
  $);
#8635 = PRODUCT_RELATED_PRODUCT_CATEGORY('part',$,(#8417));
#8636 = SHAPE_DEFINITION_REPRESENTATION(#8637,#8643);
#8637 = PRODUCT_DEFINITION_SHAPE('','',#8638);
#8638 = PRODUCT_DEFINITION('design','',#8639,#8642);
#8639 = PRODUCT_DEFINITION_FORMATION('','',#8640);
#8640 = PRODUCT('seed_small_07','seed_small_07','',(#8641));
#8641 = PRODUCT_CONTEXT('',#2,'mechanical');
#8642 = PRODUCT_DEFINITION_CONTEXT('part definition',#2,'design');
#8643 = ADVANCED_BREP_SHAPE_REPRESENTATION('',(#11,#8644),#8848);
#8644 = MANIFOLD_SOLID_BREP('',#8645);
#8645 = CLOSED_SHELL('',(#8646,#8734,#8787,#8840,#8844));
#8646 = ADVANCED_FACE('',(#8647),#8661,.T.);
#8647 = FACE_BOUND('',#8648,.T.);
#8648 = EDGE_LOOP('',(#8649,#8679,#8706,#8707));
#8649 = ORIENTED_EDGE('',*,*,#8650,.T.);
#8650 = EDGE_CURVE('',#8651,#8653,#8655,.T.);
#8651 = VERTEX_POINT('',#8652);
#8652 = CARTESIAN_POINT('',(5.,0.,1.));
#8653 = VERTEX_POINT('',#8654);
#8654 = CARTESIAN_POINT('',(5.,0.,6.));
#8655 = SEAM_CURVE('',#8656,(#8660,#8672),.PCURVE_S1.);
#8656 = LINE('',#8657,#8658);
#8657 = CARTESIAN_POINT('',(5.,-1.224646799147E-15,0.));
#8658 = VECTOR('',#8659,1.);
#8659 = DIRECTION('',(0.,0.,1.));
#8660 = PCURVE('',#8661,#8666);
#8661 = CYLINDRICAL_SURFACE('',#8662,5.);
#8662 = AXIS2_PLACEMENT_3D('',#8663,#8664,#8665);
#8663 = CARTESIAN_POINT('',(0.,0.,0.));
#8664 = DIRECTION('',(0.,0.,1.));
#8665 = DIRECTION('',(1.,0.,0.));
#8666 = DEFINITIONAL_REPRESENTATION('',(#8667),#8671);
#8667 = LINE('',#8668,#8669);
#8668 = CARTESIAN_POINT('',(6.28318530718,-0.));
#8669 = VECTOR('',#8670,1.);
#8670 = DIRECTION('',(0.,1.));
#8671 = ( GEOMETRIC_REPRESENTATION_CONTEXT(2) 
PARAMETRIC_REPRESENTATION_CONTEXT() REPRESENTATION_CONTEXT('2D SPACE',''
  ) );
#8672 = PCURVE('',#8661,#8673);
#8673 = DEFINITIONAL_REPRESENTATION('',(#8674),#8678);
#8674 = LINE('',#8675,#8676);
#8675 = CARTESIAN_POINT('',(0.,-0.));
#8676 = VECTOR('',#8677,1.);
#8677 = DIRECTION('',(0.,1.));
#8678 = ( GEOMETRIC_REPRESENTATION_CONTEXT(2) 
PARAMETRIC_REPRESENTATION_CONTEXT() REPRESENTATION_CONTEXT('2D SPACE',''
  ) );
#8679 = ORIENTED_EDGE('',*,*,#8680,.F.);
#8680 = EDGE_CURVE('',#8653,#8653,#8681,.T.);
#8681 = SURFACE_CURVE('',#8682,(#8687,#8694),.PCURVE_S1.);
#8682 = CIRCLE('',#8683,5.);
#8683 = AXIS2_PLACEMENT_3D('',#8684,#8685,#8686);
#8684 = CARTESIAN_POINT('',(0.,0.,6.));
#8685 = DIRECTION('',(0.,0.,1.));
#8686 = DIRECTION('',(1.,0.,-0.));
#8687 = PCURVE('',#8661,#8688);
#8688 = DEFINITIONAL_REPRESENTATION('',(#8689),#8693);
#8689 = LINE('',#8690,#8691);
#8690 = CARTESIAN_POINT('',(0.,6.));
#8691 = VECTOR('',#8692,1.);
#8692 = DIRECTION('',(1.,0.));
#8693 = ( GEOMETRIC_REPRESENTATION_CONTEXT(2) 
PARAMETRIC_REPRESENTATION_CONTEXT() REPRESENTATION_CONTEXT('2D SPACE',''
  ) );
#8694 = PCURVE('',#8695,#8700);
#8695 = CONICAL_SURFACE('',#8696,5.,0.785398163397);
#8696 = AXIS2_PLACEMENT_3D('',#8697,#8698,#8699);
#8697 = CARTESIAN_POINT('',(0.,0.,6.));
#8698 = DIRECTION('',(-0.,-0.,-1.));
#8699 = DIRECTION('',(1.,0.,0.));
#8700 = DEFINITIONAL_REPRESENTATION('',(#8701),#8705);
#8701 = LINE('',#8702,#8703);
#8702 = CARTESIAN_POINT('',(-0.,-0.));
#8703 = VECTOR('',#8704,1.);
#8704 = DIRECTION('',(-1.,-0.));
#8705 = ( GEOMETRIC_REPRESENTATION_CONTEXT(2) 
PARAMETRIC_REPRESENTATION_CONTEXT() REPRESENTATION_CONTEXT('2D SPACE',''
  ) );
#8706 = ORIENTED_EDGE('',*,*,#8650,.F.);
#8707 = ORIENTED_EDGE('',*,*,#8708,.T.);
#8708 = EDGE_CURVE('',#8651,#8651,#8709,.T.);
#8709 = SURFACE_CURVE('',#8710,(#8715,#8722),.PCURVE_S1.);
#8710 = CIRCLE('',#8711,5.);
#8711 = AXIS2_PLACEMENT_3D('',#8712,#8713,#8714);
#8712 = CARTESIAN_POINT('',(0.,0.,1.));
#8713 = DIRECTION('',(0.,0.,1.));
#8714 = DIRECTION('',(1.,0.,-0.));
#8715 = PCURVE('',#8661,#8716);
#8716 = DEFINITIONAL_REPRESENTATION('',(#8717),#8721);
#8717 = LINE('',#8718,#8719);
#8718 = CARTESIAN_POINT('',(0.,1.));
#8719 = VECTOR('',#8720,1.);
#8720 = DIRECTION('',(1.,0.));
#8721 = ( GEOMETRIC_REPRESENTATION_CONTEXT(2) 
PARAMETRIC_REPRESENTATION_CONTEXT() REPRESENTATION_CONTEXT('2D SPACE',''
  ) );
#8722 = PCURVE('',#8723,#8728);
#8723 = CONICAL_SURFACE('',#8724,5.,0.785398163397);
#8724 = AXIS2_PLACEMENT_3D('',#8725,#8726,#8727);
#8725 = CARTESIAN_POINT('',(0.,0.,1.));
#8726 = DIRECTION('',(0.,0.,1.));
#8727 = DIRECTION('',(1.,0.,-0.));
#8728 = DEFINITIONAL_REPRESENTATION('',(#8729),#8733);
#8729 = LINE('',#8730,#8731);
#8730 = CARTESIAN_POINT('',(0.,-0.));
#8731 = VECTOR('',#8732,1.);
#8732 = DIRECTION('',(1.,-0.));
#8733 = ( GEOMETRIC_REPRESENTATION_CONTEXT(2) 
PARAMETRIC_REPRESENTATION_CONTEXT() REPRESENTATION_CONTEXT('2D SPACE',''
  ) );
#8734 = ADVANCED_FACE('',(#8735),#8723,.T.);
#8735 = FACE_BOUND('',#8736,.F.);
#8736 = EDGE_LOOP('',(#8737,#8758,#8759,#8760));
#8737 = ORIENTED_EDGE('',*,*,#8738,.F.);
#8738 = EDGE_CURVE('',#8651,#8739,#8741,.T.);
#8739 = VERTEX_POINT('',#8740);
#8740 = CARTESIAN_POINT('',(4.,0.,0.));
#8741 = SEAM_CURVE('',#8742,(#8746,#8752),.PCURVE_S1.);
#8742 = LINE('',#8743,#8744);
#8743 = CARTESIAN_POINT('',(5.,0.,1.));
#8744 = VECTOR('',#8745,1.);
#8745 = DIRECTION('',(-0.707106781187,-0.,-0.707106781187));
#8746 = PCURVE('',#8723,#8747);
#8747 = DEFINITIONAL_REPRESENTATION('',(#8748),#8751);
#8748 = B_SPLINE_CURVE_WITH_KNOTS('',1,(#8749,#8750),.UNSPECIFIED.,.F.,
  .F.,(2,2),(0.,1.414213562373),.PIECEWISE_BEZIER_KNOTS.);
#8749 = CARTESIAN_POINT('',(0.,0.));
#8750 = CARTESIAN_POINT('',(0.,-1.));
#8751 = ( GEOMETRIC_REPRESENTATION_CONTEXT(2) 
PARAMETRIC_REPRESENTATION_CONTEXT() REPRESENTATION_CONTEXT('2D SPACE',''
  ) );
#8752 = PCURVE('',#8723,#8753);
#8753 = DEFINITIONAL_REPRESENTATION('',(#8754),#8757);
#8754 = B_SPLINE_CURVE_WITH_KNOTS('',1,(#8755,#8756),.UNSPECIFIED.,.F.,
  .F.,(2,2),(0.,1.414213562373),.PIECEWISE_BEZIER_KNOTS.);
#8755 = CARTESIAN_POINT('',(6.28318530718,0.));
#8756 = CARTESIAN_POINT('',(6.28318530718,-1.));
#8757 = ( GEOMETRIC_REPRESENTATION_CONTEXT(2) 
PARAMETRIC_REPRESENTATION_CONTEXT() REPRESENTATION_CONTEXT('2D SPACE',''
  ) );
#8758 = ORIENTED_EDGE('',*,*,#8708,.T.);
#8759 = ORIENTED_EDGE('',*,*,#8738,.T.);
#8760 = ORIENTED_EDGE('',*,*,#8761,.F.);
#8761 = EDGE_CURVE('',#8739,#8739,#8762,.T.);
#8762 = SURFACE_CURVE('',#8763,(#8768,#8775),.PCURVE_S1.);
#8763 = CIRCLE('',#8764,4.);
#8764 = AXIS2_PLACEMENT_3D('',#8765,#8766,#8767);
#8765 = CARTESIAN_POINT('',(0.,0.,0.));
#8766 = DIRECTION('',(0.,0.,1.));
#8767 = DIRECTION('',(1.,0.,-0.));
#8768 = PCURVE('',#8723,#8769);
#8769 = DEFINITIONAL_REPRESENTATION('',(#8770),#8774);
#8770 = LINE('',#8771,#8772);
#8771 = CARTESIAN_POINT('',(0.,-1.));
#8772 = VECTOR('',#8773,1.);
#8773 = DIRECTION('',(1.,-0.));
#8774 = ( GEOMETRIC_REPRESENTATION_CONTEXT(2) 
PARAMETRIC_REPRESENTATION_CONTEXT() REPRESENTATION_CONTEXT('2D SPACE',''
  ) );
#8775 = PCURVE('',#8776,#8781);
#8776 = PLANE('',#8777);
#8777 = AXIS2_PLACEMENT_3D('',#8778,#8779,#8780);
#8778 = CARTESIAN_POINT('',(0.,0.,0.));
#8779 = DIRECTION('',(0.,0.,1.));
#8780 = DIRECTION('',(1.,0.,0.));
#8781 = DEFINITIONAL_REPRESENTATION('',(#8782),#8786);
#8782 = CIRCLE('',#8783,4.);
#8783 = AXIS2_PLACEMENT_2D('',#8784,#8785);
#8784 = CARTESIAN_POINT('',(0.,0.));
#8785 = DIRECTION('',(1.,0.));
#8786 = ( GEOMETRIC_REPRESENTATION_CONTEXT(2) 
PARAMETRIC_REPRESENTATION_CONTEXT() REPRESENTATION_CONTEXT('2D SPACE',''
  ) );
#8787 = ADVANCED_FACE('',(#8788),#8695,.T.);
#8788 = FACE_BOUND('',#8789,.T.);
#8789 = EDGE_LOOP('',(#8790,#8811,#8812,#8813));
#8790 = ORIENTED_EDGE('',*,*,#8791,.F.);
#8791 = EDGE_CURVE('',#8653,#8792,#8794,.T.);
#8792 = VERTEX_POINT('',#8793);
#8793 = CARTESIAN_POINT('',(4.,0.,7.));
#8794 = SEAM_CURVE('',#8795,(#8799,#8805),.PCURVE_S1.);
#8795 = LINE('',#8796,#8797);
#8796 = CARTESIAN_POINT('',(5.,0.,6.));
#8797 = VECTOR('',#8798,1.);
#8798 = DIRECTION('',(-0.707106781187,0.,0.707106781187));
#8799 = PCURVE('',#8695,#8800);
#8800 = DEFINITIONAL_REPRESENTATION('',(#8801),#8804);
#8801 = B_SPLINE_CURVE_WITH_KNOTS('',1,(#8802,#8803),.UNSPECIFIED.,.F.,
  .F.,(2,2),(0.,1.414213562373),.PIECEWISE_BEZIER_KNOTS.);
#8802 = CARTESIAN_POINT('',(0.,0.));
#8803 = CARTESIAN_POINT('',(0.,-1.));
#8804 = ( GEOMETRIC_REPRESENTATION_CONTEXT(2) 
PARAMETRIC_REPRESENTATION_CONTEXT() REPRESENTATION_CONTEXT('2D SPACE',''
  ) );
#8805 = PCURVE('',#8695,#8806);
#8806 = DEFINITIONAL_REPRESENTATION('',(#8807),#8810);
#8807 = B_SPLINE_CURVE_WITH_KNOTS('',1,(#8808,#8809),.UNSPECIFIED.,.F.,
  .F.,(2,2),(0.,1.414213562373),.PIECEWISE_BEZIER_KNOTS.);
#8808 = CARTESIAN_POINT('',(-6.28318530718,0.));
#8809 = CARTESIAN_POINT('',(-6.28318530718,-1.));
#8810 = ( GEOMETRIC_REPRESENTATION_CONTEXT(2) 
PARAMETRIC_REPRESENTATION_CONTEXT() REPRESENTATION_CONTEXT('2D SPACE',''
  ) );
#8811 = ORIENTED_EDGE('',*,*,#8680,.T.);
#8812 = ORIENTED_EDGE('',*,*,#8791,.T.);
#8813 = ORIENTED_EDGE('',*,*,#8814,.F.);
#8814 = EDGE_CURVE('',#8792,#8792,#8815,.T.);
#8815 = SURFACE_CURVE('',#8816,(#8821,#8828),.PCURVE_S1.);
#8816 = CIRCLE('',#8817,4.);
#8817 = AXIS2_PLACEMENT_3D('',#8818,#8819,#8820);
#8818 = CARTESIAN_POINT('',(0.,0.,7.));
#8819 = DIRECTION('',(0.,0.,1.));
#8820 = DIRECTION('',(1.,0.,-0.));
#8821 = PCURVE('',#8695,#8822);
#8822 = DEFINITIONAL_REPRESENTATION('',(#8823),#8827);
#8823 = LINE('',#8824,#8825);
#8824 = CARTESIAN_POINT('',(-0.,-1.));
#8825 = VECTOR('',#8826,1.);
#8826 = DIRECTION('',(-1.,-0.));
#8827 = ( GEOMETRIC_REPRESENTATION_CONTEXT(2) 
PARAMETRIC_REPRESENTATION_CONTEXT() REPRESENTATION_CONTEXT('2D SPACE',''
  ) );
#8828 = PCURVE('',#8829,#8834);
#8829 = PLANE('',#8830);
#8830 = AXIS2_PLACEMENT_3D('',#8831,#8832,#8833);
#8831 = CARTESIAN_POINT('',(0.,0.,7.));
#8832 = DIRECTION('',(0.,0.,1.));
#8833 = DIRECTION('',(1.,0.,0.));
#8834 = DEFINITIONAL_REPRESENTATION('',(#8835),#8839);
#8835 = CIRCLE('',#8836,4.);
#8836 = AXIS2_PLACEMENT_2D('',#8837,#8838);
#8837 = CARTESIAN_POINT('',(0.,0.));
#8838 = DIRECTION('',(1.,0.));
#8839 = ( GEOMETRIC_REPRESENTATION_CONTEXT(2) 
PARAMETRIC_REPRESENTATION_CONTEXT() REPRESENTATION_CONTEXT('2D SPACE',''
  ) );
#8840 = ADVANCED_FACE('',(#8841),#8776,.F.);
#8841 = FACE_BOUND('',#8842,.F.);
#8842 = EDGE_LOOP('',(#8843));
#8843 = ORIENTED_EDGE('',*,*,#8761,.T.);
#8844 = ADVANCED_FACE('',(#8845),#8829,.T.);
#8845 = FACE_BOUND('',#8846,.T.);
#8846 = EDGE_LOOP('',(#8847));
#8847 = ORIENTED_EDGE('',*,*,#8814,.T.);
#8848 = ( GEOMETRIC_REPRESENTATION_CONTEXT(3) 
GLOBAL_UNCERTAINTY_ASSIGNED_CONTEXT((#8852)) 
GLOBAL_UNIT_ASSIGNED_CONTEXT((#8849,#8850,#8851)) REPRESENTATION_CONTEXT
('Context #1','3D Context with UNIT and UNCERTAINTY') );
#8849 = ( LENGTH_UNIT() NAMED_UNIT(*) SI_UNIT(.MILLI.,.METRE.) );
#8850 = ( NAMED_UNIT(*) PLANE_ANGLE_UNIT() SI_UNIT($,.RADIAN.) );
#8851 = ( NAMED_UNIT(*) SI_UNIT($,.STERADIAN.) SOLID_ANGLE_UNIT() );
#8852 = UNCERTAINTY_MEASURE_WITH_UNIT(LENGTH_MEASURE(1.E-07),#8849,
  'distance_accuracy_value','confusion accuracy');
#8853 = CONTEXT_DEPENDENT_SHAPE_REPRESENTATION(#8854,#8856);
#8854 = ( REPRESENTATION_RELATIONSHIP('','',#8643,#10) 
REPRESENTATION_RELATIONSHIP_WITH_TRANSFORMATION(#8855) 
SHAPE_REPRESENTATION_RELATIONSHIP() );
#8855 = ITEM_DEFINED_TRANSFORMATION('','',#11,#75);
#8856 = PRODUCT_DEFINITION_SHAPE('Placement','Placement of an item',
  #8857);
#8857 = NEXT_ASSEMBLY_USAGE_OCCURRENCE('16','seed_small_07','',#5,#8638,
  $);
#8858 = PRODUCT_RELATED_PRODUCT_CATEGORY('part',$,(#8640));
#8859 = SHAPE_DEFINITION_REPRESENTATION(#8860,#8866);
#8860 = PRODUCT_DEFINITION_SHAPE('','',#8861);
#8861 = PRODUCT_DEFINITION('design','',#8862,#8865);
#8862 = PRODUCT_DEFINITION_FORMATION('','',#8863);
#8863 = PRODUCT('seed_small_08','seed_small_08','',(#8864));
#8864 = PRODUCT_CONTEXT('',#2,'mechanical');
#8865 = PRODUCT_DEFINITION_CONTEXT('part definition',#2,'design');
#8866 = ADVANCED_BREP_SHAPE_REPRESENTATION('',(#11,#8867),#9071);
#8867 = MANIFOLD_SOLID_BREP('',#8868);
#8868 = CLOSED_SHELL('',(#8869,#8957,#9010,#9063,#9067));
#8869 = ADVANCED_FACE('',(#8870),#8884,.T.);
#8870 = FACE_BOUND('',#8871,.T.);
#8871 = EDGE_LOOP('',(#8872,#8902,#8929,#8930));
#8872 = ORIENTED_EDGE('',*,*,#8873,.T.);
#8873 = EDGE_CURVE('',#8874,#8876,#8878,.T.);
#8874 = VERTEX_POINT('',#8875);
#8875 = CARTESIAN_POINT('',(5.,0.,1.));
#8876 = VERTEX_POINT('',#8877);
#8877 = CARTESIAN_POINT('',(5.,0.,6.));
#8878 = SEAM_CURVE('',#8879,(#8883,#8895),.PCURVE_S1.);
#8879 = LINE('',#8880,#8881);
#8880 = CARTESIAN_POINT('',(5.,-1.224646799147E-15,0.));
#8881 = VECTOR('',#8882,1.);
#8882 = DIRECTION('',(0.,0.,1.));
#8883 = PCURVE('',#8884,#8889);
#8884 = CYLINDRICAL_SURFACE('',#8885,5.);
#8885 = AXIS2_PLACEMENT_3D('',#8886,#8887,#8888);
#8886 = CARTESIAN_POINT('',(0.,0.,0.));
#8887 = DIRECTION('',(0.,0.,1.));
#8888 = DIRECTION('',(1.,0.,0.));
#8889 = DEFINITIONAL_REPRESENTATION('',(#8890),#8894);
#8890 = LINE('',#8891,#8892);
#8891 = CARTESIAN_POINT('',(6.28318530718,-0.));
#8892 = VECTOR('',#8893,1.);
#8893 = DIRECTION('',(0.,1.));
#8894 = ( GEOMETRIC_REPRESENTATION_CONTEXT(2) 
PARAMETRIC_REPRESENTATION_CONTEXT() REPRESENTATION_CONTEXT('2D SPACE',''
  ) );
#8895 = PCURVE('',#8884,#8896);
#8896 = DEFINITIONAL_REPRESENTATION('',(#8897),#8901);
#8897 = LINE('',#8898,#8899);
#8898 = CARTESIAN_POINT('',(0.,-0.));
#8899 = VECTOR('',#8900,1.);
#8900 = DIRECTION('',(0.,1.));
#8901 = ( GEOMETRIC_REPRESENTATION_CONTEXT(2) 
PARAMETRIC_REPRESENTATION_CONTEXT() REPRESENTATION_CONTEXT('2D SPACE',''
  ) );
#8902 = ORIENTED_EDGE('',*,*,#8903,.F.);
#8903 = EDGE_CURVE('',#8876,#8876,#8904,.T.);
#8904 = SURFACE_CURVE('',#8905,(#8910,#8917),.PCURVE_S1.);
#8905 = CIRCLE('',#8906,5.);
#8906 = AXIS2_PLACEMENT_3D('',#8907,#8908,#8909);
#8907 = CARTESIAN_POINT('',(0.,0.,6.));
#8908 = DIRECTION('',(0.,0.,1.));
#8909 = DIRECTION('',(1.,0.,-0.));
#8910 = PCURVE('',#8884,#8911);
#8911 = DEFINITIONAL_REPRESENTATION('',(#8912),#8916);
#8912 = LINE('',#8913,#8914);
#8913 = CARTESIAN_POINT('',(0.,6.));
#8914 = VECTOR('',#8915,1.);
#8915 = DIRECTION('',(1.,0.));
#8916 = ( GEOMETRIC_REPRESENTATION_CONTEXT(2) 
PARAMETRIC_REPRESENTATION_CONTEXT() REPRESENTATION_CONTEXT('2D SPACE',''
  ) );
#8917 = PCURVE('',#8918,#8923);
#8918 = CONICAL_SURFACE('',#8919,5.,0.785398163397);
#8919 = AXIS2_PLACEMENT_3D('',#8920,#8921,#8922);
#8920 = CARTESIAN_POINT('',(0.,0.,6.));
#8921 = DIRECTION('',(-0.,-0.,-1.));
#8922 = DIRECTION('',(1.,0.,0.));
#8923 = DEFINITIONAL_REPRESENTATION('',(#8924),#8928);
#8924 = LINE('',#8925,#8926);
#8925 = CARTESIAN_POINT('',(-0.,-0.));
#8926 = VECTOR('',#8927,1.);
#8927 = DIRECTION('',(-1.,-0.));
#8928 = ( GEOMETRIC_REPRESENTATION_CONTEXT(2) 
PARAMETRIC_REPRESENTATION_CONTEXT() REPRESENTATION_CONTEXT('2D SPACE',''
  ) );
#8929 = ORIENTED_EDGE('',*,*,#8873,.F.);
#8930 = ORIENTED_EDGE('',*,*,#8931,.T.);
#8931 = EDGE_CURVE('',#8874,#8874,#8932,.T.);
#8932 = SURFACE_CURVE('',#8933,(#8938,#8945),.PCURVE_S1.);
#8933 = CIRCLE('',#8934,5.);
#8934 = AXIS2_PLACEMENT_3D('',#8935,#8936,#8937);
#8935 = CARTESIAN_POINT('',(0.,0.,1.));
#8936 = DIRECTION('',(0.,0.,1.));
#8937 = DIRECTION('',(1.,0.,-0.));
#8938 = PCURVE('',#8884,#8939);
#8939 = DEFINITIONAL_REPRESENTATION('',(#8940),#8944);
#8940 = LINE('',#8941,#8942);
#8941 = CARTESIAN_POINT('',(0.,1.));
#8942 = VECTOR('',#8943,1.);
#8943 = DIRECTION('',(1.,0.));
#8944 = ( GEOMETRIC_REPRESENTATION_CONTEXT(2) 
PARAMETRIC_REPRESENTATION_CONTEXT() REPRESENTATION_CONTEXT('2D SPACE',''
  ) );
#8945 = PCURVE('',#8946,#8951);
#8946 = CONICAL_SURFACE('',#8947,5.,0.785398163397);
#8947 = AXIS2_PLACEMENT_3D('',#8948,#8949,#8950);
#8948 = CARTESIAN_POINT('',(0.,0.,1.));
#8949 = DIRECTION('',(0.,0.,1.));
#8950 = DIRECTION('',(1.,0.,-0.));
#8951 = DEFINITIONAL_REPRESENTATION('',(#8952),#8956);
#8952 = LINE('',#8953,#8954);
#8953 = CARTESIAN_POINT('',(0.,-0.));
#8954 = VECTOR('',#8955,1.);
#8955 = DIRECTION('',(1.,-0.));
#8956 = ( GEOMETRIC_REPRESENTATION_CONTEXT(2) 
PARAMETRIC_REPRESENTATION_CONTEXT() REPRESENTATION_CONTEXT('2D SPACE',''
  ) );
#8957 = ADVANCED_FACE('',(#8958),#8946,.T.);
#8958 = FACE_BOUND('',#8959,.F.);
#8959 = EDGE_LOOP('',(#8960,#8981,#8982,#8983));
#8960 = ORIENTED_EDGE('',*,*,#8961,.F.);
#8961 = EDGE_CURVE('',#8874,#8962,#8964,.T.);
#8962 = VERTEX_POINT('',#8963);
#8963 = CARTESIAN_POINT('',(4.,0.,0.));
#8964 = SEAM_CURVE('',#8965,(#8969,#8975),.PCURVE_S1.);
#8965 = LINE('',#8966,#8967);
#8966 = CARTESIAN_POINT('',(5.,0.,1.));
#8967 = VECTOR('',#8968,1.);
#8968 = DIRECTION('',(-0.707106781187,-0.,-0.707106781187));
#8969 = PCURVE('',#8946,#8970);
#8970 = DEFINITIONAL_REPRESENTATION('',(#8971),#8974);
#8971 = B_SPLINE_CURVE_WITH_KNOTS('',1,(#8972,#8973),.UNSPECIFIED.,.F.,
  .F.,(2,2),(0.,1.414213562373),.PIECEWISE_BEZIER_KNOTS.);
#8972 = CARTESIAN_POINT('',(0.,0.));
#8973 = CARTESIAN_POINT('',(0.,-1.));
#8974 = ( GEOMETRIC_REPRESENTATION_CONTEXT(2) 
PARAMETRIC_REPRESENTATION_CONTEXT() REPRESENTATION_CONTEXT('2D SPACE',''
  ) );
#8975 = PCURVE('',#8946,#8976);
#8976 = DEFINITIONAL_REPRESENTATION('',(#8977),#8980);
#8977 = B_SPLINE_CURVE_WITH_KNOTS('',1,(#8978,#8979),.UNSPECIFIED.,.F.,
  .F.,(2,2),(0.,1.414213562373),.PIECEWISE_BEZIER_KNOTS.);
#8978 = CARTESIAN_POINT('',(6.28318530718,0.));
#8979 = CARTESIAN_POINT('',(6.28318530718,-1.));
#8980 = ( GEOMETRIC_REPRESENTATION_CONTEXT(2) 
PARAMETRIC_REPRESENTATION_CONTEXT() REPRESENTATION_CONTEXT('2D SPACE',''
  ) );
#8981 = ORIENTED_EDGE('',*,*,#8931,.T.);
#8982 = ORIENTED_EDGE('',*,*,#8961,.T.);
#8983 = ORIENTED_EDGE('',*,*,#8984,.F.);
#8984 = EDGE_CURVE('',#8962,#8962,#8985,.T.);
#8985 = SURFACE_CURVE('',#8986,(#8991,#8998),.PCURVE_S1.);
#8986 = CIRCLE('',#8987,4.);
#8987 = AXIS2_PLACEMENT_3D('',#8988,#8989,#8990);
#8988 = CARTESIAN_POINT('',(0.,0.,0.));
#8989 = DIRECTION('',(0.,0.,1.));
#8990 = DIRECTION('',(1.,0.,-0.));
#8991 = PCURVE('',#8946,#8992);
#8992 = DEFINITIONAL_REPRESENTATION('',(#8993),#8997);
#8993 = LINE('',#8994,#8995);
#8994 = CARTESIAN_POINT('',(0.,-1.));
#8995 = VECTOR('',#8996,1.);
#8996 = DIRECTION('',(1.,-0.));
#8997 = ( GEOMETRIC_REPRESENTATION_CONTEXT(2) 
PARAMETRIC_REPRESENTATION_CONTEXT() REPRESENTATION_CONTEXT('2D SPACE',''
  ) );
#8998 = PCURVE('',#8999,#9004);
#8999 = PLANE('',#9000);
#9000 = AXIS2_PLACEMENT_3D('',#9001,#9002,#9003);
#9001 = CARTESIAN_POINT('',(0.,0.,0.));
#9002 = DIRECTION('',(0.,0.,1.));
#9003 = DIRECTION('',(1.,0.,0.));
#9004 = DEFINITIONAL_REPRESENTATION('',(#9005),#9009);
#9005 = CIRCLE('',#9006,4.);
#9006 = AXIS2_PLACEMENT_2D('',#9007,#9008);
#9007 = CARTESIAN_POINT('',(0.,0.));
#9008 = DIRECTION('',(1.,0.));
#9009 = ( GEOMETRIC_REPRESENTATION_CONTEXT(2) 
PARAMETRIC_REPRESENTATION_CONTEXT() REPRESENTATION_CONTEXT('2D SPACE',''
  ) );
#9010 = ADVANCED_FACE('',(#9011),#8918,.T.);
#9011 = FACE_BOUND('',#9012,.T.);
#9012 = EDGE_LOOP('',(#9013,#9034,#9035,#9036));
#9013 = ORIENTED_EDGE('',*,*,#9014,.F.);
#9014 = EDGE_CURVE('',#8876,#9015,#9017,.T.);
#9015 = VERTEX_POINT('',#9016);
#9016 = CARTESIAN_POINT('',(4.,0.,7.));
#9017 = SEAM_CURVE('',#9018,(#9022,#9028),.PCURVE_S1.);
#9018 = LINE('',#9019,#9020);
#9019 = CARTESIAN_POINT('',(5.,0.,6.));
#9020 = VECTOR('',#9021,1.);
#9021 = DIRECTION('',(-0.707106781187,0.,0.707106781187));
#9022 = PCURVE('',#8918,#9023);
#9023 = DEFINITIONAL_REPRESENTATION('',(#9024),#9027);
#9024 = B_SPLINE_CURVE_WITH_KNOTS('',1,(#9025,#9026),.UNSPECIFIED.,.F.,
  .F.,(2,2),(0.,1.414213562373),.PIECEWISE_BEZIER_KNOTS.);
#9025 = CARTESIAN_POINT('',(0.,0.));
#9026 = CARTESIAN_POINT('',(0.,-1.));
#9027 = ( GEOMETRIC_REPRESENTATION_CONTEXT(2) 
PARAMETRIC_REPRESENTATION_CONTEXT() REPRESENTATION_CONTEXT('2D SPACE',''
  ) );
#9028 = PCURVE('',#8918,#9029);
#9029 = DEFINITIONAL_REPRESENTATION('',(#9030),#9033);
#9030 = B_SPLINE_CURVE_WITH_KNOTS('',1,(#9031,#9032),.UNSPECIFIED.,.F.,
  .F.,(2,2),(0.,1.414213562373),.PIECEWISE_BEZIER_KNOTS.);
#9031 = CARTESIAN_POINT('',(-6.28318530718,0.));
#9032 = CARTESIAN_POINT('',(-6.28318530718,-1.));
#9033 = ( GEOMETRIC_REPRESENTATION_CONTEXT(2) 
PARAMETRIC_REPRESENTATION_CONTEXT() REPRESENTATION_CONTEXT('2D SPACE',''
  ) );
#9034 = ORIENTED_EDGE('',*,*,#8903,.T.);
#9035 = ORIENTED_EDGE('',*,*,#9014,.T.);
#9036 = ORIENTED_EDGE('',*,*,#9037,.F.);
#9037 = EDGE_CURVE('',#9015,#9015,#9038,.T.);
#9038 = SURFACE_CURVE('',#9039,(#9044,#9051),.PCURVE_S1.);
#9039 = CIRCLE('',#9040,4.);
#9040 = AXIS2_PLACEMENT_3D('',#9041,#9042,#9043);
#9041 = CARTESIAN_POINT('',(0.,0.,7.));
#9042 = DIRECTION('',(0.,0.,1.));
#9043 = DIRECTION('',(1.,0.,-0.));
#9044 = PCURVE('',#8918,#9045);
#9045 = DEFINITIONAL_REPRESENTATION('',(#9046),#9050);
#9046 = LINE('',#9047,#9048);
#9047 = CARTESIAN_POINT('',(-0.,-1.));
#9048 = VECTOR('',#9049,1.);
#9049 = DIRECTION('',(-1.,-0.));
#9050 = ( GEOMETRIC_REPRESENTATION_CONTEXT(2) 
PARAMETRIC_REPRESENTATION_CONTEXT() REPRESENTATION_CONTEXT('2D SPACE',''
  ) );
#9051 = PCURVE('',#9052,#9057);
#9052 = PLANE('',#9053);
#9053 = AXIS2_PLACEMENT_3D('',#9054,#9055,#9056);
#9054 = CARTESIAN_POINT('',(0.,0.,7.));
#9055 = DIRECTION('',(0.,0.,1.));
#9056 = DIRECTION('',(1.,0.,0.));
#9057 = DEFINITIONAL_REPRESENTATION('',(#9058),#9062);
#9058 = CIRCLE('',#9059,4.);
#9059 = AXIS2_PLACEMENT_2D('',#9060,#9061);
#9060 = CARTESIAN_POINT('',(0.,0.));
#9061 = DIRECTION('',(1.,0.));
#9062 = ( GEOMETRIC_REPRESENTATION_CONTEXT(2) 
PARAMETRIC_REPRESENTATION_CONTEXT() REPRESENTATION_CONTEXT('2D SPACE',''
  ) );
#9063 = ADVANCED_FACE('',(#9064),#8999,.F.);
#9064 = FACE_BOUND('',#9065,.F.);
#9065 = EDGE_LOOP('',(#9066));
#9066 = ORIENTED_EDGE('',*,*,#8984,.T.);
#9067 = ADVANCED_FACE('',(#9068),#9052,.T.);
#9068 = FACE_BOUND('',#9069,.T.);
#9069 = EDGE_LOOP('',(#9070));
#9070 = ORIENTED_EDGE('',*,*,#9037,.T.);
#9071 = ( GEOMETRIC_REPRESENTATION_CONTEXT(3) 
GLOBAL_UNCERTAINTY_ASSIGNED_CONTEXT((#9075)) 
GLOBAL_UNIT_ASSIGNED_CONTEXT((#9072,#9073,#9074)) REPRESENTATION_CONTEXT
('Context #1','3D Context with UNIT and UNCERTAINTY') );
#9072 = ( LENGTH_UNIT() NAMED_UNIT(*) SI_UNIT(.MILLI.,.METRE.) );
#9073 = ( NAMED_UNIT(*) PLANE_ANGLE_UNIT() SI_UNIT($,.RADIAN.) );
#9074 = ( NAMED_UNIT(*) SI_UNIT($,.STERADIAN.) SOLID_ANGLE_UNIT() );
#9075 = UNCERTAINTY_MEASURE_WITH_UNIT(LENGTH_MEASURE(1.E-07),#9072,
  'distance_accuracy_value','confusion accuracy');
#9076 = CONTEXT_DEPENDENT_SHAPE_REPRESENTATION(#9077,#9079);
#9077 = ( REPRESENTATION_RELATIONSHIP('','',#8866,#10) 
REPRESENTATION_RELATIONSHIP_WITH_TRANSFORMATION(#9078) 
SHAPE_REPRESENTATION_RELATIONSHIP() );
#9078 = ITEM_DEFINED_TRANSFORMATION('','',#11,#79);
#9079 = PRODUCT_DEFINITION_SHAPE('Placement','Placement of an item',
  #9080);
#9080 = NEXT_ASSEMBLY_USAGE_OCCURRENCE('17','seed_small_08','',#5,#8861,
  $);
#9081 = PRODUCT_RELATED_PRODUCT_CATEGORY('part',$,(#8863));
#9082 = SHAPE_DEFINITION_REPRESENTATION(#9083,#9089);
#9083 = PRODUCT_DEFINITION_SHAPE('','',#9084);
#9084 = PRODUCT_DEFINITION('design','',#9085,#9088);
#9085 = PRODUCT_DEFINITION_FORMATION('','',#9086);
#9086 = PRODUCT('seed_small_09','seed_small_09','',(#9087));
#9087 = PRODUCT_CONTEXT('',#2,'mechanical');
#9088 = PRODUCT_DEFINITION_CONTEXT('part definition',#2,'design');
#9089 = ADVANCED_BREP_SHAPE_REPRESENTATION('',(#11,#9090),#9294);
#9090 = MANIFOLD_SOLID_BREP('',#9091);
#9091 = CLOSED_SHELL('',(#9092,#9180,#9233,#9286,#9290));
#9092 = ADVANCED_FACE('',(#9093),#9107,.T.);
#9093 = FACE_BOUND('',#9094,.T.);
#9094 = EDGE_LOOP('',(#9095,#9125,#9152,#9153));
#9095 = ORIENTED_EDGE('',*,*,#9096,.T.);
#9096 = EDGE_CURVE('',#9097,#9099,#9101,.T.);
#9097 = VERTEX_POINT('',#9098);
#9098 = CARTESIAN_POINT('',(5.,0.,1.));
#9099 = VERTEX_POINT('',#9100);
#9100 = CARTESIAN_POINT('',(5.,0.,6.));
#9101 = SEAM_CURVE('',#9102,(#9106,#9118),.PCURVE_S1.);
#9102 = LINE('',#9103,#9104);
#9103 = CARTESIAN_POINT('',(5.,-1.224646799147E-15,0.));
#9104 = VECTOR('',#9105,1.);
#9105 = DIRECTION('',(0.,0.,1.));
#9106 = PCURVE('',#9107,#9112);
#9107 = CYLINDRICAL_SURFACE('',#9108,5.);
#9108 = AXIS2_PLACEMENT_3D('',#9109,#9110,#9111);
#9109 = CARTESIAN_POINT('',(0.,0.,0.));
#9110 = DIRECTION('',(0.,0.,1.));
#9111 = DIRECTION('',(1.,0.,0.));
#9112 = DEFINITIONAL_REPRESENTATION('',(#9113),#9117);
#9113 = LINE('',#9114,#9115);
#9114 = CARTESIAN_POINT('',(6.28318530718,-0.));
#9115 = VECTOR('',#9116,1.);
#9116 = DIRECTION('',(0.,1.));
#9117 = ( GEOMETRIC_REPRESENTATION_CONTEXT(2) 
PARAMETRIC_REPRESENTATION_CONTEXT() REPRESENTATION_CONTEXT('2D SPACE',''
  ) );
#9118 = PCURVE('',#9107,#9119);
#9119 = DEFINITIONAL_REPRESENTATION('',(#9120),#9124);
#9120 = LINE('',#9121,#9122);
#9121 = CARTESIAN_POINT('',(0.,-0.));
#9122 = VECTOR('',#9123,1.);
#9123 = DIRECTION('',(0.,1.));
#9124 = ( GEOMETRIC_REPRESENTATION_CONTEXT(2) 
PARAMETRIC_REPRESENTATION_CONTEXT() REPRESENTATION_CONTEXT('2D SPACE',''
  ) );
#9125 = ORIENTED_EDGE('',*,*,#9126,.F.);
#9126 = EDGE_CURVE('',#9099,#9099,#9127,.T.);
#9127 = SURFACE_CURVE('',#9128,(#9133,#9140),.PCURVE_S1.);
#9128 = CIRCLE('',#9129,5.);
#9129 = AXIS2_PLACEMENT_3D('',#9130,#9131,#9132);
#9130 = CARTESIAN_POINT('',(0.,0.,6.));
#9131 = DIRECTION('',(0.,0.,1.));
#9132 = DIRECTION('',(1.,0.,-0.));
#9133 = PCURVE('',#9107,#9134);
#9134 = DEFINITIONAL_REPRESENTATION('',(#9135),#9139);
#9135 = LINE('',#9136,#9137);
#9136 = CARTESIAN_POINT('',(0.,6.));
#9137 = VECTOR('',#9138,1.);
#9138 = DIRECTION('',(1.,0.));
#9139 = ( GEOMETRIC_REPRESENTATION_CONTEXT(2) 
PARAMETRIC_REPRESENTATION_CONTEXT() REPRESENTATION_CONTEXT('2D SPACE',''
  ) );
#9140 = PCURVE('',#9141,#9146);
#9141 = CONICAL_SURFACE('',#9142,5.,0.785398163397);
#9142 = AXIS2_PLACEMENT_3D('',#9143,#9144,#9145);
#9143 = CARTESIAN_POINT('',(0.,0.,6.));
#9144 = DIRECTION('',(-0.,-0.,-1.));
#9145 = DIRECTION('',(1.,0.,0.));
#9146 = DEFINITIONAL_REPRESENTATION('',(#9147),#9151);
#9147 = LINE('',#9148,#9149);
#9148 = CARTESIAN_POINT('',(-0.,-0.));
#9149 = VECTOR('',#9150,1.);
#9150 = DIRECTION('',(-1.,-0.));
#9151 = ( GEOMETRIC_REPRESENTATION_CONTEXT(2) 
PARAMETRIC_REPRESENTATION_CONTEXT() REPRESENTATION_CONTEXT('2D SPACE',''
  ) );
#9152 = ORIENTED_EDGE('',*,*,#9096,.F.);
#9153 = ORIENTED_EDGE('',*,*,#9154,.T.);
#9154 = EDGE_CURVE('',#9097,#9097,#9155,.T.);
#9155 = SURFACE_CURVE('',#9156,(#9161,#9168),.PCURVE_S1.);
#9156 = CIRCLE('',#9157,5.);
#9157 = AXIS2_PLACEMENT_3D('',#9158,#9159,#9160);
#9158 = CARTESIAN_POINT('',(0.,0.,1.));
#9159 = DIRECTION('',(0.,0.,1.));
#9160 = DIRECTION('',(1.,0.,-0.));
#9161 = PCURVE('',#9107,#9162);
#9162 = DEFINITIONAL_REPRESENTATION('',(#9163),#9167);
#9163 = LINE('',#9164,#9165);
#9164 = CARTESIAN_POINT('',(0.,1.));
#9165 = VECTOR('',#9166,1.);
#9166 = DIRECTION('',(1.,0.));
#9167 = ( GEOMETRIC_REPRESENTATION_CONTEXT(2) 
PARAMETRIC_REPRESENTATION_CONTEXT() REPRESENTATION_CONTEXT('2D SPACE',''
  ) );
#9168 = PCURVE('',#9169,#9174);
#9169 = CONICAL_SURFACE('',#9170,5.,0.785398163397);
#9170 = AXIS2_PLACEMENT_3D('',#9171,#9172,#9173);
#9171 = CARTESIAN_POINT('',(0.,0.,1.));
#9172 = DIRECTION('',(0.,0.,1.));
#9173 = DIRECTION('',(1.,0.,-0.));
#9174 = DEFINITIONAL_REPRESENTATION('',(#9175),#9179);
#9175 = LINE('',#9176,#9177);
#9176 = CARTESIAN_POINT('',(0.,-0.));
#9177 = VECTOR('',#9178,1.);
#9178 = DIRECTION('',(1.,-0.));
#9179 = ( GEOMETRIC_REPRESENTATION_CONTEXT(2) 
PARAMETRIC_REPRESENTATION_CONTEXT() REPRESENTATION_CONTEXT('2D SPACE',''
  ) );
#9180 = ADVANCED_FACE('',(#9181),#9169,.T.);
#9181 = FACE_BOUND('',#9182,.F.);
#9182 = EDGE_LOOP('',(#9183,#9204,#9205,#9206));
#9183 = ORIENTED_EDGE('',*,*,#9184,.F.);
#9184 = EDGE_CURVE('',#9097,#9185,#9187,.T.);
#9185 = VERTEX_POINT('',#9186);
#9186 = CARTESIAN_POINT('',(4.,0.,0.));
#9187 = SEAM_CURVE('',#9188,(#9192,#9198),.PCURVE_S1.);
#9188 = LINE('',#9189,#9190);
#9189 = CARTESIAN_POINT('',(5.,0.,1.));
#9190 = VECTOR('',#9191,1.);
#9191 = DIRECTION('',(-0.707106781187,-0.,-0.707106781187));
#9192 = PCURVE('',#9169,#9193);
#9193 = DEFINITIONAL_REPRESENTATION('',(#9194),#9197);
#9194 = B_SPLINE_CURVE_WITH_KNOTS('',1,(#9195,#9196),.UNSPECIFIED.,.F.,
  .F.,(2,2),(0.,1.414213562373),.PIECEWISE_BEZIER_KNOTS.);
#9195 = CARTESIAN_POINT('',(0.,0.));
#9196 = CARTESIAN_POINT('',(0.,-1.));
#9197 = ( GEOMETRIC_REPRESENTATION_CONTEXT(2) 
PARAMETRIC_REPRESENTATION_CONTEXT() REPRESENTATION_CONTEXT('2D SPACE',''
  ) );
#9198 = PCURVE('',#9169,#9199);
#9199 = DEFINITIONAL_REPRESENTATION('',(#9200),#9203);
#9200 = B_SPLINE_CURVE_WITH_KNOTS('',1,(#9201,#9202),.UNSPECIFIED.,.F.,
  .F.,(2,2),(0.,1.414213562373),.PIECEWISE_BEZIER_KNOTS.);
#9201 = CARTESIAN_POINT('',(6.28318530718,0.));
#9202 = CARTESIAN_POINT('',(6.28318530718,-1.));
#9203 = ( GEOMETRIC_REPRESENTATION_CONTEXT(2) 
PARAMETRIC_REPRESENTATION_CONTEXT() REPRESENTATION_CONTEXT('2D SPACE',''
  ) );
#9204 = ORIENTED_EDGE('',*,*,#9154,.T.);
#9205 = ORIENTED_EDGE('',*,*,#9184,.T.);
#9206 = ORIENTED_EDGE('',*,*,#9207,.F.);
#9207 = EDGE_CURVE('',#9185,#9185,#9208,.T.);
#9208 = SURFACE_CURVE('',#9209,(#9214,#9221),.PCURVE_S1.);
#9209 = CIRCLE('',#9210,4.);
#9210 = AXIS2_PLACEMENT_3D('',#9211,#9212,#9213);
#9211 = CARTESIAN_POINT('',(0.,0.,0.));
#9212 = DIRECTION('',(0.,0.,1.));
#9213 = DIRECTION('',(1.,0.,-0.));
#9214 = PCURVE('',#9169,#9215);
#9215 = DEFINITIONAL_REPRESENTATION('',(#9216),#9220);
#9216 = LINE('',#9217,#9218);
#9217 = CARTESIAN_POINT('',(0.,-1.));
#9218 = VECTOR('',#9219,1.);
#9219 = DIRECTION('',(1.,-0.));
#9220 = ( GEOMETRIC_REPRESENTATION_CONTEXT(2) 
PARAMETRIC_REPRESENTATION_CONTEXT() REPRESENTATION_CONTEXT('2D SPACE',''
  ) );
#9221 = PCURVE('',#9222,#9227);
#9222 = PLANE('',#9223);
#9223 = AXIS2_PLACEMENT_3D('',#9224,#9225,#9226);
#9224 = CARTESIAN_POINT('',(0.,0.,0.));
#9225 = DIRECTION('',(0.,0.,1.));
#9226 = DIRECTION('',(1.,0.,0.));
#9227 = DEFINITIONAL_REPRESENTATION('',(#9228),#9232);
#9228 = CIRCLE('',#9229,4.);
#9229 = AXIS2_PLACEMENT_2D('',#9230,#9231);
#9230 = CARTESIAN_POINT('',(0.,0.));
#9231 = DIRECTION('',(1.,0.));
#9232 = ( GEOMETRIC_REPRESENTATION_CONTEXT(2) 
PARAMETRIC_REPRESENTATION_CONTEXT() REPRESENTATION_CONTEXT('2D SPACE',''
  ) );
#9233 = ADVANCED_FACE('',(#9234),#9141,.T.);
#9234 = FACE_BOUND('',#9235,.T.);
#9235 = EDGE_LOOP('',(#9236,#9257,#9258,#9259));
#9236 = ORIENTED_EDGE('',*,*,#9237,.F.);
#9237 = EDGE_CURVE('',#9099,#9238,#9240,.T.);
#9238 = VERTEX_POINT('',#9239);
#9239 = CARTESIAN_POINT('',(4.,0.,7.));
#9240 = SEAM_CURVE('',#9241,(#9245,#9251),.PCURVE_S1.);
#9241 = LINE('',#9242,#9243);
#9242 = CARTESIAN_POINT('',(5.,0.,6.));
#9243 = VECTOR('',#9244,1.);
#9244 = DIRECTION('',(-0.707106781187,0.,0.707106781187));
#9245 = PCURVE('',#9141,#9246);
#9246 = DEFINITIONAL_REPRESENTATION('',(#9247),#9250);
#9247 = B_SPLINE_CURVE_WITH_KNOTS('',1,(#9248,#9249),.UNSPECIFIED.,.F.,
  .F.,(2,2),(0.,1.414213562373),.PIECEWISE_BEZIER_KNOTS.);
#9248 = CARTESIAN_POINT('',(0.,0.));
#9249 = CARTESIAN_POINT('',(0.,-1.));
#9250 = ( GEOMETRIC_REPRESENTATION_CONTEXT(2) 
PARAMETRIC_REPRESENTATION_CONTEXT() REPRESENTATION_CONTEXT('2D SPACE',''
  ) );
#9251 = PCURVE('',#9141,#9252);
#9252 = DEFINITIONAL_REPRESENTATION('',(#9253),#9256);
#9253 = B_SPLINE_CURVE_WITH_KNOTS('',1,(#9254,#9255),.UNSPECIFIED.,.F.,
  .F.,(2,2),(0.,1.414213562373),.PIECEWISE_BEZIER_KNOTS.);
#9254 = CARTESIAN_POINT('',(-6.28318530718,0.));
#9255 = CARTESIAN_POINT('',(-6.28318530718,-1.));
#9256 = ( GEOMETRIC_REPRESENTATION_CONTEXT(2) 
PARAMETRIC_REPRESENTATION_CONTEXT() REPRESENTATION_CONTEXT('2D SPACE',''
  ) );
#9257 = ORIENTED_EDGE('',*,*,#9126,.T.);
#9258 = ORIENTED_EDGE('',*,*,#9237,.T.);
#9259 = ORIENTED_EDGE('',*,*,#9260,.F.);
#9260 = EDGE_CURVE('',#9238,#9238,#9261,.T.);
#9261 = SURFACE_CURVE('',#9262,(#9267,#9274),.PCURVE_S1.);
#9262 = CIRCLE('',#9263,4.);
#9263 = AXIS2_PLACEMENT_3D('',#9264,#9265,#9266);
#9264 = CARTESIAN_POINT('',(0.,0.,7.));
#9265 = DIRECTION('',(0.,0.,1.));
#9266 = DIRECTION('',(1.,0.,-0.));
#9267 = PCURVE('',#9141,#9268);
#9268 = DEFINITIONAL_REPRESENTATION('',(#9269),#9273);
#9269 = LINE('',#9270,#9271);
#9270 = CARTESIAN_POINT('',(-0.,-1.));
#9271 = VECTOR('',#9272,1.);
#9272 = DIRECTION('',(-1.,-0.));
#9273 = ( GEOMETRIC_REPRESENTATION_CONTEXT(2) 
PARAMETRIC_REPRESENTATION_CONTEXT() REPRESENTATION_CONTEXT('2D SPACE',''
  ) );
#9274 = PCURVE('',#9275,#9280);
#9275 = PLANE('',#9276);
#9276 = AXIS2_PLACEMENT_3D('',#9277,#9278,#9279);
#9277 = CARTESIAN_POINT('',(0.,0.,7.));
#9278 = DIRECTION('',(0.,0.,1.));
#9279 = DIRECTION('',(1.,0.,0.));
#9280 = DEFINITIONAL_REPRESENTATION('',(#9281),#9285);
#9281 = CIRCLE('',#9282,4.);
#9282 = AXIS2_PLACEMENT_2D('',#9283,#9284);
#9283 = CARTESIAN_POINT('',(0.,0.));
#9284 = DIRECTION('',(1.,0.));
#9285 = ( GEOMETRIC_REPRESENTATION_CONTEXT(2) 
PARAMETRIC_REPRESENTATION_CONTEXT() REPRESENTATION_CONTEXT('2D SPACE',''
  ) );
#9286 = ADVANCED_FACE('',(#9287),#9222,.F.);
#9287 = FACE_BOUND('',#9288,.F.);
#9288 = EDGE_LOOP('',(#9289));
#9289 = ORIENTED_EDGE('',*,*,#9207,.T.);
#9290 = ADVANCED_FACE('',(#9291),#9275,.T.);
#9291 = FACE_BOUND('',#9292,.T.);
#9292 = EDGE_LOOP('',(#9293));
#9293 = ORIENTED_EDGE('',*,*,#9260,.T.);
#9294 = ( GEOMETRIC_REPRESENTATION_CONTEXT(3) 
GLOBAL_UNCERTAINTY_ASSIGNED_CONTEXT((#9298)) 
GLOBAL_UNIT_ASSIGNED_CONTEXT((#9295,#9296,#9297)) REPRESENTATION_CONTEXT
('Context #1','3D Context with UNIT and UNCERTAINTY') );
#9295 = ( LENGTH_UNIT() NAMED_UNIT(*) SI_UNIT(.MILLI.,.METRE.) );
#9296 = ( NAMED_UNIT(*) PLANE_ANGLE_UNIT() SI_UNIT($,.RADIAN.) );
#9297 = ( NAMED_UNIT(*) SI_UNIT($,.STERADIAN.) SOLID_ANGLE_UNIT() );
#9298 = UNCERTAINTY_MEASURE_WITH_UNIT(LENGTH_MEASURE(1.E-07),#9295,
  'distance_accuracy_value','confusion accuracy');
#9299 = CONTEXT_DEPENDENT_SHAPE_REPRESENTATION(#9300,#9302);
#9300 = ( REPRESENTATION_RELATIONSHIP('','',#9089,#10) 
REPRESENTATION_RELATIONSHIP_WITH_TRANSFORMATION(#9301) 
SHAPE_REPRESENTATION_RELATIONSHIP() );
#9301 = ITEM_DEFINED_TRANSFORMATION('','',#11,#83);
#9302 = PRODUCT_DEFINITION_SHAPE('Placement','Placement of an item',
  #9303);
#9303 = NEXT_ASSEMBLY_USAGE_OCCURRENCE('18','seed_small_09','',#5,#9084,
  $);
#9304 = PRODUCT_RELATED_PRODUCT_CATEGORY('part',$,(#9086));
#9305 = SHAPE_DEFINITION_REPRESENTATION(#9306,#9312);
#9306 = PRODUCT_DEFINITION_SHAPE('','',#9307);
#9307 = PRODUCT_DEFINITION('design','',#9308,#9311);
#9308 = PRODUCT_DEFINITION_FORMATION('','',#9309);
#9309 = PRODUCT('seed_small_10','seed_small_10','',(#9310));
#9310 = PRODUCT_CONTEXT('',#2,'mechanical');
#9311 = PRODUCT_DEFINITION_CONTEXT('part definition',#2,'design');
#9312 = ADVANCED_BREP_SHAPE_REPRESENTATION('',(#11,#9313),#9517);
#9313 = MANIFOLD_SOLID_BREP('',#9314);
#9314 = CLOSED_SHELL('',(#9315,#9403,#9456,#9509,#9513));
#9315 = ADVANCED_FACE('',(#9316),#9330,.T.);
#9316 = FACE_BOUND('',#9317,.T.);
#9317 = EDGE_LOOP('',(#9318,#9348,#9375,#9376));
#9318 = ORIENTED_EDGE('',*,*,#9319,.T.);
#9319 = EDGE_CURVE('',#9320,#9322,#9324,.T.);
#9320 = VERTEX_POINT('',#9321);
#9321 = CARTESIAN_POINT('',(5.,0.,1.));
#9322 = VERTEX_POINT('',#9323);
#9323 = CARTESIAN_POINT('',(5.,0.,6.));
#9324 = SEAM_CURVE('',#9325,(#9329,#9341),.PCURVE_S1.);
#9325 = LINE('',#9326,#9327);
#9326 = CARTESIAN_POINT('',(5.,-1.224646799147E-15,0.));
#9327 = VECTOR('',#9328,1.);
#9328 = DIRECTION('',(0.,0.,1.));
#9329 = PCURVE('',#9330,#9335);
#9330 = CYLINDRICAL_SURFACE('',#9331,5.);
#9331 = AXIS2_PLACEMENT_3D('',#9332,#9333,#9334);
#9332 = CARTESIAN_POINT('',(0.,0.,0.));
#9333 = DIRECTION('',(0.,0.,1.));
#9334 = DIRECTION('',(1.,0.,0.));
#9335 = DEFINITIONAL_REPRESENTATION('',(#9336),#9340);
#9336 = LINE('',#9337,#9338);
#9337 = CARTESIAN_POINT('',(6.28318530718,-0.));
#9338 = VECTOR('',#9339,1.);
#9339 = DIRECTION('',(0.,1.));
#9340 = ( GEOMETRIC_REPRESENTATION_CONTEXT(2) 
PARAMETRIC_REPRESENTATION_CONTEXT() REPRESENTATION_CONTEXT('2D SPACE',''
  ) );
#9341 = PCURVE('',#9330,#9342);
#9342 = DEFINITIONAL_REPRESENTATION('',(#9343),#9347);
#9343 = LINE('',#9344,#9345);
#9344 = CARTESIAN_POINT('',(0.,-0.));
#9345 = VECTOR('',#9346,1.);
#9346 = DIRECTION('',(0.,1.));
#9347 = ( GEOMETRIC_REPRESENTATION_CONTEXT(2) 
PARAMETRIC_REPRESENTATION_CONTEXT() REPRESENTATION_CONTEXT('2D SPACE',''
  ) );
#9348 = ORIENTED_EDGE('',*,*,#9349,.F.);
#9349 = EDGE_CURVE('',#9322,#9322,#9350,.T.);
#9350 = SURFACE_CURVE('',#9351,(#9356,#9363),.PCURVE_S1.);
#9351 = CIRCLE('',#9352,5.);
#9352 = AXIS2_PLACEMENT_3D('',#9353,#9354,#9355);
#9353 = CARTESIAN_POINT('',(0.,0.,6.));
#9354 = DIRECTION('',(0.,0.,1.));
#9355 = DIRECTION('',(1.,0.,-0.));
#9356 = PCURVE('',#9330,#9357);
#9357 = DEFINITIONAL_REPRESENTATION('',(#9358),#9362);
#9358 = LINE('',#9359,#9360);
#9359 = CARTESIAN_POINT('',(0.,6.));
#9360 = VECTOR('',#9361,1.);
#9361 = DIRECTION('',(1.,0.));
#9362 = ( GEOMETRIC_REPRESENTATION_CONTEXT(2) 
PARAMETRIC_REPRESENTATION_CONTEXT() REPRESENTATION_CONTEXT('2D SPACE',''
  ) );
#9363 = PCURVE('',#9364,#9369);
#9364 = CONICAL_SURFACE('',#9365,5.,0.785398163397);
#9365 = AXIS2_PLACEMENT_3D('',#9366,#9367,#9368);
#9366 = CARTESIAN_POINT('',(0.,0.,6.));
#9367 = DIRECTION('',(-0.,-0.,-1.));
#9368 = DIRECTION('',(1.,0.,0.));
#9369 = DEFINITIONAL_REPRESENTATION('',(#9370),#9374);
#9370 = LINE('',#9371,#9372);
#9371 = CARTESIAN_POINT('',(-0.,-0.));
#9372 = VECTOR('',#9373,1.);
#9373 = DIRECTION('',(-1.,-0.));
#9374 = ( GEOMETRIC_REPRESENTATION_CONTEXT(2) 
PARAMETRIC_REPRESENTATION_CONTEXT() REPRESENTATION_CONTEXT('2D SPACE',''
  ) );
#9375 = ORIENTED_EDGE('',*,*,#9319,.F.);
#9376 = ORIENTED_EDGE('',*,*,#9377,.T.);
#9377 = EDGE_CURVE('',#9320,#9320,#9378,.T.);
#9378 = SURFACE_CURVE('',#9379,(#9384,#9391),.PCURVE_S1.);
#9379 = CIRCLE('',#9380,5.);
#9380 = AXIS2_PLACEMENT_3D('',#9381,#9382,#9383);
#9381 = CARTESIAN_POINT('',(0.,0.,1.));
#9382 = DIRECTION('',(0.,0.,1.));
#9383 = DIRECTION('',(1.,0.,-0.));
#9384 = PCURVE('',#9330,#9385);
#9385 = DEFINITIONAL_REPRESENTATION('',(#9386),#9390);
#9386 = LINE('',#9387,#9388);
#9387 = CARTESIAN_POINT('',(0.,1.));
#9388 = VECTOR('',#9389,1.);
#9389 = DIRECTION('',(1.,0.));
#9390 = ( GEOMETRIC_REPRESENTATION_CONTEXT(2) 
PARAMETRIC_REPRESENTATION_CONTEXT() REPRESENTATION_CONTEXT('2D SPACE',''
  ) );
#9391 = PCURVE('',#9392,#9397);
#9392 = CONICAL_SURFACE('',#9393,5.,0.785398163397);
#9393 = AXIS2_PLACEMENT_3D('',#9394,#9395,#9396);
#9394 = CARTESIAN_POINT('',(0.,0.,1.));
#9395 = DIRECTION('',(0.,0.,1.));
#9396 = DIRECTION('',(1.,0.,-0.));
#9397 = DEFINITIONAL_REPRESENTATION('',(#9398),#9402);
#9398 = LINE('',#9399,#9400);
#9399 = CARTESIAN_POINT('',(0.,-0.));
#9400 = VECTOR('',#9401,1.);
#9401 = DIRECTION('',(1.,-0.));
#9402 = ( GEOMETRIC_REPRESENTATION_CONTEXT(2) 
PARAMETRIC_REPRESENTATION_CONTEXT() REPRESENTATION_CONTEXT('2D SPACE',''
  ) );
#9403 = ADVANCED_FACE('',(#9404),#9392,.T.);
#9404 = FACE_BOUND('',#9405,.F.);
#9405 = EDGE_LOOP('',(#9406,#9427,#9428,#9429));
#9406 = ORIENTED_EDGE('',*,*,#9407,.F.);
#9407 = EDGE_CURVE('',#9320,#9408,#9410,.T.);
#9408 = VERTEX_POINT('',#9409);
#9409 = CARTESIAN_POINT('',(4.,0.,0.));
#9410 = SEAM_CURVE('',#9411,(#9415,#9421),.PCURVE_S1.);
#9411 = LINE('',#9412,#9413);
#9412 = CARTESIAN_POINT('',(5.,0.,1.));
#9413 = VECTOR('',#9414,1.);
#9414 = DIRECTION('',(-0.707106781187,-0.,-0.707106781187));
#9415 = PCURVE('',#9392,#9416);
#9416 = DEFINITIONAL_REPRESENTATION('',(#9417),#9420);
#9417 = B_SPLINE_CURVE_WITH_KNOTS('',1,(#9418,#9419),.UNSPECIFIED.,.F.,
  .F.,(2,2),(0.,1.414213562373),.PIECEWISE_BEZIER_KNOTS.);
#9418 = CARTESIAN_POINT('',(0.,0.));
#9419 = CARTESIAN_POINT('',(0.,-1.));
#9420 = ( GEOMETRIC_REPRESENTATION_CONTEXT(2) 
PARAMETRIC_REPRESENTATION_CONTEXT() REPRESENTATION_CONTEXT('2D SPACE',''
  ) );
#9421 = PCURVE('',#9392,#9422);
#9422 = DEFINITIONAL_REPRESENTATION('',(#9423),#9426);
#9423 = B_SPLINE_CURVE_WITH_KNOTS('',1,(#9424,#9425),.UNSPECIFIED.,.F.,
  .F.,(2,2),(0.,1.414213562373),.PIECEWISE_BEZIER_KNOTS.);
#9424 = CARTESIAN_POINT('',(6.28318530718,0.));
#9425 = CARTESIAN_POINT('',(6.28318530718,-1.));
#9426 = ( GEOMETRIC_REPRESENTATION_CONTEXT(2) 
PARAMETRIC_REPRESENTATION_CONTEXT() REPRESENTATION_CONTEXT('2D SPACE',''
  ) );
#9427 = ORIENTED_EDGE('',*,*,#9377,.T.);
#9428 = ORIENTED_EDGE('',*,*,#9407,.T.);
#9429 = ORIENTED_EDGE('',*,*,#9430,.F.);
#9430 = EDGE_CURVE('',#9408,#9408,#9431,.T.);
#9431 = SURFACE_CURVE('',#9432,(#9437,#9444),.PCURVE_S1.);
#9432 = CIRCLE('',#9433,4.);
#9433 = AXIS2_PLACEMENT_3D('',#9434,#9435,#9436);
#9434 = CARTESIAN_POINT('',(0.,0.,0.));
#9435 = DIRECTION('',(0.,0.,1.));
#9436 = DIRECTION('',(1.,0.,-0.));
#9437 = PCURVE('',#9392,#9438);
#9438 = DEFINITIONAL_REPRESENTATION('',(#9439),#9443);
#9439 = LINE('',#9440,#9441);
#9440 = CARTESIAN_POINT('',(0.,-1.));
#9441 = VECTOR('',#9442,1.);
#9442 = DIRECTION('',(1.,-0.));
#9443 = ( GEOMETRIC_REPRESENTATION_CONTEXT(2) 
PARAMETRIC_REPRESENTATION_CONTEXT() REPRESENTATION_CONTEXT('2D SPACE',''
  ) );
#9444 = PCURVE('',#9445,#9450);
#9445 = PLANE('',#9446);
#9446 = AXIS2_PLACEMENT_3D('',#9447,#9448,#9449);
#9447 = CARTESIAN_POINT('',(0.,0.,0.));
#9448 = DIRECTION('',(0.,0.,1.));
#9449 = DIRECTION('',(1.,0.,0.));
#9450 = DEFINITIONAL_REPRESENTATION('',(#9451),#9455);
#9451 = CIRCLE('',#9452,4.);
#9452 = AXIS2_PLACEMENT_2D('',#9453,#9454);
#9453 = CARTESIAN_POINT('',(0.,0.));
#9454 = DIRECTION('',(1.,0.));
#9455 = ( GEOMETRIC_REPRESENTATION_CONTEXT(2) 
PARAMETRIC_REPRESENTATION_CONTEXT() REPRESENTATION_CONTEXT('2D SPACE',''
  ) );
#9456 = ADVANCED_FACE('',(#9457),#9364,.T.);
#9457 = FACE_BOUND('',#9458,.T.);
#9458 = EDGE_LOOP('',(#9459,#9480,#9481,#9482));
#9459 = ORIENTED_EDGE('',*,*,#9460,.F.);
#9460 = EDGE_CURVE('',#9322,#9461,#9463,.T.);
#9461 = VERTEX_POINT('',#9462);
#9462 = CARTESIAN_POINT('',(4.,0.,7.));
#9463 = SEAM_CURVE('',#9464,(#9468,#9474),.PCURVE_S1.);
#9464 = LINE('',#9465,#9466);
#9465 = CARTESIAN_POINT('',(5.,0.,6.));
#9466 = VECTOR('',#9467,1.);
#9467 = DIRECTION('',(-0.707106781187,0.,0.707106781187));
#9468 = PCURVE('',#9364,#9469);
#9469 = DEFINITIONAL_REPRESENTATION('',(#9470),#9473);
#9470 = B_SPLINE_CURVE_WITH_KNOTS('',1,(#9471,#9472),.UNSPECIFIED.,.F.,
  .F.,(2,2),(0.,1.414213562373),.PIECEWISE_BEZIER_KNOTS.);
#9471 = CARTESIAN_POINT('',(0.,0.));
#9472 = CARTESIAN_POINT('',(0.,-1.));
#9473 = ( GEOMETRIC_REPRESENTATION_CONTEXT(2) 
PARAMETRIC_REPRESENTATION_CONTEXT() REPRESENTATION_CONTEXT('2D SPACE',''
  ) );
#9474 = PCURVE('',#9364,#9475);
#9475 = DEFINITIONAL_REPRESENTATION('',(#9476),#9479);
#9476 = B_SPLINE_CURVE_WITH_KNOTS('',1,(#9477,#9478),.UNSPECIFIED.,.F.,
  .F.,(2,2),(0.,1.414213562373),.PIECEWISE_BEZIER_KNOTS.);
#9477 = CARTESIAN_POINT('',(-6.28318530718,0.));
#9478 = CARTESIAN_POINT('',(-6.28318530718,-1.));
#9479 = ( GEOMETRIC_REPRESENTATION_CONTEXT(2) 
PARAMETRIC_REPRESENTATION_CONTEXT() REPRESENTATION_CONTEXT('2D SPACE',''
  ) );
#9480 = ORIENTED_EDGE('',*,*,#9349,.T.);
#9481 = ORIENTED_EDGE('',*,*,#9460,.T.);
#9482 = ORIENTED_EDGE('',*,*,#9483,.F.);
#9483 = EDGE_CURVE('',#9461,#9461,#9484,.T.);
#9484 = SURFACE_CURVE('',#9485,(#9490,#9497),.PCURVE_S1.);
#9485 = CIRCLE('',#9486,4.);
#9486 = AXIS2_PLACEMENT_3D('',#9487,#9488,#9489);
#9487 = CARTESIAN_POINT('',(0.,0.,7.));
#9488 = DIRECTION('',(0.,0.,1.));
#9489 = DIRECTION('',(1.,0.,-0.));
#9490 = PCURVE('',#9364,#9491);
#9491 = DEFINITIONAL_REPRESENTATION('',(#9492),#9496);
#9492 = LINE('',#9493,#9494);
#9493 = CARTESIAN_POINT('',(-0.,-1.));
#9494 = VECTOR('',#9495,1.);
#9495 = DIRECTION('',(-1.,-0.));
#9496 = ( GEOMETRIC_REPRESENTATION_CONTEXT(2) 
PARAMETRIC_REPRESENTATION_CONTEXT() REPRESENTATION_CONTEXT('2D SPACE',''
  ) );
#9497 = PCURVE('',#9498,#9503);
#9498 = PLANE('',#9499);
#9499 = AXIS2_PLACEMENT_3D('',#9500,#9501,#9502);
#9500 = CARTESIAN_POINT('',(0.,0.,7.));
#9501 = DIRECTION('',(0.,0.,1.));
#9502 = DIRECTION('',(1.,0.,0.));
#9503 = DEFINITIONAL_REPRESENTATION('',(#9504),#9508);
#9504 = CIRCLE('',#9505,4.);
#9505 = AXIS2_PLACEMENT_2D('',#9506,#9507);
#9506 = CARTESIAN_POINT('',(0.,0.));
#9507 = DIRECTION('',(1.,0.));
#9508 = ( GEOMETRIC_REPRESENTATION_CONTEXT(2) 
PARAMETRIC_REPRESENTATION_CONTEXT() REPRESENTATION_CONTEXT('2D SPACE',''
  ) );
#9509 = ADVANCED_FACE('',(#9510),#9445,.F.);
#9510 = FACE_BOUND('',#9511,.F.);
#9511 = EDGE_LOOP('',(#9512));
#9512 = ORIENTED_EDGE('',*,*,#9430,.T.);
#9513 = ADVANCED_FACE('',(#9514),#9498,.T.);
#9514 = FACE_BOUND('',#9515,.T.);
#9515 = EDGE_LOOP('',(#9516));
#9516 = ORIENTED_EDGE('',*,*,#9483,.T.);
#9517 = ( GEOMETRIC_REPRESENTATION_CONTEXT(3) 
GLOBAL_UNCERTAINTY_ASSIGNED_CONTEXT((#9521)) 
GLOBAL_UNIT_ASSIGNED_CONTEXT((#9518,#9519,#9520)) REPRESENTATION_CONTEXT
('Context #1','3D Context with UNIT and UNCERTAINTY') );
#9518 = ( LENGTH_UNIT() NAMED_UNIT(*) SI_UNIT(.MILLI.,.METRE.) );
#9519 = ( NAMED_UNIT(*) PLANE_ANGLE_UNIT() SI_UNIT($,.RADIAN.) );
#9520 = ( NAMED_UNIT(*) SI_UNIT($,.STERADIAN.) SOLID_ANGLE_UNIT() );
#9521 = UNCERTAINTY_MEASURE_WITH_UNIT(LENGTH_MEASURE(1.E-07),#9518,
  'distance_accuracy_value','confusion accuracy');
#9522 = CONTEXT_DEPENDENT_SHAPE_REPRESENTATION(#9523,#9525);
#9523 = ( REPRESENTATION_RELATIONSHIP('','',#9312,#10) 
REPRESENTATION_RELATIONSHIP_WITH_TRANSFORMATION(#9524) 
SHAPE_REPRESENTATION_RELATIONSHIP() );
#9524 = ITEM_DEFINED_TRANSFORMATION('','',#11,#87);
#9525 = PRODUCT_DEFINITION_SHAPE('Placement','Placement of an item',
  #9526);
#9526 = NEXT_ASSEMBLY_USAGE_OCCURRENCE('19','seed_small_10','',#5,#9307,
  $);
#9527 = PRODUCT_RELATED_PRODUCT_CATEGORY('part',$,(#9309));
#9528 = SHAPE_DEFINITION_REPRESENTATION(#9529,#9535);
#9529 = PRODUCT_DEFINITION_SHAPE('','',#9530);
#9530 = PRODUCT_DEFINITION('design','',#9531,#9534);
#9531 = PRODUCT_DEFINITION_FORMATION('','',#9532);
#9532 = PRODUCT('seed_small_11','seed_small_11','',(#9533));
#9533 = PRODUCT_CONTEXT('',#2,'mechanical');
#9534 = PRODUCT_DEFINITION_CONTEXT('part definition',#2,'design');
#9535 = ADVANCED_BREP_SHAPE_REPRESENTATION('',(#11,#9536),#9740);
#9536 = MANIFOLD_SOLID_BREP('',#9537);
#9537 = CLOSED_SHELL('',(#9538,#9626,#9679,#9732,#9736));
#9538 = ADVANCED_FACE('',(#9539),#9553,.T.);
#9539 = FACE_BOUND('',#9540,.T.);
#9540 = EDGE_LOOP('',(#9541,#9571,#9598,#9599));
#9541 = ORIENTED_EDGE('',*,*,#9542,.T.);
#9542 = EDGE_CURVE('',#9543,#9545,#9547,.T.);
#9543 = VERTEX_POINT('',#9544);
#9544 = CARTESIAN_POINT('',(5.,0.,1.));
#9545 = VERTEX_POINT('',#9546);
#9546 = CARTESIAN_POINT('',(5.,0.,6.));
#9547 = SEAM_CURVE('',#9548,(#9552,#9564),.PCURVE_S1.);
#9548 = LINE('',#9549,#9550);
#9549 = CARTESIAN_POINT('',(5.,-1.224646799147E-15,0.));
#9550 = VECTOR('',#9551,1.);
#9551 = DIRECTION('',(0.,0.,1.));
#9552 = PCURVE('',#9553,#9558);
#9553 = CYLINDRICAL_SURFACE('',#9554,5.);
#9554 = AXIS2_PLACEMENT_3D('',#9555,#9556,#9557);
#9555 = CARTESIAN_POINT('',(0.,0.,0.));
#9556 = DIRECTION('',(0.,0.,1.));
#9557 = DIRECTION('',(1.,0.,0.));
#9558 = DEFINITIONAL_REPRESENTATION('',(#9559),#9563);
#9559 = LINE('',#9560,#9561);
#9560 = CARTESIAN_POINT('',(6.28318530718,-0.));
#9561 = VECTOR('',#9562,1.);
#9562 = DIRECTION('',(0.,1.));
#9563 = ( GEOMETRIC_REPRESENTATION_CONTEXT(2) 
PARAMETRIC_REPRESENTATION_CONTEXT() REPRESENTATION_CONTEXT('2D SPACE',''
  ) );
#9564 = PCURVE('',#9553,#9565);
#9565 = DEFINITIONAL_REPRESENTATION('',(#9566),#9570);
#9566 = LINE('',#9567,#9568);
#9567 = CARTESIAN_POINT('',(0.,-0.));
#9568 = VECTOR('',#9569,1.);
#9569 = DIRECTION('',(0.,1.));
#9570 = ( GEOMETRIC_REPRESENTATION_CONTEXT(2) 
PARAMETRIC_REPRESENTATION_CONTEXT() REPRESENTATION_CONTEXT('2D SPACE',''
  ) );
#9571 = ORIENTED_EDGE('',*,*,#9572,.F.);
#9572 = EDGE_CURVE('',#9545,#9545,#9573,.T.);
#9573 = SURFACE_CURVE('',#9574,(#9579,#9586),.PCURVE_S1.);
#9574 = CIRCLE('',#9575,5.);
#9575 = AXIS2_PLACEMENT_3D('',#9576,#9577,#9578);
#9576 = CARTESIAN_POINT('',(0.,0.,6.));
#9577 = DIRECTION('',(0.,0.,1.));
#9578 = DIRECTION('',(1.,0.,-0.));
#9579 = PCURVE('',#9553,#9580);
#9580 = DEFINITIONAL_REPRESENTATION('',(#9581),#9585);
#9581 = LINE('',#9582,#9583);
#9582 = CARTESIAN_POINT('',(0.,6.));
#9583 = VECTOR('',#9584,1.);
#9584 = DIRECTION('',(1.,0.));
#9585 = ( GEOMETRIC_REPRESENTATION_CONTEXT(2) 
PARAMETRIC_REPRESENTATION_CONTEXT() REPRESENTATION_CONTEXT('2D SPACE',''
  ) );
#9586 = PCURVE('',#9587,#9592);
#9587 = CONICAL_SURFACE('',#9588,5.,0.785398163397);
#9588 = AXIS2_PLACEMENT_3D('',#9589,#9590,#9591);
#9589 = CARTESIAN_POINT('',(0.,0.,6.));
#9590 = DIRECTION('',(-0.,-0.,-1.));
#9591 = DIRECTION('',(1.,0.,0.));
#9592 = DEFINITIONAL_REPRESENTATION('',(#9593),#9597);
#9593 = LINE('',#9594,#9595);
#9594 = CARTESIAN_POINT('',(-0.,-0.));
#9595 = VECTOR('',#9596,1.);
#9596 = DIRECTION('',(-1.,-0.));
#9597 = ( GEOMETRIC_REPRESENTATION_CONTEXT(2) 
PARAMETRIC_REPRESENTATION_CONTEXT() REPRESENTATION_CONTEXT('2D SPACE',''
  ) );
#9598 = ORIENTED_EDGE('',*,*,#9542,.F.);
#9599 = ORIENTED_EDGE('',*,*,#9600,.T.);
#9600 = EDGE_CURVE('',#9543,#9543,#9601,.T.);
#9601 = SURFACE_CURVE('',#9602,(#9607,#9614),.PCURVE_S1.);
#9602 = CIRCLE('',#9603,5.);
#9603 = AXIS2_PLACEMENT_3D('',#9604,#9605,#9606);
#9604 = CARTESIAN_POINT('',(0.,0.,1.));
#9605 = DIRECTION('',(0.,0.,1.));
#9606 = DIRECTION('',(1.,0.,-0.));
#9607 = PCURVE('',#9553,#9608);
#9608 = DEFINITIONAL_REPRESENTATION('',(#9609),#9613);
#9609 = LINE('',#9610,#9611);
#9610 = CARTESIAN_POINT('',(0.,1.));
#9611 = VECTOR('',#9612,1.);
#9612 = DIRECTION('',(1.,0.));
#9613 = ( GEOMETRIC_REPRESENTATION_CONTEXT(2) 
PARAMETRIC_REPRESENTATION_CONTEXT() REPRESENTATION_CONTEXT('2D SPACE',''
  ) );
#9614 = PCURVE('',#9615,#9620);
#9615 = CONICAL_SURFACE('',#9616,5.,0.785398163397);
#9616 = AXIS2_PLACEMENT_3D('',#9617,#9618,#9619);
#9617 = CARTESIAN_POINT('',(0.,0.,1.));
#9618 = DIRECTION('',(0.,0.,1.));
#9619 = DIRECTION('',(1.,0.,-0.));
#9620 = DEFINITIONAL_REPRESENTATION('',(#9621),#9625);
#9621 = LINE('',#9622,#9623);
#9622 = CARTESIAN_POINT('',(0.,-0.));
#9623 = VECTOR('',#9624,1.);
#9624 = DIRECTION('',(1.,-0.));
#9625 = ( GEOMETRIC_REPRESENTATION_CONTEXT(2) 
PARAMETRIC_REPRESENTATION_CONTEXT() REPRESENTATION_CONTEXT('2D SPACE',''
  ) );
#9626 = ADVANCED_FACE('',(#9627),#9615,.T.);
#9627 = FACE_BOUND('',#9628,.F.);
#9628 = EDGE_LOOP('',(#9629,#9650,#9651,#9652));
#9629 = ORIENTED_EDGE('',*,*,#9630,.F.);
#9630 = EDGE_CURVE('',#9543,#9631,#9633,.T.);
#9631 = VERTEX_POINT('',#9632);
#9632 = CARTESIAN_POINT('',(4.,0.,0.));
#9633 = SEAM_CURVE('',#9634,(#9638,#9644),.PCURVE_S1.);
#9634 = LINE('',#9635,#9636);
#9635 = CARTESIAN_POINT('',(5.,0.,1.));
#9636 = VECTOR('',#9637,1.);
#9637 = DIRECTION('',(-0.707106781187,-0.,-0.707106781187));
#9638 = PCURVE('',#9615,#9639);
#9639 = DEFINITIONAL_REPRESENTATION('',(#9640),#9643);
#9640 = B_SPLINE_CURVE_WITH_KNOTS('',1,(#9641,#9642),.UNSPECIFIED.,.F.,
  .F.,(2,2),(0.,1.414213562373),.PIECEWISE_BEZIER_KNOTS.);
#9641 = CARTESIAN_POINT('',(0.,0.));
#9642 = CARTESIAN_POINT('',(0.,-1.));
#9643 = ( GEOMETRIC_REPRESENTATION_CONTEXT(2) 
PARAMETRIC_REPRESENTATION_CONTEXT() REPRESENTATION_CONTEXT('2D SPACE',''
  ) );
#9644 = PCURVE('',#9615,#9645);
#9645 = DEFINITIONAL_REPRESENTATION('',(#9646),#9649);
#9646 = B_SPLINE_CURVE_WITH_KNOTS('',1,(#9647,#9648),.UNSPECIFIED.,.F.,
  .F.,(2,2),(0.,1.414213562373),.PIECEWISE_BEZIER_KNOTS.);
#9647 = CARTESIAN_POINT('',(6.28318530718,0.));
#9648 = CARTESIAN_POINT('',(6.28318530718,-1.));
#9649 = ( GEOMETRIC_REPRESENTATION_CONTEXT(2) 
PARAMETRIC_REPRESENTATION_CONTEXT() REPRESENTATION_CONTEXT('2D SPACE',''
  ) );
#9650 = ORIENTED_EDGE('',*,*,#9600,.T.);
#9651 = ORIENTED_EDGE('',*,*,#9630,.T.);
#9652 = ORIENTED_EDGE('',*,*,#9653,.F.);
#9653 = EDGE_CURVE('',#9631,#9631,#9654,.T.);
#9654 = SURFACE_CURVE('',#9655,(#9660,#9667),.PCURVE_S1.);
#9655 = CIRCLE('',#9656,4.);
#9656 = AXIS2_PLACEMENT_3D('',#9657,#9658,#9659);
#9657 = CARTESIAN_POINT('',(0.,0.,0.));
#9658 = DIRECTION('',(0.,0.,1.));
#9659 = DIRECTION('',(1.,0.,-0.));
#9660 = PCURVE('',#9615,#9661);
#9661 = DEFINITIONAL_REPRESENTATION('',(#9662),#9666);
#9662 = LINE('',#9663,#9664);
#9663 = CARTESIAN_POINT('',(0.,-1.));
#9664 = VECTOR('',#9665,1.);
#9665 = DIRECTION('',(1.,-0.));
#9666 = ( GEOMETRIC_REPRESENTATION_CONTEXT(2) 
PARAMETRIC_REPRESENTATION_CONTEXT() REPRESENTATION_CONTEXT('2D SPACE',''
  ) );
#9667 = PCURVE('',#9668,#9673);
#9668 = PLANE('',#9669);
#9669 = AXIS2_PLACEMENT_3D('',#9670,#9671,#9672);
#9670 = CARTESIAN_POINT('',(0.,0.,0.));
#9671 = DIRECTION('',(0.,0.,1.));
#9672 = DIRECTION('',(1.,0.,0.));
#9673 = DEFINITIONAL_REPRESENTATION('',(#9674),#9678);
#9674 = CIRCLE('',#9675,4.);
#9675 = AXIS2_PLACEMENT_2D('',#9676,#9677);
#9676 = CARTESIAN_POINT('',(0.,0.));
#9677 = DIRECTION('',(1.,0.));
#9678 = ( GEOMETRIC_REPRESENTATION_CONTEXT(2) 
PARAMETRIC_REPRESENTATION_CONTEXT() REPRESENTATION_CONTEXT('2D SPACE',''
  ) );
#9679 = ADVANCED_FACE('',(#9680),#9587,.T.);
#9680 = FACE_BOUND('',#9681,.T.);
#9681 = EDGE_LOOP('',(#9682,#9703,#9704,#9705));
#9682 = ORIENTED_EDGE('',*,*,#9683,.F.);
#9683 = EDGE_CURVE('',#9545,#9684,#9686,.T.);
#9684 = VERTEX_POINT('',#9685);
#9685 = CARTESIAN_POINT('',(4.,0.,7.));
#9686 = SEAM_CURVE('',#9687,(#9691,#9697),.PCURVE_S1.);
#9687 = LINE('',#9688,#9689);
#9688 = CARTESIAN_POINT('',(5.,0.,6.));
#9689 = VECTOR('',#9690,1.);
#9690 = DIRECTION('',(-0.707106781187,0.,0.707106781187));
#9691 = PCURVE('',#9587,#9692);
#9692 = DEFINITIONAL_REPRESENTATION('',(#9693),#9696);
#9693 = B_SPLINE_CURVE_WITH_KNOTS('',1,(#9694,#9695),.UNSPECIFIED.,.F.,
  .F.,(2,2),(0.,1.414213562373),.PIECEWISE_BEZIER_KNOTS.);
#9694 = CARTESIAN_POINT('',(0.,0.));
#9695 = CARTESIAN_POINT('',(0.,-1.));
#9696 = ( GEOMETRIC_REPRESENTATION_CONTEXT(2) 
PARAMETRIC_REPRESENTATION_CONTEXT() REPRESENTATION_CONTEXT('2D SPACE',''
  ) );
#9697 = PCURVE('',#9587,#9698);
#9698 = DEFINITIONAL_REPRESENTATION('',(#9699),#9702);
#9699 = B_SPLINE_CURVE_WITH_KNOTS('',1,(#9700,#9701),.UNSPECIFIED.,.F.,
  .F.,(2,2),(0.,1.414213562373),.PIECEWISE_BEZIER_KNOTS.);
#9700 = CARTESIAN_POINT('',(-6.28318530718,0.));
#9701 = CARTESIAN_POINT('',(-6.28318530718,-1.));
#9702 = ( GEOMETRIC_REPRESENTATION_CONTEXT(2) 
PARAMETRIC_REPRESENTATION_CONTEXT() REPRESENTATION_CONTEXT('2D SPACE',''
  ) );
#9703 = ORIENTED_EDGE('',*,*,#9572,.T.);
#9704 = ORIENTED_EDGE('',*,*,#9683,.T.);
#9705 = ORIENTED_EDGE('',*,*,#9706,.F.);
#9706 = EDGE_CURVE('',#9684,#9684,#9707,.T.);
#9707 = SURFACE_CURVE('',#9708,(#9713,#9720),.PCURVE_S1.);
#9708 = CIRCLE('',#9709,4.);
#9709 = AXIS2_PLACEMENT_3D('',#9710,#9711,#9712);
#9710 = CARTESIAN_POINT('',(0.,0.,7.));
#9711 = DIRECTION('',(0.,0.,1.));
#9712 = DIRECTION('',(1.,0.,-0.));
#9713 = PCURVE('',#9587,#9714);
#9714 = DEFINITIONAL_REPRESENTATION('',(#9715),#9719);
#9715 = LINE('',#9716,#9717);
#9716 = CARTESIAN_POINT('',(-0.,-1.));
#9717 = VECTOR('',#9718,1.);
#9718 = DIRECTION('',(-1.,-0.));
#9719 = ( GEOMETRIC_REPRESENTATION_CONTEXT(2) 
PARAMETRIC_REPRESENTATION_CONTEXT() REPRESENTATION_CONTEXT('2D SPACE',''
  ) );
#9720 = PCURVE('',#9721,#9726);
#9721 = PLANE('',#9722);
#9722 = AXIS2_PLACEMENT_3D('',#9723,#9724,#9725);
#9723 = CARTESIAN_POINT('',(0.,0.,7.));
#9724 = DIRECTION('',(0.,0.,1.));
#9725 = DIRECTION('',(1.,0.,0.));
#9726 = DEFINITIONAL_REPRESENTATION('',(#9727),#9731);
#9727 = CIRCLE('',#9728,4.);
#9728 = AXIS2_PLACEMENT_2D('',#9729,#9730);
#9729 = CARTESIAN_POINT('',(0.,0.));
#9730 = DIRECTION('',(1.,0.));
#9731 = ( GEOMETRIC_REPRESENTATION_CONTEXT(2) 
PARAMETRIC_REPRESENTATION_CONTEXT() REPRESENTATION_CONTEXT('2D SPACE',''
  ) );
#9732 = ADVANCED_FACE('',(#9733),#9668,.F.);
#9733 = FACE_BOUND('',#9734,.F.);
#9734 = EDGE_LOOP('',(#9735));
#9735 = ORIENTED_EDGE('',*,*,#9653,.T.);
#9736 = ADVANCED_FACE('',(#9737),#9721,.T.);
#9737 = FACE_BOUND('',#9738,.T.);
#9738 = EDGE_LOOP('',(#9739));
#9739 = ORIENTED_EDGE('',*,*,#9706,.T.);
#9740 = ( GEOMETRIC_REPRESENTATION_CONTEXT(3) 
GLOBAL_UNCERTAINTY_ASSIGNED_CONTEXT((#9744)) 
GLOBAL_UNIT_ASSIGNED_CONTEXT((#9741,#9742,#9743)) REPRESENTATION_CONTEXT
('Context #1','3D Context with UNIT and UNCERTAINTY') );
#9741 = ( LENGTH_UNIT() NAMED_UNIT(*) SI_UNIT(.MILLI.,.METRE.) );
#9742 = ( NAMED_UNIT(*) PLANE_ANGLE_UNIT() SI_UNIT($,.RADIAN.) );
#9743 = ( NAMED_UNIT(*) SI_UNIT($,.STERADIAN.) SOLID_ANGLE_UNIT() );
#9744 = UNCERTAINTY_MEASURE_WITH_UNIT(LENGTH_MEASURE(1.E-07),#9741,
  'distance_accuracy_value','confusion accuracy');
#9745 = CONTEXT_DEPENDENT_SHAPE_REPRESENTATION(#9746,#9748);
#9746 = ( REPRESENTATION_RELATIONSHIP('','',#9535,#10) 
REPRESENTATION_RELATIONSHIP_WITH_TRANSFORMATION(#9747) 
SHAPE_REPRESENTATION_RELATIONSHIP() );
#9747 = ITEM_DEFINED_TRANSFORMATION('','',#11,#91);
#9748 = PRODUCT_DEFINITION_SHAPE('Placement','Placement of an item',
  #9749);
#9749 = NEXT_ASSEMBLY_USAGE_OCCURRENCE('20','seed_small_11','',#5,#9530,
  $);
#9750 = PRODUCT_RELATED_PRODUCT_CATEGORY('part',$,(#9532));
#9751 = SHAPE_DEFINITION_REPRESENTATION(#9752,#9758);
#9752 = PRODUCT_DEFINITION_SHAPE('','',#9753);
#9753 = PRODUCT_DEFINITION('design','',#9754,#9757);
#9754 = PRODUCT_DEFINITION_FORMATION('','',#9755);
#9755 = PRODUCT('seed_small_12','seed_small_12','',(#9756));
#9756 = PRODUCT_CONTEXT('',#2,'mechanical');
#9757 = PRODUCT_DEFINITION_CONTEXT('part definition',#2,'design');
#9758 = ADVANCED_BREP_SHAPE_REPRESENTATION('',(#11,#9759),#9963);
#9759 = MANIFOLD_SOLID_BREP('',#9760);
#9760 = CLOSED_SHELL('',(#9761,#9849,#9902,#9955,#9959));
#9761 = ADVANCED_FACE('',(#9762),#9776,.T.);
#9762 = FACE_BOUND('',#9763,.T.);
#9763 = EDGE_LOOP('',(#9764,#9794,#9821,#9822));
#9764 = ORIENTED_EDGE('',*,*,#9765,.T.);
#9765 = EDGE_CURVE('',#9766,#9768,#9770,.T.);
#9766 = VERTEX_POINT('',#9767);
#9767 = CARTESIAN_POINT('',(5.,0.,1.));
#9768 = VERTEX_POINT('',#9769);
#9769 = CARTESIAN_POINT('',(5.,0.,6.));
#9770 = SEAM_CURVE('',#9771,(#9775,#9787),.PCURVE_S1.);
#9771 = LINE('',#9772,#9773);
#9772 = CARTESIAN_POINT('',(5.,-1.224646799147E-15,0.));
#9773 = VECTOR('',#9774,1.);
#9774 = DIRECTION('',(0.,0.,1.));
#9775 = PCURVE('',#9776,#9781);
#9776 = CYLINDRICAL_SURFACE('',#9777,5.);
#9777 = AXIS2_PLACEMENT_3D('',#9778,#9779,#9780);
#9778 = CARTESIAN_POINT('',(0.,0.,0.));
#9779 = DIRECTION('',(0.,0.,1.));
#9780 = DIRECTION('',(1.,0.,0.));
#9781 = DEFINITIONAL_REPRESENTATION('',(#9782),#9786);
#9782 = LINE('',#9783,#9784);
#9783 = CARTESIAN_POINT('',(6.28318530718,-0.));
#9784 = VECTOR('',#9785,1.);
#9785 = DIRECTION('',(0.,1.));
#9786 = ( GEOMETRIC_REPRESENTATION_CONTEXT(2) 
PARAMETRIC_REPRESENTATION_CONTEXT() REPRESENTATION_CONTEXT('2D SPACE',''
  ) );
#9787 = PCURVE('',#9776,#9788);
#9788 = DEFINITIONAL_REPRESENTATION('',(#9789),#9793);
#9789 = LINE('',#9790,#9791);
#9790 = CARTESIAN_POINT('',(0.,-0.));
#9791 = VECTOR('',#9792,1.);
#9792 = DIRECTION('',(0.,1.));
#9793 = ( GEOMETRIC_REPRESENTATION_CONTEXT(2) 
PARAMETRIC_REPRESENTATION_CONTEXT() REPRESENTATION_CONTEXT('2D SPACE',''
  ) );
#9794 = ORIENTED_EDGE('',*,*,#9795,.F.);
#9795 = EDGE_CURVE('',#9768,#9768,#9796,.T.);
#9796 = SURFACE_CURVE('',#9797,(#9802,#9809),.PCURVE_S1.);
#9797 = CIRCLE('',#9798,5.);
#9798 = AXIS2_PLACEMENT_3D('',#9799,#9800,#9801);
#9799 = CARTESIAN_POINT('',(0.,0.,6.));
#9800 = DIRECTION('',(0.,0.,1.));
#9801 = DIRECTION('',(1.,0.,-0.));
#9802 = PCURVE('',#9776,#9803);
#9803 = DEFINITIONAL_REPRESENTATION('',(#9804),#9808);
#9804 = LINE('',#9805,#9806);
#9805 = CARTESIAN_POINT('',(0.,6.));
#9806 = VECTOR('',#9807,1.);
#9807 = DIRECTION('',(1.,0.));
#9808 = ( GEOMETRIC_REPRESENTATION_CONTEXT(2) 
PARAMETRIC_REPRESENTATION_CONTEXT() REPRESENTATION_CONTEXT('2D SPACE',''
  ) );
#9809 = PCURVE('',#9810,#9815);
#9810 = CONICAL_SURFACE('',#9811,5.,0.785398163397);
#9811 = AXIS2_PLACEMENT_3D('',#9812,#9813,#9814);
#9812 = CARTESIAN_POINT('',(0.,0.,6.));
#9813 = DIRECTION('',(-0.,-0.,-1.));
#9814 = DIRECTION('',(1.,0.,0.));
#9815 = DEFINITIONAL_REPRESENTATION('',(#9816),#9820);
#9816 = LINE('',#9817,#9818);
#9817 = CARTESIAN_POINT('',(-0.,-0.));
#9818 = VECTOR('',#9819,1.);
#9819 = DIRECTION('',(-1.,-0.));
#9820 = ( GEOMETRIC_REPRESENTATION_CONTEXT(2) 
PARAMETRIC_REPRESENTATION_CONTEXT() REPRESENTATION_CONTEXT('2D SPACE',''
  ) );
#9821 = ORIENTED_EDGE('',*,*,#9765,.F.);
#9822 = ORIENTED_EDGE('',*,*,#9823,.T.);
#9823 = EDGE_CURVE('',#9766,#9766,#9824,.T.);
#9824 = SURFACE_CURVE('',#9825,(#9830,#9837),.PCURVE_S1.);
#9825 = CIRCLE('',#9826,5.);
#9826 = AXIS2_PLACEMENT_3D('',#9827,#9828,#9829);
#9827 = CARTESIAN_POINT('',(0.,0.,1.));
#9828 = DIRECTION('',(0.,0.,1.));
#9829 = DIRECTION('',(1.,0.,-0.));
#9830 = PCURVE('',#9776,#9831);
#9831 = DEFINITIONAL_REPRESENTATION('',(#9832),#9836);
#9832 = LINE('',#9833,#9834);
#9833 = CARTESIAN_POINT('',(0.,1.));
#9834 = VECTOR('',#9835,1.);
#9835 = DIRECTION('',(1.,0.));
#9836 = ( GEOMETRIC_REPRESENTATION_CONTEXT(2) 
PARAMETRIC_REPRESENTATION_CONTEXT() REPRESENTATION_CONTEXT('2D SPACE',''
  ) );
#9837 = PCURVE('',#9838,#9843);
#9838 = CONICAL_SURFACE('',#9839,5.,0.785398163397);
#9839 = AXIS2_PLACEMENT_3D('',#9840,#9841,#9842);
#9840 = CARTESIAN_POINT('',(0.,0.,1.));
#9841 = DIRECTION('',(0.,0.,1.));
#9842 = DIRECTION('',(1.,0.,-0.));
#9843 = DEFINITIONAL_REPRESENTATION('',(#9844),#9848);
#9844 = LINE('',#9845,#9846);
#9845 = CARTESIAN_POINT('',(0.,-0.));
#9846 = VECTOR('',#9847,1.);
#9847 = DIRECTION('',(1.,-0.));
#9848 = ( GEOMETRIC_REPRESENTATION_CONTEXT(2) 
PARAMETRIC_REPRESENTATION_CONTEXT() REPRESENTATION_CONTEXT('2D SPACE',''
  ) );
#9849 = ADVANCED_FACE('',(#9850),#9838,.T.);
#9850 = FACE_BOUND('',#9851,.F.);
#9851 = EDGE_LOOP('',(#9852,#9873,#9874,#9875));
#9852 = ORIENTED_EDGE('',*,*,#9853,.F.);
#9853 = EDGE_CURVE('',#9766,#9854,#9856,.T.);
#9854 = VERTEX_POINT('',#9855);
#9855 = CARTESIAN_POINT('',(4.,0.,0.));
#9856 = SEAM_CURVE('',#9857,(#9861,#9867),.PCURVE_S1.);
#9857 = LINE('',#9858,#9859);
#9858 = CARTESIAN_POINT('',(5.,0.,1.));
#9859 = VECTOR('',#9860,1.);
#9860 = DIRECTION('',(-0.707106781187,-0.,-0.707106781187));
#9861 = PCURVE('',#9838,#9862);
#9862 = DEFINITIONAL_REPRESENTATION('',(#9863),#9866);
#9863 = B_SPLINE_CURVE_WITH_KNOTS('',1,(#9864,#9865),.UNSPECIFIED.,.F.,
  .F.,(2,2),(0.,1.414213562373),.PIECEWISE_BEZIER_KNOTS.);
#9864 = CARTESIAN_POINT('',(0.,0.));
#9865 = CARTESIAN_POINT('',(0.,-1.));
#9866 = ( GEOMETRIC_REPRESENTATION_CONTEXT(2) 
PARAMETRIC_REPRESENTATION_CONTEXT() REPRESENTATION_CONTEXT('2D SPACE',''
  ) );
#9867 = PCURVE('',#9838,#9868);
#9868 = DEFINITIONAL_REPRESENTATION('',(#9869),#9872);
#9869 = B_SPLINE_CURVE_WITH_KNOTS('',1,(#9870,#9871),.UNSPECIFIED.,.F.,
  .F.,(2,2),(0.,1.414213562373),.PIECEWISE_BEZIER_KNOTS.);
#9870 = CARTESIAN_POINT('',(6.28318530718,0.));
#9871 = CARTESIAN_POINT('',(6.28318530718,-1.));
#9872 = ( GEOMETRIC_REPRESENTATION_CONTEXT(2) 
PARAMETRIC_REPRESENTATION_CONTEXT() REPRESENTATION_CONTEXT('2D SPACE',''
  ) );
#9873 = ORIENTED_EDGE('',*,*,#9823,.T.);
#9874 = ORIENTED_EDGE('',*,*,#9853,.T.);
#9875 = ORIENTED_EDGE('',*,*,#9876,.F.);
#9876 = EDGE_CURVE('',#9854,#9854,#9877,.T.);
#9877 = SURFACE_CURVE('',#9878,(#9883,#9890),.PCURVE_S1.);
#9878 = CIRCLE('',#9879,4.);
#9879 = AXIS2_PLACEMENT_3D('',#9880,#9881,#9882);
#9880 = CARTESIAN_POINT('',(0.,0.,0.));
#9881 = DIRECTION('',(0.,0.,1.));
#9882 = DIRECTION('',(1.,0.,-0.));
#9883 = PCURVE('',#9838,#9884);
#9884 = DEFINITIONAL_REPRESENTATION('',(#9885),#9889);
#9885 = LINE('',#9886,#9887);
#9886 = CARTESIAN_POINT('',(0.,-1.));
#9887 = VECTOR('',#9888,1.);
#9888 = DIRECTION('',(1.,-0.));
#9889 = ( GEOMETRIC_REPRESENTATION_CONTEXT(2) 
PARAMETRIC_REPRESENTATION_CONTEXT() REPRESENTATION_CONTEXT('2D SPACE',''
  ) );
#9890 = PCURVE('',#9891,#9896);
#9891 = PLANE('',#9892);
#9892 = AXIS2_PLACEMENT_3D('',#9893,#9894,#9895);
#9893 = CARTESIAN_POINT('',(0.,0.,0.));
#9894 = DIRECTION('',(0.,0.,1.));
#9895 = DIRECTION('',(1.,0.,0.));
#9896 = DEFINITIONAL_REPRESENTATION('',(#9897),#9901);
#9897 = CIRCLE('',#9898,4.);
#9898 = AXIS2_PLACEMENT_2D('',#9899,#9900);
#9899 = CARTESIAN_POINT('',(0.,0.));
#9900 = DIRECTION('',(1.,0.));
#9901 = ( GEOMETRIC_REPRESENTATION_CONTEXT(2) 
PARAMETRIC_REPRESENTATION_CONTEXT() REPRESENTATION_CONTEXT('2D SPACE',''
  ) );
#9902 = ADVANCED_FACE('',(#9903),#9810,.T.);
#9903 = FACE_BOUND('',#9904,.T.);
#9904 = EDGE_LOOP('',(#9905,#9926,#9927,#9928));
#9905 = ORIENTED_EDGE('',*,*,#9906,.F.);
#9906 = EDGE_CURVE('',#9768,#9907,#9909,.T.);
#9907 = VERTEX_POINT('',#9908);
#9908 = CARTESIAN_POINT('',(4.,0.,7.));
#9909 = SEAM_CURVE('',#9910,(#9914,#9920),.PCURVE_S1.);
#9910 = LINE('',#9911,#9912);
#9911 = CARTESIAN_POINT('',(5.,0.,6.));
#9912 = VECTOR('',#9913,1.);
#9913 = DIRECTION('',(-0.707106781187,0.,0.707106781187));
#9914 = PCURVE('',#9810,#9915);
#9915 = DEFINITIONAL_REPRESENTATION('',(#9916),#9919);
#9916 = B_SPLINE_CURVE_WITH_KNOTS('',1,(#9917,#9918),.UNSPECIFIED.,.F.,
  .F.,(2,2),(0.,1.414213562373),.PIECEWISE_BEZIER_KNOTS.);
#9917 = CARTESIAN_POINT('',(0.,0.));
#9918 = CARTESIAN_POINT('',(0.,-1.));
#9919 = ( GEOMETRIC_REPRESENTATION_CONTEXT(2) 
PARAMETRIC_REPRESENTATION_CONTEXT() REPRESENTATION_CONTEXT('2D SPACE',''
  ) );
#9920 = PCURVE('',#9810,#9921);
#9921 = DEFINITIONAL_REPRESENTATION('',(#9922),#9925);
#9922 = B_SPLINE_CURVE_WITH_KNOTS('',1,(#9923,#9924),.UNSPECIFIED.,.F.,
  .F.,(2,2),(0.,1.414213562373),.PIECEWISE_BEZIER_KNOTS.);
#9923 = CARTESIAN_POINT('',(-6.28318530718,0.));
#9924 = CARTESIAN_POINT('',(-6.28318530718,-1.));
#9925 = ( GEOMETRIC_REPRESENTATION_CONTEXT(2) 
PARAMETRIC_REPRESENTATION_CONTEXT() REPRESENTATION_CONTEXT('2D SPACE',''
  ) );
#9926 = ORIENTED_EDGE('',*,*,#9795,.T.);
#9927 = ORIENTED_EDGE('',*,*,#9906,.T.);
#9928 = ORIENTED_EDGE('',*,*,#9929,.F.);
#9929 = EDGE_CURVE('',#9907,#9907,#9930,.T.);
#9930 = SURFACE_CURVE('',#9931,(#9936,#9943),.PCURVE_S1.);
#9931 = CIRCLE('',#9932,4.);
#9932 = AXIS2_PLACEMENT_3D('',#9933,#9934,#9935);
#9933 = CARTESIAN_POINT('',(0.,0.,7.));
#9934 = DIRECTION('',(0.,0.,1.));
#9935 = DIRECTION('',(1.,0.,-0.));
#9936 = PCURVE('',#9810,#9937);
#9937 = DEFINITIONAL_REPRESENTATION('',(#9938),#9942);
#9938 = LINE('',#9939,#9940);
#9939 = CARTESIAN_POINT('',(-0.,-1.));
#9940 = VECTOR('',#9941,1.);
#9941 = DIRECTION('',(-1.,-0.));
#9942 = ( GEOMETRIC_REPRESENTATION_CONTEXT(2) 
PARAMETRIC_REPRESENTATION_CONTEXT() REPRESENTATION_CONTEXT('2D SPACE',''
  ) );
#9943 = PCURVE('',#9944,#9949);
#9944 = PLANE('',#9945);
#9945 = AXIS2_PLACEMENT_3D('',#9946,#9947,#9948);
#9946 = CARTESIAN_POINT('',(0.,0.,7.));
#9947 = DIRECTION('',(0.,0.,1.));
#9948 = DIRECTION('',(1.,0.,0.));
#9949 = DEFINITIONAL_REPRESENTATION('',(#9950),#9954);
#9950 = CIRCLE('',#9951,4.);
#9951 = AXIS2_PLACEMENT_2D('',#9952,#9953);
#9952 = CARTESIAN_POINT('',(0.,0.));
#9953 = DIRECTION('',(1.,0.));
#9954 = ( GEOMETRIC_REPRESENTATION_CONTEXT(2) 
PARAMETRIC_REPRESENTATION_CONTEXT() REPRESENTATION_CONTEXT('2D SPACE',''
  ) );
#9955 = ADVANCED_FACE('',(#9956),#9891,.F.);
#9956 = FACE_BOUND('',#9957,.F.);
#9957 = EDGE_LOOP('',(#9958));
#9958 = ORIENTED_EDGE('',*,*,#9876,.T.);
#9959 = ADVANCED_FACE('',(#9960),#9944,.T.);
#9960 = FACE_BOUND('',#9961,.T.);
#9961 = EDGE_LOOP('',(#9962));
#9962 = ORIENTED_EDGE('',*,*,#9929,.T.);
#9963 = ( GEOMETRIC_REPRESENTATION_CONTEXT(3) 
GLOBAL_UNCERTAINTY_ASSIGNED_CONTEXT((#9967)) 
GLOBAL_UNIT_ASSIGNED_CONTEXT((#9964,#9965,#9966)) REPRESENTATION_CONTEXT
('Context #1','3D Context with UNIT and UNCERTAINTY') );
#9964 = ( LENGTH_UNIT() NAMED_UNIT(*) SI_UNIT(.MILLI.,.METRE.) );
#9965 = ( NAMED_UNIT(*) PLANE_ANGLE_UNIT() SI_UNIT($,.RADIAN.) );
#9966 = ( NAMED_UNIT(*) SI_UNIT($,.STERADIAN.) SOLID_ANGLE_UNIT() );
#9967 = UNCERTAINTY_MEASURE_WITH_UNIT(LENGTH_MEASURE(1.E-07),#9964,
  'distance_accuracy_value','confusion accuracy');
#9968 = CONTEXT_DEPENDENT_SHAPE_REPRESENTATION(#9969,#9971);
#9969 = ( REPRESENTATION_RELATIONSHIP('','',#9758,#10) 
REPRESENTATION_RELATIONSHIP_WITH_TRANSFORMATION(#9970) 
SHAPE_REPRESENTATION_RELATIONSHIP() );
#9970 = ITEM_DEFINED_TRANSFORMATION('','',#11,#95);
#9971 = PRODUCT_DEFINITION_SHAPE('Placement','Placement of an item',
  #9972);
#9972 = NEXT_ASSEMBLY_USAGE_OCCURRENCE('21','seed_small_12','',#5,#9753,
  $);
#9973 = PRODUCT_RELATED_PRODUCT_CATEGORY('part',$,(#9755));
#9974 = SHAPE_DEFINITION_REPRESENTATION(#9975,#9981);
#9975 = PRODUCT_DEFINITION_SHAPE('','',#9976);
#9976 = PRODUCT_DEFINITION('design','',#9977,#9980);
#9977 = PRODUCT_DEFINITION_FORMATION('','',#9978);
#9978 = PRODUCT('seed_small_13','seed_small_13','',(#9979));
#9979 = PRODUCT_CONTEXT('',#2,'mechanical');
#9980 = PRODUCT_DEFINITION_CONTEXT('part definition',#2,'design');
#9981 = ADVANCED_BREP_SHAPE_REPRESENTATION('',(#11,#9982),#10186);
#9982 = MANIFOLD_SOLID_BREP('',#9983);
#9983 = CLOSED_SHELL('',(#9984,#10072,#10125,#10178,#10182));
#9984 = ADVANCED_FACE('',(#9985),#9999,.T.);
#9985 = FACE_BOUND('',#9986,.T.);
#9986 = EDGE_LOOP('',(#9987,#10017,#10044,#10045));
#9987 = ORIENTED_EDGE('',*,*,#9988,.T.);
#9988 = EDGE_CURVE('',#9989,#9991,#9993,.T.);
#9989 = VERTEX_POINT('',#9990);
#9990 = CARTESIAN_POINT('',(5.,0.,1.));
#9991 = VERTEX_POINT('',#9992);
#9992 = CARTESIAN_POINT('',(5.,0.,6.));
#9993 = SEAM_CURVE('',#9994,(#9998,#10010),.PCURVE_S1.);
#9994 = LINE('',#9995,#9996);
#9995 = CARTESIAN_POINT('',(5.,-1.224646799147E-15,0.));
#9996 = VECTOR('',#9997,1.);
#9997 = DIRECTION('',(0.,0.,1.));
#9998 = PCURVE('',#9999,#10004);
#9999 = CYLINDRICAL_SURFACE('',#10000,5.);
#10000 = AXIS2_PLACEMENT_3D('',#10001,#10002,#10003);
#10001 = CARTESIAN_POINT('',(0.,0.,0.));
#10002 = DIRECTION('',(0.,0.,1.));
#10003 = DIRECTION('',(1.,0.,0.));
#10004 = DEFINITIONAL_REPRESENTATION('',(#10005),#10009);
#10005 = LINE('',#10006,#10007);
#10006 = CARTESIAN_POINT('',(6.28318530718,-0.));
#10007 = VECTOR('',#10008,1.);
#10008 = DIRECTION('',(0.,1.));
#10009 = ( GEOMETRIC_REPRESENTATION_CONTEXT(2) 
PARAMETRIC_REPRESENTATION_CONTEXT() REPRESENTATION_CONTEXT('2D SPACE',''
  ) );
#10010 = PCURVE('',#9999,#10011);
#10011 = DEFINITIONAL_REPRESENTATION('',(#10012),#10016);
#10012 = LINE('',#10013,#10014);
#10013 = CARTESIAN_POINT('',(0.,-0.));
#10014 = VECTOR('',#10015,1.);
#10015 = DIRECTION('',(0.,1.));
#10016 = ( GEOMETRIC_REPRESENTATION_CONTEXT(2) 
PARAMETRIC_REPRESENTATION_CONTEXT() REPRESENTATION_CONTEXT('2D SPACE',''
  ) );
#10017 = ORIENTED_EDGE('',*,*,#10018,.F.);
#10018 = EDGE_CURVE('',#9991,#9991,#10019,.T.);
#10019 = SURFACE_CURVE('',#10020,(#10025,#10032),.PCURVE_S1.);
#10020 = CIRCLE('',#10021,5.);
#10021 = AXIS2_PLACEMENT_3D('',#10022,#10023,#10024);
#10022 = CARTESIAN_POINT('',(0.,0.,6.));
#10023 = DIRECTION('',(0.,0.,1.));
#10024 = DIRECTION('',(1.,0.,-0.));
#10025 = PCURVE('',#9999,#10026);
#10026 = DEFINITIONAL_REPRESENTATION('',(#10027),#10031);
#10027 = LINE('',#10028,#10029);
#10028 = CARTESIAN_POINT('',(0.,6.));
#10029 = VECTOR('',#10030,1.);
#10030 = DIRECTION('',(1.,0.));
#10031 = ( GEOMETRIC_REPRESENTATION_CONTEXT(2) 
PARAMETRIC_REPRESENTATION_CONTEXT() REPRESENTATION_CONTEXT('2D SPACE',''
  ) );
#10032 = PCURVE('',#10033,#10038);
#10033 = CONICAL_SURFACE('',#10034,5.,0.785398163397);
#10034 = AXIS2_PLACEMENT_3D('',#10035,#10036,#10037);
#10035 = CARTESIAN_POINT('',(0.,0.,6.));
#10036 = DIRECTION('',(-0.,-0.,-1.));
#10037 = DIRECTION('',(1.,0.,0.));
#10038 = DEFINITIONAL_REPRESENTATION('',(#10039),#10043);
#10039 = LINE('',#10040,#10041);
#10040 = CARTESIAN_POINT('',(-0.,-0.));
#10041 = VECTOR('',#10042,1.);
#10042 = DIRECTION('',(-1.,-0.));
#10043 = ( GEOMETRIC_REPRESENTATION_CONTEXT(2) 
PARAMETRIC_REPRESENTATION_CONTEXT() REPRESENTATION_CONTEXT('2D SPACE',''
  ) );
#10044 = ORIENTED_EDGE('',*,*,#9988,.F.);
#10045 = ORIENTED_EDGE('',*,*,#10046,.T.);
#10046 = EDGE_CURVE('',#9989,#9989,#10047,.T.);
#10047 = SURFACE_CURVE('',#10048,(#10053,#10060),.PCURVE_S1.);
#10048 = CIRCLE('',#10049,5.);
#10049 = AXIS2_PLACEMENT_3D('',#10050,#10051,#10052);
#10050 = CARTESIAN_POINT('',(0.,0.,1.));
#10051 = DIRECTION('',(0.,0.,1.));
#10052 = DIRECTION('',(1.,0.,-0.));
#10053 = PCURVE('',#9999,#10054);
#10054 = DEFINITIONAL_REPRESENTATION('',(#10055),#10059);
#10055 = LINE('',#10056,#10057);
#10056 = CARTESIAN_POINT('',(0.,1.));
#10057 = VECTOR('',#10058,1.);
#10058 = DIRECTION('',(1.,0.));
#10059 = ( GEOMETRIC_REPRESENTATION_CONTEXT(2) 
PARAMETRIC_REPRESENTATION_CONTEXT() REPRESENTATION_CONTEXT('2D SPACE',''
  ) );
#10060 = PCURVE('',#10061,#10066);
#10061 = CONICAL_SURFACE('',#10062,5.,0.785398163397);
#10062 = AXIS2_PLACEMENT_3D('',#10063,#10064,#10065);
#10063 = CARTESIAN_POINT('',(0.,0.,1.));
#10064 = DIRECTION('',(0.,0.,1.));
#10065 = DIRECTION('',(1.,0.,-0.));
#10066 = DEFINITIONAL_REPRESENTATION('',(#10067),#10071);
#10067 = LINE('',#10068,#10069);
#10068 = CARTESIAN_POINT('',(0.,-0.));
#10069 = VECTOR('',#10070,1.);
#10070 = DIRECTION('',(1.,-0.));
#10071 = ( GEOMETRIC_REPRESENTATION_CONTEXT(2) 
PARAMETRIC_REPRESENTATION_CONTEXT() REPRESENTATION_CONTEXT('2D SPACE',''
  ) );
#10072 = ADVANCED_FACE('',(#10073),#10061,.T.);
#10073 = FACE_BOUND('',#10074,.F.);
#10074 = EDGE_LOOP('',(#10075,#10096,#10097,#10098));
#10075 = ORIENTED_EDGE('',*,*,#10076,.F.);
#10076 = EDGE_CURVE('',#9989,#10077,#10079,.T.);
#10077 = VERTEX_POINT('',#10078);
#10078 = CARTESIAN_POINT('',(4.,0.,0.));
#10079 = SEAM_CURVE('',#10080,(#10084,#10090),.PCURVE_S1.);
#10080 = LINE('',#10081,#10082);
#10081 = CARTESIAN_POINT('',(5.,0.,1.));
#10082 = VECTOR('',#10083,1.);
#10083 = DIRECTION('',(-0.707106781187,-0.,-0.707106781187));
#10084 = PCURVE('',#10061,#10085);
#10085 = DEFINITIONAL_REPRESENTATION('',(#10086),#10089);
#10086 = B_SPLINE_CURVE_WITH_KNOTS('',1,(#10087,#10088),.UNSPECIFIED.,
  .F.,.F.,(2,2),(0.,1.414213562373),.PIECEWISE_BEZIER_KNOTS.);
#10087 = CARTESIAN_POINT('',(0.,0.));
#10088 = CARTESIAN_POINT('',(0.,-1.));
#10089 = ( GEOMETRIC_REPRESENTATION_CONTEXT(2) 
PARAMETRIC_REPRESENTATION_CONTEXT() REPRESENTATION_CONTEXT('2D SPACE',''
  ) );
#10090 = PCURVE('',#10061,#10091);
#10091 = DEFINITIONAL_REPRESENTATION('',(#10092),#10095);
#10092 = B_SPLINE_CURVE_WITH_KNOTS('',1,(#10093,#10094),.UNSPECIFIED.,
  .F.,.F.,(2,2),(0.,1.414213562373),.PIECEWISE_BEZIER_KNOTS.);
#10093 = CARTESIAN_POINT('',(6.28318530718,0.));
#10094 = CARTESIAN_POINT('',(6.28318530718,-1.));
#10095 = ( GEOMETRIC_REPRESENTATION_CONTEXT(2) 
PARAMETRIC_REPRESENTATION_CONTEXT() REPRESENTATION_CONTEXT('2D SPACE',''
  ) );
#10096 = ORIENTED_EDGE('',*,*,#10046,.T.);
#10097 = ORIENTED_EDGE('',*,*,#10076,.T.);
#10098 = ORIENTED_EDGE('',*,*,#10099,.F.);
#10099 = EDGE_CURVE('',#10077,#10077,#10100,.T.);
#10100 = SURFACE_CURVE('',#10101,(#10106,#10113),.PCURVE_S1.);
#10101 = CIRCLE('',#10102,4.);
#10102 = AXIS2_PLACEMENT_3D('',#10103,#10104,#10105);
#10103 = CARTESIAN_POINT('',(0.,0.,0.));
#10104 = DIRECTION('',(0.,0.,1.));
#10105 = DIRECTION('',(1.,0.,-0.));
#10106 = PCURVE('',#10061,#10107);
#10107 = DEFINITIONAL_REPRESENTATION('',(#10108),#10112);
#10108 = LINE('',#10109,#10110);
#10109 = CARTESIAN_POINT('',(0.,-1.));
#10110 = VECTOR('',#10111,1.);
#10111 = DIRECTION('',(1.,-0.));
#10112 = ( GEOMETRIC_REPRESENTATION_CONTEXT(2) 
PARAMETRIC_REPRESENTATION_CONTEXT() REPRESENTATION_CONTEXT('2D SPACE',''
  ) );
#10113 = PCURVE('',#10114,#10119);
#10114 = PLANE('',#10115);
#10115 = AXIS2_PLACEMENT_3D('',#10116,#10117,#10118);
#10116 = CARTESIAN_POINT('',(0.,0.,0.));
#10117 = DIRECTION('',(0.,0.,1.));
#10118 = DIRECTION('',(1.,0.,0.));
#10119 = DEFINITIONAL_REPRESENTATION('',(#10120),#10124);
#10120 = CIRCLE('',#10121,4.);
#10121 = AXIS2_PLACEMENT_2D('',#10122,#10123);
#10122 = CARTESIAN_POINT('',(0.,0.));
#10123 = DIRECTION('',(1.,0.));
#10124 = ( GEOMETRIC_REPRESENTATION_CONTEXT(2) 
PARAMETRIC_REPRESENTATION_CONTEXT() REPRESENTATION_CONTEXT('2D SPACE',''
  ) );
#10125 = ADVANCED_FACE('',(#10126),#10033,.T.);
#10126 = FACE_BOUND('',#10127,.T.);
#10127 = EDGE_LOOP('',(#10128,#10149,#10150,#10151));
#10128 = ORIENTED_EDGE('',*,*,#10129,.F.);
#10129 = EDGE_CURVE('',#9991,#10130,#10132,.T.);
#10130 = VERTEX_POINT('',#10131);
#10131 = CARTESIAN_POINT('',(4.,0.,7.));
#10132 = SEAM_CURVE('',#10133,(#10137,#10143),.PCURVE_S1.);
#10133 = LINE('',#10134,#10135);
#10134 = CARTESIAN_POINT('',(5.,0.,6.));
#10135 = VECTOR('',#10136,1.);
#10136 = DIRECTION('',(-0.707106781187,0.,0.707106781187));
#10137 = PCURVE('',#10033,#10138);
#10138 = DEFINITIONAL_REPRESENTATION('',(#10139),#10142);
#10139 = B_SPLINE_CURVE_WITH_KNOTS('',1,(#10140,#10141),.UNSPECIFIED.,
  .F.,.F.,(2,2),(0.,1.414213562373),.PIECEWISE_BEZIER_KNOTS.);
#10140 = CARTESIAN_POINT('',(0.,0.));
#10141 = CARTESIAN_POINT('',(0.,-1.));
#10142 = ( GEOMETRIC_REPRESENTATION_CONTEXT(2) 
PARAMETRIC_REPRESENTATION_CONTEXT() REPRESENTATION_CONTEXT('2D SPACE',''
  ) );
#10143 = PCURVE('',#10033,#10144);
#10144 = DEFINITIONAL_REPRESENTATION('',(#10145),#10148);
#10145 = B_SPLINE_CURVE_WITH_KNOTS('',1,(#10146,#10147),.UNSPECIFIED.,
  .F.,.F.,(2,2),(0.,1.414213562373),.PIECEWISE_BEZIER_KNOTS.);
#10146 = CARTESIAN_POINT('',(-6.28318530718,0.));
#10147 = CARTESIAN_POINT('',(-6.28318530718,-1.));
#10148 = ( GEOMETRIC_REPRESENTATION_CONTEXT(2) 
PARAMETRIC_REPRESENTATION_CONTEXT() REPRESENTATION_CONTEXT('2D SPACE',''
  ) );
#10149 = ORIENTED_EDGE('',*,*,#10018,.T.);
#10150 = ORIENTED_EDGE('',*,*,#10129,.T.);
#10151 = ORIENTED_EDGE('',*,*,#10152,.F.);
#10152 = EDGE_CURVE('',#10130,#10130,#10153,.T.);
#10153 = SURFACE_CURVE('',#10154,(#10159,#10166),.PCURVE_S1.);
#10154 = CIRCLE('',#10155,4.);
#10155 = AXIS2_PLACEMENT_3D('',#10156,#10157,#10158);
#10156 = CARTESIAN_POINT('',(0.,0.,7.));
#10157 = DIRECTION('',(0.,0.,1.));
#10158 = DIRECTION('',(1.,0.,-0.));
#10159 = PCURVE('',#10033,#10160);
#10160 = DEFINITIONAL_REPRESENTATION('',(#10161),#10165);
#10161 = LINE('',#10162,#10163);
#10162 = CARTESIAN_POINT('',(-0.,-1.));
#10163 = VECTOR('',#10164,1.);
#10164 = DIRECTION('',(-1.,-0.));
#10165 = ( GEOMETRIC_REPRESENTATION_CONTEXT(2) 
PARAMETRIC_REPRESENTATION_CONTEXT() REPRESENTATION_CONTEXT('2D SPACE',''
  ) );
#10166 = PCURVE('',#10167,#10172);
#10167 = PLANE('',#10168);
#10168 = AXIS2_PLACEMENT_3D('',#10169,#10170,#10171);
#10169 = CARTESIAN_POINT('',(0.,0.,7.));
#10170 = DIRECTION('',(0.,0.,1.));
#10171 = DIRECTION('',(1.,0.,0.));
#10172 = DEFINITIONAL_REPRESENTATION('',(#10173),#10177);
#10173 = CIRCLE('',#10174,4.);
#10174 = AXIS2_PLACEMENT_2D('',#10175,#10176);
#10175 = CARTESIAN_POINT('',(0.,0.));
#10176 = DIRECTION('',(1.,0.));
#10177 = ( GEOMETRIC_REPRESENTATION_CONTEXT(2) 
PARAMETRIC_REPRESENTATION_CONTEXT() REPRESENTATION_CONTEXT('2D SPACE',''
  ) );
#10178 = ADVANCED_FACE('',(#10179),#10114,.F.);
#10179 = FACE_BOUND('',#10180,.F.);
#10180 = EDGE_LOOP('',(#10181));
#10181 = ORIENTED_EDGE('',*,*,#10099,.T.);
#10182 = ADVANCED_FACE('',(#10183),#10167,.T.);
#10183 = FACE_BOUND('',#10184,.T.);
#10184 = EDGE_LOOP('',(#10185));
#10185 = ORIENTED_EDGE('',*,*,#10152,.T.);
#10186 = ( GEOMETRIC_REPRESENTATION_CONTEXT(3) 
GLOBAL_UNCERTAINTY_ASSIGNED_CONTEXT((#10190)) 
GLOBAL_UNIT_ASSIGNED_CONTEXT((#10187,#10188,#10189)) 
REPRESENTATION_CONTEXT('Context #1',
  '3D Context with UNIT and UNCERTAINTY') );
#10187 = ( LENGTH_UNIT() NAMED_UNIT(*) SI_UNIT(.MILLI.,.METRE.) );
#10188 = ( NAMED_UNIT(*) PLANE_ANGLE_UNIT() SI_UNIT($,.RADIAN.) );
#10189 = ( NAMED_UNIT(*) SI_UNIT($,.STERADIAN.) SOLID_ANGLE_UNIT() );
#10190 = UNCERTAINTY_MEASURE_WITH_UNIT(LENGTH_MEASURE(1.E-07),#10187,
  'distance_accuracy_value','confusion accuracy');
#10191 = CONTEXT_DEPENDENT_SHAPE_REPRESENTATION(#10192,#10194);
#10192 = ( REPRESENTATION_RELATIONSHIP('','',#9981,#10) 
REPRESENTATION_RELATIONSHIP_WITH_TRANSFORMATION(#10193) 
SHAPE_REPRESENTATION_RELATIONSHIP() );
#10193 = ITEM_DEFINED_TRANSFORMATION('','',#11,#99);
#10194 = PRODUCT_DEFINITION_SHAPE('Placement','Placement of an item',
  #10195);
#10195 = NEXT_ASSEMBLY_USAGE_OCCURRENCE('22','seed_small_13','',#5,#9976
  ,$);
#10196 = PRODUCT_RELATED_PRODUCT_CATEGORY('part',$,(#9978));
#10197 = SHAPE_DEFINITION_REPRESENTATION(#10198,#10204);
#10198 = PRODUCT_DEFINITION_SHAPE('','',#10199);
#10199 = PRODUCT_DEFINITION('design','',#10200,#10203);
#10200 = PRODUCT_DEFINITION_FORMATION('','',#10201);
#10201 = PRODUCT('seed_small_14','seed_small_14','',(#10202));
#10202 = PRODUCT_CONTEXT('',#2,'mechanical');
#10203 = PRODUCT_DEFINITION_CONTEXT('part definition',#2,'design');
#10204 = ADVANCED_BREP_SHAPE_REPRESENTATION('',(#11,#10205),#10409);
#10205 = MANIFOLD_SOLID_BREP('',#10206);
#10206 = CLOSED_SHELL('',(#10207,#10295,#10348,#10401,#10405));
#10207 = ADVANCED_FACE('',(#10208),#10222,.T.);
#10208 = FACE_BOUND('',#10209,.T.);
#10209 = EDGE_LOOP('',(#10210,#10240,#10267,#10268));
#10210 = ORIENTED_EDGE('',*,*,#10211,.T.);
#10211 = EDGE_CURVE('',#10212,#10214,#10216,.T.);
#10212 = VERTEX_POINT('',#10213);
#10213 = CARTESIAN_POINT('',(5.,0.,1.));
#10214 = VERTEX_POINT('',#10215);
#10215 = CARTESIAN_POINT('',(5.,0.,6.));
#10216 = SEAM_CURVE('',#10217,(#10221,#10233),.PCURVE_S1.);
#10217 = LINE('',#10218,#10219);
#10218 = CARTESIAN_POINT('',(5.,-1.224646799147E-15,0.));
#10219 = VECTOR('',#10220,1.);
#10220 = DIRECTION('',(0.,0.,1.));
#10221 = PCURVE('',#10222,#10227);
#10222 = CYLINDRICAL_SURFACE('',#10223,5.);
#10223 = AXIS2_PLACEMENT_3D('',#10224,#10225,#10226);
#10224 = CARTESIAN_POINT('',(0.,0.,0.));
#10225 = DIRECTION('',(0.,0.,1.));
#10226 = DIRECTION('',(1.,0.,0.));
#10227 = DEFINITIONAL_REPRESENTATION('',(#10228),#10232);
#10228 = LINE('',#10229,#10230);
#10229 = CARTESIAN_POINT('',(6.28318530718,-0.));
#10230 = VECTOR('',#10231,1.);
#10231 = DIRECTION('',(0.,1.));
#10232 = ( GEOMETRIC_REPRESENTATION_CONTEXT(2) 
PARAMETRIC_REPRESENTATION_CONTEXT() REPRESENTATION_CONTEXT('2D SPACE',''
  ) );
#10233 = PCURVE('',#10222,#10234);
#10234 = DEFINITIONAL_REPRESENTATION('',(#10235),#10239);
#10235 = LINE('',#10236,#10237);
#10236 = CARTESIAN_POINT('',(0.,-0.));
#10237 = VECTOR('',#10238,1.);
#10238 = DIRECTION('',(0.,1.));
#10239 = ( GEOMETRIC_REPRESENTATION_CONTEXT(2) 
PARAMETRIC_REPRESENTATION_CONTEXT() REPRESENTATION_CONTEXT('2D SPACE',''
  ) );
#10240 = ORIENTED_EDGE('',*,*,#10241,.F.);
#10241 = EDGE_CURVE('',#10214,#10214,#10242,.T.);
#10242 = SURFACE_CURVE('',#10243,(#10248,#10255),.PCURVE_S1.);
#10243 = CIRCLE('',#10244,5.);
#10244 = AXIS2_PLACEMENT_3D('',#10245,#10246,#10247);
#10245 = CARTESIAN_POINT('',(0.,0.,6.));
#10246 = DIRECTION('',(0.,0.,1.));
#10247 = DIRECTION('',(1.,0.,-0.));
#10248 = PCURVE('',#10222,#10249);
#10249 = DEFINITIONAL_REPRESENTATION('',(#10250),#10254);
#10250 = LINE('',#10251,#10252);
#10251 = CARTESIAN_POINT('',(0.,6.));
#10252 = VECTOR('',#10253,1.);
#10253 = DIRECTION('',(1.,0.));
#10254 = ( GEOMETRIC_REPRESENTATION_CONTEXT(2) 
PARAMETRIC_REPRESENTATION_CONTEXT() REPRESENTATION_CONTEXT('2D SPACE',''
  ) );
#10255 = PCURVE('',#10256,#10261);
#10256 = CONICAL_SURFACE('',#10257,5.,0.785398163397);
#10257 = AXIS2_PLACEMENT_3D('',#10258,#10259,#10260);
#10258 = CARTESIAN_POINT('',(0.,0.,6.));
#10259 = DIRECTION('',(-0.,-0.,-1.));
#10260 = DIRECTION('',(1.,0.,0.));
#10261 = DEFINITIONAL_REPRESENTATION('',(#10262),#10266);
#10262 = LINE('',#10263,#10264);
#10263 = CARTESIAN_POINT('',(-0.,-0.));
#10264 = VECTOR('',#10265,1.);
#10265 = DIRECTION('',(-1.,-0.));
#10266 = ( GEOMETRIC_REPRESENTATION_CONTEXT(2) 
PARAMETRIC_REPRESENTATION_CONTEXT() REPRESENTATION_CONTEXT('2D SPACE',''
  ) );
#10267 = ORIENTED_EDGE('',*,*,#10211,.F.);
#10268 = ORIENTED_EDGE('',*,*,#10269,.T.);
#10269 = EDGE_CURVE('',#10212,#10212,#10270,.T.);
#10270 = SURFACE_CURVE('',#10271,(#10276,#10283),.PCURVE_S1.);
#10271 = CIRCLE('',#10272,5.);
#10272 = AXIS2_PLACEMENT_3D('',#10273,#10274,#10275);
#10273 = CARTESIAN_POINT('',(0.,0.,1.));
#10274 = DIRECTION('',(0.,0.,1.));
#10275 = DIRECTION('',(1.,0.,-0.));
#10276 = PCURVE('',#10222,#10277);
#10277 = DEFINITIONAL_REPRESENTATION('',(#10278),#10282);
#10278 = LINE('',#10279,#10280);
#10279 = CARTESIAN_POINT('',(0.,1.));
#10280 = VECTOR('',#10281,1.);
#10281 = DIRECTION('',(1.,0.));
#10282 = ( GEOMETRIC_REPRESENTATION_CONTEXT(2) 
PARAMETRIC_REPRESENTATION_CONTEXT() REPRESENTATION_CONTEXT('2D SPACE',''
  ) );
#10283 = PCURVE('',#10284,#10289);
#10284 = CONICAL_SURFACE('',#10285,5.,0.785398163397);
#10285 = AXIS2_PLACEMENT_3D('',#10286,#10287,#10288);
#10286 = CARTESIAN_POINT('',(0.,0.,1.));
#10287 = DIRECTION('',(0.,0.,1.));
#10288 = DIRECTION('',(1.,0.,-0.));
#10289 = DEFINITIONAL_REPRESENTATION('',(#10290),#10294);
#10290 = LINE('',#10291,#10292);
#10291 = CARTESIAN_POINT('',(0.,-0.));
#10292 = VECTOR('',#10293,1.);
#10293 = DIRECTION('',(1.,-0.));
#10294 = ( GEOMETRIC_REPRESENTATION_CONTEXT(2) 
PARAMETRIC_REPRESENTATION_CONTEXT() REPRESENTATION_CONTEXT('2D SPACE',''
  ) );
#10295 = ADVANCED_FACE('',(#10296),#10284,.T.);
#10296 = FACE_BOUND('',#10297,.F.);
#10297 = EDGE_LOOP('',(#10298,#10319,#10320,#10321));
#10298 = ORIENTED_EDGE('',*,*,#10299,.F.);
#10299 = EDGE_CURVE('',#10212,#10300,#10302,.T.);
#10300 = VERTEX_POINT('',#10301);
#10301 = CARTESIAN_POINT('',(4.,0.,0.));
#10302 = SEAM_CURVE('',#10303,(#10307,#10313),.PCURVE_S1.);
#10303 = LINE('',#10304,#10305);
#10304 = CARTESIAN_POINT('',(5.,0.,1.));
#10305 = VECTOR('',#10306,1.);
#10306 = DIRECTION('',(-0.707106781187,-0.,-0.707106781187));
#10307 = PCURVE('',#10284,#10308);
#10308 = DEFINITIONAL_REPRESENTATION('',(#10309),#10312);
#10309 = B_SPLINE_CURVE_WITH_KNOTS('',1,(#10310,#10311),.UNSPECIFIED.,
  .F.,.F.,(2,2),(0.,1.414213562373),.PIECEWISE_BEZIER_KNOTS.);
#10310 = CARTESIAN_POINT('',(0.,0.));
#10311 = CARTESIAN_POINT('',(0.,-1.));
#10312 = ( GEOMETRIC_REPRESENTATION_CONTEXT(2) 
PARAMETRIC_REPRESENTATION_CONTEXT() REPRESENTATION_CONTEXT('2D SPACE',''
  ) );
#10313 = PCURVE('',#10284,#10314);
#10314 = DEFINITIONAL_REPRESENTATION('',(#10315),#10318);
#10315 = B_SPLINE_CURVE_WITH_KNOTS('',1,(#10316,#10317),.UNSPECIFIED.,
  .F.,.F.,(2,2),(0.,1.414213562373),.PIECEWISE_BEZIER_KNOTS.);
#10316 = CARTESIAN_POINT('',(6.28318530718,0.));
#10317 = CARTESIAN_POINT('',(6.28318530718,-1.));
#10318 = ( GEOMETRIC_REPRESENTATION_CONTEXT(2) 
PARAMETRIC_REPRESENTATION_CONTEXT() REPRESENTATION_CONTEXT('2D SPACE',''
  ) );
#10319 = ORIENTED_EDGE('',*,*,#10269,.T.);
#10320 = ORIENTED_EDGE('',*,*,#10299,.T.);
#10321 = ORIENTED_EDGE('',*,*,#10322,.F.);
#10322 = EDGE_CURVE('',#10300,#10300,#10323,.T.);
#10323 = SURFACE_CURVE('',#10324,(#10329,#10336),.PCURVE_S1.);
#10324 = CIRCLE('',#10325,4.);
#10325 = AXIS2_PLACEMENT_3D('',#10326,#10327,#10328);
#10326 = CARTESIAN_POINT('',(0.,0.,0.));
#10327 = DIRECTION('',(0.,0.,1.));
#10328 = DIRECTION('',(1.,0.,-0.));
#10329 = PCURVE('',#10284,#10330);
#10330 = DEFINITIONAL_REPRESENTATION('',(#10331),#10335);
#10331 = LINE('',#10332,#10333);
#10332 = CARTESIAN_POINT('',(0.,-1.));
#10333 = VECTOR('',#10334,1.);
#10334 = DIRECTION('',(1.,-0.));
#10335 = ( GEOMETRIC_REPRESENTATION_CONTEXT(2) 
PARAMETRIC_REPRESENTATION_CONTEXT() REPRESENTATION_CONTEXT('2D SPACE',''
  ) );
#10336 = PCURVE('',#10337,#10342);
#10337 = PLANE('',#10338);
#10338 = AXIS2_PLACEMENT_3D('',#10339,#10340,#10341);
#10339 = CARTESIAN_POINT('',(0.,0.,0.));
#10340 = DIRECTION('',(0.,0.,1.));
#10341 = DIRECTION('',(1.,0.,0.));
#10342 = DEFINITIONAL_REPRESENTATION('',(#10343),#10347);
#10343 = CIRCLE('',#10344,4.);
#10344 = AXIS2_PLACEMENT_2D('',#10345,#10346);
#10345 = CARTESIAN_POINT('',(0.,0.));
#10346 = DIRECTION('',(1.,0.));
#10347 = ( GEOMETRIC_REPRESENTATION_CONTEXT(2) 
PARAMETRIC_REPRESENTATION_CONTEXT() REPRESENTATION_CONTEXT('2D SPACE',''
  ) );
#10348 = ADVANCED_FACE('',(#10349),#10256,.T.);
#10349 = FACE_BOUND('',#10350,.T.);
#10350 = EDGE_LOOP('',(#10351,#10372,#10373,#10374));
#10351 = ORIENTED_EDGE('',*,*,#10352,.F.);
#10352 = EDGE_CURVE('',#10214,#10353,#10355,.T.);
#10353 = VERTEX_POINT('',#10354);
#10354 = CARTESIAN_POINT('',(4.,0.,7.));
#10355 = SEAM_CURVE('',#10356,(#10360,#10366),.PCURVE_S1.);
#10356 = LINE('',#10357,#10358);
#10357 = CARTESIAN_POINT('',(5.,0.,6.));
#10358 = VECTOR('',#10359,1.);
#10359 = DIRECTION('',(-0.707106781187,0.,0.707106781187));
#10360 = PCURVE('',#10256,#10361);
#10361 = DEFINITIONAL_REPRESENTATION('',(#10362),#10365);
#10362 = B_SPLINE_CURVE_WITH_KNOTS('',1,(#10363,#10364),.UNSPECIFIED.,
  .F.,.F.,(2,2),(0.,1.414213562373),.PIECEWISE_BEZIER_KNOTS.);
#10363 = CARTESIAN_POINT('',(0.,0.));
#10364 = CARTESIAN_POINT('',(0.,-1.));
#10365 = ( GEOMETRIC_REPRESENTATION_CONTEXT(2) 
PARAMETRIC_REPRESENTATION_CONTEXT() REPRESENTATION_CONTEXT('2D SPACE',''
  ) );
#10366 = PCURVE('',#10256,#10367);
#10367 = DEFINITIONAL_REPRESENTATION('',(#10368),#10371);
#10368 = B_SPLINE_CURVE_WITH_KNOTS('',1,(#10369,#10370),.UNSPECIFIED.,
  .F.,.F.,(2,2),(0.,1.414213562373),.PIECEWISE_BEZIER_KNOTS.);
#10369 = CARTESIAN_POINT('',(-6.28318530718,0.));
#10370 = CARTESIAN_POINT('',(-6.28318530718,-1.));
#10371 = ( GEOMETRIC_REPRESENTATION_CONTEXT(2) 
PARAMETRIC_REPRESENTATION_CONTEXT() REPRESENTATION_CONTEXT('2D SPACE',''
  ) );
#10372 = ORIENTED_EDGE('',*,*,#10241,.T.);
#10373 = ORIENTED_EDGE('',*,*,#10352,.T.);
#10374 = ORIENTED_EDGE('',*,*,#10375,.F.);
#10375 = EDGE_CURVE('',#10353,#10353,#10376,.T.);
#10376 = SURFACE_CURVE('',#10377,(#10382,#10389),.PCURVE_S1.);
#10377 = CIRCLE('',#10378,4.);
#10378 = AXIS2_PLACEMENT_3D('',#10379,#10380,#10381);
#10379 = CARTESIAN_POINT('',(0.,0.,7.));
#10380 = DIRECTION('',(0.,0.,1.));
#10381 = DIRECTION('',(1.,0.,-0.));
#10382 = PCURVE('',#10256,#10383);
#10383 = DEFINITIONAL_REPRESENTATION('',(#10384),#10388);
#10384 = LINE('',#10385,#10386);
#10385 = CARTESIAN_POINT('',(-0.,-1.));
#10386 = VECTOR('',#10387,1.);
#10387 = DIRECTION('',(-1.,-0.));
#10388 = ( GEOMETRIC_REPRESENTATION_CONTEXT(2) 
PARAMETRIC_REPRESENTATION_CONTEXT() REPRESENTATION_CONTEXT('2D SPACE',''
  ) );
#10389 = PCURVE('',#10390,#10395);
#10390 = PLANE('',#10391);
#10391 = AXIS2_PLACEMENT_3D('',#10392,#10393,#10394);
#10392 = CARTESIAN_POINT('',(0.,0.,7.));
#10393 = DIRECTION('',(0.,0.,1.));
#10394 = DIRECTION('',(1.,0.,0.));
#10395 = DEFINITIONAL_REPRESENTATION('',(#10396),#10400);
#10396 = CIRCLE('',#10397,4.);
#10397 = AXIS2_PLACEMENT_2D('',#10398,#10399);
#10398 = CARTESIAN_POINT('',(0.,0.));
#10399 = DIRECTION('',(1.,0.));
#10400 = ( GEOMETRIC_REPRESENTATION_CONTEXT(2) 
PARAMETRIC_REPRESENTATION_CONTEXT() REPRESENTATION_CONTEXT('2D SPACE',''
  ) );
#10401 = ADVANCED_FACE('',(#10402),#10337,.F.);
#10402 = FACE_BOUND('',#10403,.F.);
#10403 = EDGE_LOOP('',(#10404));
#10404 = ORIENTED_EDGE('',*,*,#10322,.T.);
#10405 = ADVANCED_FACE('',(#10406),#10390,.T.);
#10406 = FACE_BOUND('',#10407,.T.);
#10407 = EDGE_LOOP('',(#10408));
#10408 = ORIENTED_EDGE('',*,*,#10375,.T.);
#10409 = ( GEOMETRIC_REPRESENTATION_CONTEXT(3) 
GLOBAL_UNCERTAINTY_ASSIGNED_CONTEXT((#10413)) 
GLOBAL_UNIT_ASSIGNED_CONTEXT((#10410,#10411,#10412)) 
REPRESENTATION_CONTEXT('Context #1',
  '3D Context with UNIT and UNCERTAINTY') );
#10410 = ( LENGTH_UNIT() NAMED_UNIT(*) SI_UNIT(.MILLI.,.METRE.) );
#10411 = ( NAMED_UNIT(*) PLANE_ANGLE_UNIT() SI_UNIT($,.RADIAN.) );
#10412 = ( NAMED_UNIT(*) SI_UNIT($,.STERADIAN.) SOLID_ANGLE_UNIT() );
#10413 = UNCERTAINTY_MEASURE_WITH_UNIT(LENGTH_MEASURE(1.E-07),#10410,
  'distance_accuracy_value','confusion accuracy');
#10414 = CONTEXT_DEPENDENT_SHAPE_REPRESENTATION(#10415,#10417);
#10415 = ( REPRESENTATION_RELATIONSHIP('','',#10204,#10) 
REPRESENTATION_RELATIONSHIP_WITH_TRANSFORMATION(#10416) 
SHAPE_REPRESENTATION_RELATIONSHIP() );
#10416 = ITEM_DEFINED_TRANSFORMATION('','',#11,#103);
#10417 = PRODUCT_DEFINITION_SHAPE('Placement','Placement of an item',
  #10418);
#10418 = NEXT_ASSEMBLY_USAGE_OCCURRENCE('23','seed_small_14','',#5,
  #10199,$);
#10419 = PRODUCT_RELATED_PRODUCT_CATEGORY('part',$,(#10201));
#10420 = SHAPE_DEFINITION_REPRESENTATION(#10421,#10427);
#10421 = PRODUCT_DEFINITION_SHAPE('','',#10422);
#10422 = PRODUCT_DEFINITION('design','',#10423,#10426);
#10423 = PRODUCT_DEFINITION_FORMATION('','',#10424);
#10424 = PRODUCT('seed_small_15','seed_small_15','',(#10425));
#10425 = PRODUCT_CONTEXT('',#2,'mechanical');
#10426 = PRODUCT_DEFINITION_CONTEXT('part definition',#2,'design');
#10427 = ADVANCED_BREP_SHAPE_REPRESENTATION('',(#11,#10428),#10632);
#10428 = MANIFOLD_SOLID_BREP('',#10429);
#10429 = CLOSED_SHELL('',(#10430,#10518,#10571,#10624,#10628));
#10430 = ADVANCED_FACE('',(#10431),#10445,.T.);
#10431 = FACE_BOUND('',#10432,.T.);
#10432 = EDGE_LOOP('',(#10433,#10463,#10490,#10491));
#10433 = ORIENTED_EDGE('',*,*,#10434,.T.);
#10434 = EDGE_CURVE('',#10435,#10437,#10439,.T.);
#10435 = VERTEX_POINT('',#10436);
#10436 = CARTESIAN_POINT('',(5.,0.,1.));
#10437 = VERTEX_POINT('',#10438);
#10438 = CARTESIAN_POINT('',(5.,0.,6.));
#10439 = SEAM_CURVE('',#10440,(#10444,#10456),.PCURVE_S1.);
#10440 = LINE('',#10441,#10442);
#10441 = CARTESIAN_POINT('',(5.,-1.224646799147E-15,0.));
#10442 = VECTOR('',#10443,1.);
#10443 = DIRECTION('',(0.,0.,1.));
#10444 = PCURVE('',#10445,#10450);
#10445 = CYLINDRICAL_SURFACE('',#10446,5.);
#10446 = AXIS2_PLACEMENT_3D('',#10447,#10448,#10449);
#10447 = CARTESIAN_POINT('',(0.,0.,0.));
#10448 = DIRECTION('',(0.,0.,1.));
#10449 = DIRECTION('',(1.,0.,0.));
#10450 = DEFINITIONAL_REPRESENTATION('',(#10451),#10455);
#10451 = LINE('',#10452,#10453);
#10452 = CARTESIAN_POINT('',(6.28318530718,-0.));
#10453 = VECTOR('',#10454,1.);
#10454 = DIRECTION('',(0.,1.));
#10455 = ( GEOMETRIC_REPRESENTATION_CONTEXT(2) 
PARAMETRIC_REPRESENTATION_CONTEXT() REPRESENTATION_CONTEXT('2D SPACE',''
  ) );
#10456 = PCURVE('',#10445,#10457);
#10457 = DEFINITIONAL_REPRESENTATION('',(#10458),#10462);
#10458 = LINE('',#10459,#10460);
#10459 = CARTESIAN_POINT('',(0.,-0.));
#10460 = VECTOR('',#10461,1.);
#10461 = DIRECTION('',(0.,1.));
#10462 = ( GEOMETRIC_REPRESENTATION_CONTEXT(2) 
PARAMETRIC_REPRESENTATION_CONTEXT() REPRESENTATION_CONTEXT('2D SPACE',''
  ) );
#10463 = ORIENTED_EDGE('',*,*,#10464,.F.);
#10464 = EDGE_CURVE('',#10437,#10437,#10465,.T.);
#10465 = SURFACE_CURVE('',#10466,(#10471,#10478),.PCURVE_S1.);
#10466 = CIRCLE('',#10467,5.);
#10467 = AXIS2_PLACEMENT_3D('',#10468,#10469,#10470);
#10468 = CARTESIAN_POINT('',(0.,0.,6.));
#10469 = DIRECTION('',(0.,0.,1.));
#10470 = DIRECTION('',(1.,0.,-0.));
#10471 = PCURVE('',#10445,#10472);
#10472 = DEFINITIONAL_REPRESENTATION('',(#10473),#10477);
#10473 = LINE('',#10474,#10475);
#10474 = CARTESIAN_POINT('',(0.,6.));
#10475 = VECTOR('',#10476,1.);
#10476 = DIRECTION('',(1.,0.));
#10477 = ( GEOMETRIC_REPRESENTATION_CONTEXT(2) 
PARAMETRIC_REPRESENTATION_CONTEXT() REPRESENTATION_CONTEXT('2D SPACE',''
  ) );
#10478 = PCURVE('',#10479,#10484);
#10479 = CONICAL_SURFACE('',#10480,5.,0.785398163397);
#10480 = AXIS2_PLACEMENT_3D('',#10481,#10482,#10483);
#10481 = CARTESIAN_POINT('',(0.,0.,6.));
#10482 = DIRECTION('',(-0.,-0.,-1.));
#10483 = DIRECTION('',(1.,0.,0.));
#10484 = DEFINITIONAL_REPRESENTATION('',(#10485),#10489);
#10485 = LINE('',#10486,#10487);
#10486 = CARTESIAN_POINT('',(-0.,-0.));
#10487 = VECTOR('',#10488,1.);
#10488 = DIRECTION('',(-1.,-0.));
#10489 = ( GEOMETRIC_REPRESENTATION_CONTEXT(2) 
PARAMETRIC_REPRESENTATION_CONTEXT() REPRESENTATION_CONTEXT('2D SPACE',''
  ) );
#10490 = ORIENTED_EDGE('',*,*,#10434,.F.);
#10491 = ORIENTED_EDGE('',*,*,#10492,.T.);
#10492 = EDGE_CURVE('',#10435,#10435,#10493,.T.);
#10493 = SURFACE_CURVE('',#10494,(#10499,#10506),.PCURVE_S1.);
#10494 = CIRCLE('',#10495,5.);
#10495 = AXIS2_PLACEMENT_3D('',#10496,#10497,#10498);
#10496 = CARTESIAN_POINT('',(0.,0.,1.));
#10497 = DIRECTION('',(0.,0.,1.));
#10498 = DIRECTION('',(1.,0.,-0.));
#10499 = PCURVE('',#10445,#10500);
#10500 = DEFINITIONAL_REPRESENTATION('',(#10501),#10505);
#10501 = LINE('',#10502,#10503);
#10502 = CARTESIAN_POINT('',(0.,1.));
#10503 = VECTOR('',#10504,1.);
#10504 = DIRECTION('',(1.,0.));
#10505 = ( GEOMETRIC_REPRESENTATION_CONTEXT(2) 
PARAMETRIC_REPRESENTATION_CONTEXT() REPRESENTATION_CONTEXT('2D SPACE',''
  ) );
#10506 = PCURVE('',#10507,#10512);
#10507 = CONICAL_SURFACE('',#10508,5.,0.785398163397);
#10508 = AXIS2_PLACEMENT_3D('',#10509,#10510,#10511);
#10509 = CARTESIAN_POINT('',(0.,0.,1.));
#10510 = DIRECTION('',(0.,0.,1.));
#10511 = DIRECTION('',(1.,0.,-0.));
#10512 = DEFINITIONAL_REPRESENTATION('',(#10513),#10517);
#10513 = LINE('',#10514,#10515);
#10514 = CARTESIAN_POINT('',(0.,-0.));
#10515 = VECTOR('',#10516,1.);
#10516 = DIRECTION('',(1.,-0.));
#10517 = ( GEOMETRIC_REPRESENTATION_CONTEXT(2) 
PARAMETRIC_REPRESENTATION_CONTEXT() REPRESENTATION_CONTEXT('2D SPACE',''
  ) );
#10518 = ADVANCED_FACE('',(#10519),#10507,.T.);
#10519 = FACE_BOUND('',#10520,.F.);
#10520 = EDGE_LOOP('',(#10521,#10542,#10543,#10544));
#10521 = ORIENTED_EDGE('',*,*,#10522,.F.);
#10522 = EDGE_CURVE('',#10435,#10523,#10525,.T.);
#10523 = VERTEX_POINT('',#10524);
#10524 = CARTESIAN_POINT('',(4.,0.,0.));
#10525 = SEAM_CURVE('',#10526,(#10530,#10536),.PCURVE_S1.);
#10526 = LINE('',#10527,#10528);
#10527 = CARTESIAN_POINT('',(5.,0.,1.));
#10528 = VECTOR('',#10529,1.);
#10529 = DIRECTION('',(-0.707106781187,-0.,-0.707106781187));
#10530 = PCURVE('',#10507,#10531);
#10531 = DEFINITIONAL_REPRESENTATION('',(#10532),#10535);
#10532 = B_SPLINE_CURVE_WITH_KNOTS('',1,(#10533,#10534),.UNSPECIFIED.,
  .F.,.F.,(2,2),(0.,1.414213562373),.PIECEWISE_BEZIER_KNOTS.);
#10533 = CARTESIAN_POINT('',(0.,0.));
#10534 = CARTESIAN_POINT('',(0.,-1.));
#10535 = ( GEOMETRIC_REPRESENTATION_CONTEXT(2) 
PARAMETRIC_REPRESENTATION_CONTEXT() REPRESENTATION_CONTEXT('2D SPACE',''
  ) );
#10536 = PCURVE('',#10507,#10537);
#10537 = DEFINITIONAL_REPRESENTATION('',(#10538),#10541);
#10538 = B_SPLINE_CURVE_WITH_KNOTS('',1,(#10539,#10540),.UNSPECIFIED.,
  .F.,.F.,(2,2),(0.,1.414213562373),.PIECEWISE_BEZIER_KNOTS.);
#10539 = CARTESIAN_POINT('',(6.28318530718,0.));
#10540 = CARTESIAN_POINT('',(6.28318530718,-1.));
#10541 = ( GEOMETRIC_REPRESENTATION_CONTEXT(2) 
PARAMETRIC_REPRESENTATION_CONTEXT() REPRESENTATION_CONTEXT('2D SPACE',''
  ) );
#10542 = ORIENTED_EDGE('',*,*,#10492,.T.);
#10543 = ORIENTED_EDGE('',*,*,#10522,.T.);
#10544 = ORIENTED_EDGE('',*,*,#10545,.F.);
#10545 = EDGE_CURVE('',#10523,#10523,#10546,.T.);
#10546 = SURFACE_CURVE('',#10547,(#10552,#10559),.PCURVE_S1.);
#10547 = CIRCLE('',#10548,4.);
#10548 = AXIS2_PLACEMENT_3D('',#10549,#10550,#10551);
#10549 = CARTESIAN_POINT('',(0.,0.,0.));
#10550 = DIRECTION('',(0.,0.,1.));
#10551 = DIRECTION('',(1.,0.,-0.));
#10552 = PCURVE('',#10507,#10553);
#10553 = DEFINITIONAL_REPRESENTATION('',(#10554),#10558);
#10554 = LINE('',#10555,#10556);
#10555 = CARTESIAN_POINT('',(0.,-1.));
#10556 = VECTOR('',#10557,1.);
#10557 = DIRECTION('',(1.,-0.));
#10558 = ( GEOMETRIC_REPRESENTATION_CONTEXT(2) 
PARAMETRIC_REPRESENTATION_CONTEXT() REPRESENTATION_CONTEXT('2D SPACE',''
  ) );
#10559 = PCURVE('',#10560,#10565);
#10560 = PLANE('',#10561);
#10561 = AXIS2_PLACEMENT_3D('',#10562,#10563,#10564);
#10562 = CARTESIAN_POINT('',(0.,0.,0.));
#10563 = DIRECTION('',(0.,0.,1.));
#10564 = DIRECTION('',(1.,0.,0.));
#10565 = DEFINITIONAL_REPRESENTATION('',(#10566),#10570);
#10566 = CIRCLE('',#10567,4.);
#10567 = AXIS2_PLACEMENT_2D('',#10568,#10569);
#10568 = CARTESIAN_POINT('',(0.,0.));
#10569 = DIRECTION('',(1.,0.));
#10570 = ( GEOMETRIC_REPRESENTATION_CONTEXT(2) 
PARAMETRIC_REPRESENTATION_CONTEXT() REPRESENTATION_CONTEXT('2D SPACE',''
  ) );
#10571 = ADVANCED_FACE('',(#10572),#10479,.T.);
#10572 = FACE_BOUND('',#10573,.T.);
#10573 = EDGE_LOOP('',(#10574,#10595,#10596,#10597));
#10574 = ORIENTED_EDGE('',*,*,#10575,.F.);
#10575 = EDGE_CURVE('',#10437,#10576,#10578,.T.);
#10576 = VERTEX_POINT('',#10577);
#10577 = CARTESIAN_POINT('',(4.,0.,7.));
#10578 = SEAM_CURVE('',#10579,(#10583,#10589),.PCURVE_S1.);
#10579 = LINE('',#10580,#10581);
#10580 = CARTESIAN_POINT('',(5.,0.,6.));
#10581 = VECTOR('',#10582,1.);
#10582 = DIRECTION('',(-0.707106781187,0.,0.707106781187));
#10583 = PCURVE('',#10479,#10584);
#10584 = DEFINITIONAL_REPRESENTATION('',(#10585),#10588);
#10585 = B_SPLINE_CURVE_WITH_KNOTS('',1,(#10586,#10587),.UNSPECIFIED.,
  .F.,.F.,(2,2),(0.,1.414213562373),.PIECEWISE_BEZIER_KNOTS.);
#10586 = CARTESIAN_POINT('',(0.,0.));
#10587 = CARTESIAN_POINT('',(0.,-1.));
#10588 = ( GEOMETRIC_REPRESENTATION_CONTEXT(2) 
PARAMETRIC_REPRESENTATION_CONTEXT() REPRESENTATION_CONTEXT('2D SPACE',''
  ) );
#10589 = PCURVE('',#10479,#10590);
#10590 = DEFINITIONAL_REPRESENTATION('',(#10591),#10594);
#10591 = B_SPLINE_CURVE_WITH_KNOTS('',1,(#10592,#10593),.UNSPECIFIED.,
  .F.,.F.,(2,2),(0.,1.414213562373),.PIECEWISE_BEZIER_KNOTS.);
#10592 = CARTESIAN_POINT('',(-6.28318530718,0.));
#10593 = CARTESIAN_POINT('',(-6.28318530718,-1.));
#10594 = ( GEOMETRIC_REPRESENTATION_CONTEXT(2) 
PARAMETRIC_REPRESENTATION_CONTEXT() REPRESENTATION_CONTEXT('2D SPACE',''
  ) );
#10595 = ORIENTED_EDGE('',*,*,#10464,.T.);
#10596 = ORIENTED_EDGE('',*,*,#10575,.T.);
#10597 = ORIENTED_EDGE('',*,*,#10598,.F.);
#10598 = EDGE_CURVE('',#10576,#10576,#10599,.T.);
#10599 = SURFACE_CURVE('',#10600,(#10605,#10612),.PCURVE_S1.);
#10600 = CIRCLE('',#10601,4.);
#10601 = AXIS2_PLACEMENT_3D('',#10602,#10603,#10604);
#10602 = CARTESIAN_POINT('',(0.,0.,7.));
#10603 = DIRECTION('',(0.,0.,1.));
#10604 = DIRECTION('',(1.,0.,-0.));
#10605 = PCURVE('',#10479,#10606);
#10606 = DEFINITIONAL_REPRESENTATION('',(#10607),#10611);
#10607 = LINE('',#10608,#10609);
#10608 = CARTESIAN_POINT('',(-0.,-1.));
#10609 = VECTOR('',#10610,1.);
#10610 = DIRECTION('',(-1.,-0.));
#10611 = ( GEOMETRIC_REPRESENTATION_CONTEXT(2) 
PARAMETRIC_REPRESENTATION_CONTEXT() REPRESENTATION_CONTEXT('2D SPACE',''
  ) );
#10612 = PCURVE('',#10613,#10618);
#10613 = PLANE('',#10614);
#10614 = AXIS2_PLACEMENT_3D('',#10615,#10616,#10617);
#10615 = CARTESIAN_POINT('',(0.,0.,7.));
#10616 = DIRECTION('',(0.,0.,1.));
#10617 = DIRECTION('',(1.,0.,0.));
#10618 = DEFINITIONAL_REPRESENTATION('',(#10619),#10623);
#10619 = CIRCLE('',#10620,4.);
#10620 = AXIS2_PLACEMENT_2D('',#10621,#10622);
#10621 = CARTESIAN_POINT('',(0.,0.));
#10622 = DIRECTION('',(1.,0.));
#10623 = ( GEOMETRIC_REPRESENTATION_CONTEXT(2) 
PARAMETRIC_REPRESENTATION_CONTEXT() REPRESENTATION_CONTEXT('2D SPACE',''
  ) );
#10624 = ADVANCED_FACE('',(#10625),#10560,.F.);
#10625 = FACE_BOUND('',#10626,.F.);
#10626 = EDGE_LOOP('',(#10627));
#10627 = ORIENTED_EDGE('',*,*,#10545,.T.);
#10628 = ADVANCED_FACE('',(#10629),#10613,.T.);
#10629 = FACE_BOUND('',#10630,.T.);
#10630 = EDGE_LOOP('',(#10631));
#10631 = ORIENTED_EDGE('',*,*,#10598,.T.);
#10632 = ( GEOMETRIC_REPRESENTATION_CONTEXT(3) 
GLOBAL_UNCERTAINTY_ASSIGNED_CONTEXT((#10636)) 
GLOBAL_UNIT_ASSIGNED_CONTEXT((#10633,#10634,#10635)) 
REPRESENTATION_CONTEXT('Context #1',
  '3D Context with UNIT and UNCERTAINTY') );
#10633 = ( LENGTH_UNIT() NAMED_UNIT(*) SI_UNIT(.MILLI.,.METRE.) );
#10634 = ( NAMED_UNIT(*) PLANE_ANGLE_UNIT() SI_UNIT($,.RADIAN.) );
#10635 = ( NAMED_UNIT(*) SI_UNIT($,.STERADIAN.) SOLID_ANGLE_UNIT() );
#10636 = UNCERTAINTY_MEASURE_WITH_UNIT(LENGTH_MEASURE(1.E-07),#10633,
  'distance_accuracy_value','confusion accuracy');
#10637 = CONTEXT_DEPENDENT_SHAPE_REPRESENTATION(#10638,#10640);
#10638 = ( REPRESENTATION_RELATIONSHIP('','',#10427,#10) 
REPRESENTATION_RELATIONSHIP_WITH_TRANSFORMATION(#10639) 
SHAPE_REPRESENTATION_RELATIONSHIP() );
#10639 = ITEM_DEFINED_TRANSFORMATION('','',#11,#107);
#10640 = PRODUCT_DEFINITION_SHAPE('Placement','Placement of an item',
  #10641);
#10641 = NEXT_ASSEMBLY_USAGE_OCCURRENCE('24','seed_small_15','',#5,
  #10422,$);
#10642 = PRODUCT_RELATED_PRODUCT_CATEGORY('part',$,(#10424));
#10643 = SHAPE_DEFINITION_REPRESENTATION(#10644,#10650);
#10644 = PRODUCT_DEFINITION_SHAPE('','',#10645);
#10645 = PRODUCT_DEFINITION('design','',#10646,#10649);
#10646 = PRODUCT_DEFINITION_FORMATION('','',#10647);
#10647 = PRODUCT('seed_small_16','seed_small_16','',(#10648));
#10648 = PRODUCT_CONTEXT('',#2,'mechanical');
#10649 = PRODUCT_DEFINITION_CONTEXT('part definition',#2,'design');
#10650 = ADVANCED_BREP_SHAPE_REPRESENTATION('',(#11,#10651),#10855);
#10651 = MANIFOLD_SOLID_BREP('',#10652);
#10652 = CLOSED_SHELL('',(#10653,#10741,#10794,#10847,#10851));
#10653 = ADVANCED_FACE('',(#10654),#10668,.T.);
#10654 = FACE_BOUND('',#10655,.T.);
#10655 = EDGE_LOOP('',(#10656,#10686,#10713,#10714));
#10656 = ORIENTED_EDGE('',*,*,#10657,.T.);
#10657 = EDGE_CURVE('',#10658,#10660,#10662,.T.);
#10658 = VERTEX_POINT('',#10659);
#10659 = CARTESIAN_POINT('',(5.,0.,1.));
#10660 = VERTEX_POINT('',#10661);
#10661 = CARTESIAN_POINT('',(5.,0.,6.));
#10662 = SEAM_CURVE('',#10663,(#10667,#10679),.PCURVE_S1.);
#10663 = LINE('',#10664,#10665);
#10664 = CARTESIAN_POINT('',(5.,-1.224646799147E-15,0.));
#10665 = VECTOR('',#10666,1.);
#10666 = DIRECTION('',(0.,0.,1.));
#10667 = PCURVE('',#10668,#10673);
#10668 = CYLINDRICAL_SURFACE('',#10669,5.);
#10669 = AXIS2_PLACEMENT_3D('',#10670,#10671,#10672);
#10670 = CARTESIAN_POINT('',(0.,0.,0.));
#10671 = DIRECTION('',(0.,0.,1.));
#10672 = DIRECTION('',(1.,0.,0.));
#10673 = DEFINITIONAL_REPRESENTATION('',(#10674),#10678);
#10674 = LINE('',#10675,#10676);
#10675 = CARTESIAN_POINT('',(6.28318530718,-0.));
#10676 = VECTOR('',#10677,1.);
#10677 = DIRECTION('',(0.,1.));
#10678 = ( GEOMETRIC_REPRESENTATION_CONTEXT(2) 
PARAMETRIC_REPRESENTATION_CONTEXT() REPRESENTATION_CONTEXT('2D SPACE',''
  ) );
#10679 = PCURVE('',#10668,#10680);
#10680 = DEFINITIONAL_REPRESENTATION('',(#10681),#10685);
#10681 = LINE('',#10682,#10683);
#10682 = CARTESIAN_POINT('',(0.,-0.));
#10683 = VECTOR('',#10684,1.);
#10684 = DIRECTION('',(0.,1.));
#10685 = ( GEOMETRIC_REPRESENTATION_CONTEXT(2) 
PARAMETRIC_REPRESENTATION_CONTEXT() REPRESENTATION_CONTEXT('2D SPACE',''
  ) );
#10686 = ORIENTED_EDGE('',*,*,#10687,.F.);
#10687 = EDGE_CURVE('',#10660,#10660,#10688,.T.);
#10688 = SURFACE_CURVE('',#10689,(#10694,#10701),.PCURVE_S1.);
#10689 = CIRCLE('',#10690,5.);
#10690 = AXIS2_PLACEMENT_3D('',#10691,#10692,#10693);
#10691 = CARTESIAN_POINT('',(0.,0.,6.));
#10692 = DIRECTION('',(0.,0.,1.));
#10693 = DIRECTION('',(1.,0.,-0.));
#10694 = PCURVE('',#10668,#10695);
#10695 = DEFINITIONAL_REPRESENTATION('',(#10696),#10700);
#10696 = LINE('',#10697,#10698);
#10697 = CARTESIAN_POINT('',(0.,6.));
#10698 = VECTOR('',#10699,1.);
#10699 = DIRECTION('',(1.,0.));
#10700 = ( GEOMETRIC_REPRESENTATION_CONTEXT(2) 
PARAMETRIC_REPRESENTATION_CONTEXT() REPRESENTATION_CONTEXT('2D SPACE',''
  ) );
#10701 = PCURVE('',#10702,#10707);
#10702 = CONICAL_SURFACE('',#10703,5.,0.785398163397);
#10703 = AXIS2_PLACEMENT_3D('',#10704,#10705,#10706);
#10704 = CARTESIAN_POINT('',(0.,0.,6.));
#10705 = DIRECTION('',(-0.,-0.,-1.));
#10706 = DIRECTION('',(1.,0.,0.));
#10707 = DEFINITIONAL_REPRESENTATION('',(#10708),#10712);
#10708 = LINE('',#10709,#10710);
#10709 = CARTESIAN_POINT('',(-0.,-0.));
#10710 = VECTOR('',#10711,1.);
#10711 = DIRECTION('',(-1.,-0.));
#10712 = ( GEOMETRIC_REPRESENTATION_CONTEXT(2) 
PARAMETRIC_REPRESENTATION_CONTEXT() REPRESENTATION_CONTEXT('2D SPACE',''
  ) );
#10713 = ORIENTED_EDGE('',*,*,#10657,.F.);
#10714 = ORIENTED_EDGE('',*,*,#10715,.T.);
#10715 = EDGE_CURVE('',#10658,#10658,#10716,.T.);
#10716 = SURFACE_CURVE('',#10717,(#10722,#10729),.PCURVE_S1.);
#10717 = CIRCLE('',#10718,5.);
#10718 = AXIS2_PLACEMENT_3D('',#10719,#10720,#10721);
#10719 = CARTESIAN_POINT('',(0.,0.,1.));
#10720 = DIRECTION('',(0.,0.,1.));
#10721 = DIRECTION('',(1.,0.,-0.));
#10722 = PCURVE('',#10668,#10723);
#10723 = DEFINITIONAL_REPRESENTATION('',(#10724),#10728);
#10724 = LINE('',#10725,#10726);
#10725 = CARTESIAN_POINT('',(0.,1.));
#10726 = VECTOR('',#10727,1.);
#10727 = DIRECTION('',(1.,0.));
#10728 = ( GEOMETRIC_REPRESENTATION_CONTEXT(2) 
PARAMETRIC_REPRESENTATION_CONTEXT() REPRESENTATION_CONTEXT('2D SPACE',''
  ) );
#10729 = PCURVE('',#10730,#10735);
#10730 = CONICAL_SURFACE('',#10731,5.,0.785398163397);
#10731 = AXIS2_PLACEMENT_3D('',#10732,#10733,#10734);
#10732 = CARTESIAN_POINT('',(0.,0.,1.));
#10733 = DIRECTION('',(0.,0.,1.));
#10734 = DIRECTION('',(1.,0.,-0.));
#10735 = DEFINITIONAL_REPRESENTATION('',(#10736),#10740);
#10736 = LINE('',#10737,#10738);
#10737 = CARTESIAN_POINT('',(0.,-0.));
#10738 = VECTOR('',#10739,1.);
#10739 = DIRECTION('',(1.,-0.));
#10740 = ( GEOMETRIC_REPRESENTATION_CONTEXT(2) 
PARAMETRIC_REPRESENTATION_CONTEXT() REPRESENTATION_CONTEXT('2D SPACE',''
  ) );
#10741 = ADVANCED_FACE('',(#10742),#10730,.T.);
#10742 = FACE_BOUND('',#10743,.F.);
#10743 = EDGE_LOOP('',(#10744,#10765,#10766,#10767));
#10744 = ORIENTED_EDGE('',*,*,#10745,.F.);
#10745 = EDGE_CURVE('',#10658,#10746,#10748,.T.);
#10746 = VERTEX_POINT('',#10747);
#10747 = CARTESIAN_POINT('',(4.,0.,0.));
#10748 = SEAM_CURVE('',#10749,(#10753,#10759),.PCURVE_S1.);
#10749 = LINE('',#10750,#10751);
#10750 = CARTESIAN_POINT('',(5.,0.,1.));
#10751 = VECTOR('',#10752,1.);
#10752 = DIRECTION('',(-0.707106781187,-0.,-0.707106781187));
#10753 = PCURVE('',#10730,#10754);
#10754 = DEFINITIONAL_REPRESENTATION('',(#10755),#10758);
#10755 = B_SPLINE_CURVE_WITH_KNOTS('',1,(#10756,#10757),.UNSPECIFIED.,
  .F.,.F.,(2,2),(0.,1.414213562373),.PIECEWISE_BEZIER_KNOTS.);
#10756 = CARTESIAN_POINT('',(0.,0.));
#10757 = CARTESIAN_POINT('',(0.,-1.));
#10758 = ( GEOMETRIC_REPRESENTATION_CONTEXT(2) 
PARAMETRIC_REPRESENTATION_CONTEXT() REPRESENTATION_CONTEXT('2D SPACE',''
  ) );
#10759 = PCURVE('',#10730,#10760);
#10760 = DEFINITIONAL_REPRESENTATION('',(#10761),#10764);
#10761 = B_SPLINE_CURVE_WITH_KNOTS('',1,(#10762,#10763),.UNSPECIFIED.,
  .F.,.F.,(2,2),(0.,1.414213562373),.PIECEWISE_BEZIER_KNOTS.);
#10762 = CARTESIAN_POINT('',(6.28318530718,0.));
#10763 = CARTESIAN_POINT('',(6.28318530718,-1.));
#10764 = ( GEOMETRIC_REPRESENTATION_CONTEXT(2) 
PARAMETRIC_REPRESENTATION_CONTEXT() REPRESENTATION_CONTEXT('2D SPACE',''
  ) );
#10765 = ORIENTED_EDGE('',*,*,#10715,.T.);
#10766 = ORIENTED_EDGE('',*,*,#10745,.T.);
#10767 = ORIENTED_EDGE('',*,*,#10768,.F.);
#10768 = EDGE_CURVE('',#10746,#10746,#10769,.T.);
#10769 = SURFACE_CURVE('',#10770,(#10775,#10782),.PCURVE_S1.);
#10770 = CIRCLE('',#10771,4.);
#10771 = AXIS2_PLACEMENT_3D('',#10772,#10773,#10774);
#10772 = CARTESIAN_POINT('',(0.,0.,0.));
#10773 = DIRECTION('',(0.,0.,1.));
#10774 = DIRECTION('',(1.,0.,-0.));
#10775 = PCURVE('',#10730,#10776);
#10776 = DEFINITIONAL_REPRESENTATION('',(#10777),#10781);
#10777 = LINE('',#10778,#10779);
#10778 = CARTESIAN_POINT('',(0.,-1.));
#10779 = VECTOR('',#10780,1.);
#10780 = DIRECTION('',(1.,-0.));
#10781 = ( GEOMETRIC_REPRESENTATION_CONTEXT(2) 
PARAMETRIC_REPRESENTATION_CONTEXT() REPRESENTATION_CONTEXT('2D SPACE',''
  ) );
#10782 = PCURVE('',#10783,#10788);
#10783 = PLANE('',#10784);
#10784 = AXIS2_PLACEMENT_3D('',#10785,#10786,#10787);
#10785 = CARTESIAN_POINT('',(0.,0.,0.));
#10786 = DIRECTION('',(0.,0.,1.));
#10787 = DIRECTION('',(1.,0.,0.));
#10788 = DEFINITIONAL_REPRESENTATION('',(#10789),#10793);
#10789 = CIRCLE('',#10790,4.);
#10790 = AXIS2_PLACEMENT_2D('',#10791,#10792);
#10791 = CARTESIAN_POINT('',(0.,0.));
#10792 = DIRECTION('',(1.,0.));
#10793 = ( GEOMETRIC_REPRESENTATION_CONTEXT(2) 
PARAMETRIC_REPRESENTATION_CONTEXT() REPRESENTATION_CONTEXT('2D SPACE',''
  ) );
#10794 = ADVANCED_FACE('',(#10795),#10702,.T.);
#10795 = FACE_BOUND('',#10796,.T.);
#10796 = EDGE_LOOP('',(#10797,#10818,#10819,#10820));
#10797 = ORIENTED_EDGE('',*,*,#10798,.F.);
#10798 = EDGE_CURVE('',#10660,#10799,#10801,.T.);
#10799 = VERTEX_POINT('',#10800);
#10800 = CARTESIAN_POINT('',(4.,0.,7.));
#10801 = SEAM_CURVE('',#10802,(#10806,#10812),.PCURVE_S1.);
#10802 = LINE('',#10803,#10804);
#10803 = CARTESIAN_POINT('',(5.,0.,6.));
#10804 = VECTOR('',#10805,1.);
#10805 = DIRECTION('',(-0.707106781187,0.,0.707106781187));
#10806 = PCURVE('',#10702,#10807);
#10807 = DEFINITIONAL_REPRESENTATION('',(#10808),#10811);
#10808 = B_SPLINE_CURVE_WITH_KNOTS('',1,(#10809,#10810),.UNSPECIFIED.,
  .F.,.F.,(2,2),(0.,1.414213562373),.PIECEWISE_BEZIER_KNOTS.);
#10809 = CARTESIAN_POINT('',(0.,0.));
#10810 = CARTESIAN_POINT('',(0.,-1.));
#10811 = ( GEOMETRIC_REPRESENTATION_CONTEXT(2) 
PARAMETRIC_REPRESENTATION_CONTEXT() REPRESENTATION_CONTEXT('2D SPACE',''
  ) );
#10812 = PCURVE('',#10702,#10813);
#10813 = DEFINITIONAL_REPRESENTATION('',(#10814),#10817);
#10814 = B_SPLINE_CURVE_WITH_KNOTS('',1,(#10815,#10816),.UNSPECIFIED.,
  .F.,.F.,(2,2),(0.,1.414213562373),.PIECEWISE_BEZIER_KNOTS.);
#10815 = CARTESIAN_POINT('',(-6.28318530718,0.));
#10816 = CARTESIAN_POINT('',(-6.28318530718,-1.));
#10817 = ( GEOMETRIC_REPRESENTATION_CONTEXT(2) 
PARAMETRIC_REPRESENTATION_CONTEXT() REPRESENTATION_CONTEXT('2D SPACE',''
  ) );
#10818 = ORIENTED_EDGE('',*,*,#10687,.T.);
#10819 = ORIENTED_EDGE('',*,*,#10798,.T.);
#10820 = ORIENTED_EDGE('',*,*,#10821,.F.);
#10821 = EDGE_CURVE('',#10799,#10799,#10822,.T.);
#10822 = SURFACE_CURVE('',#10823,(#10828,#10835),.PCURVE_S1.);
#10823 = CIRCLE('',#10824,4.);
#10824 = AXIS2_PLACEMENT_3D('',#10825,#10826,#10827);
#10825 = CARTESIAN_POINT('',(0.,0.,7.));
#10826 = DIRECTION('',(0.,0.,1.));
#10827 = DIRECTION('',(1.,0.,-0.));
#10828 = PCURVE('',#10702,#10829);
#10829 = DEFINITIONAL_REPRESENTATION('',(#10830),#10834);
#10830 = LINE('',#10831,#10832);
#10831 = CARTESIAN_POINT('',(-0.,-1.));
#10832 = VECTOR('',#10833,1.);
#10833 = DIRECTION('',(-1.,-0.));
#10834 = ( GEOMETRIC_REPRESENTATION_CONTEXT(2) 
PARAMETRIC_REPRESENTATION_CONTEXT() REPRESENTATION_CONTEXT('2D SPACE',''
  ) );
#10835 = PCURVE('',#10836,#10841);
#10836 = PLANE('',#10837);
#10837 = AXIS2_PLACEMENT_3D('',#10838,#10839,#10840);
#10838 = CARTESIAN_POINT('',(0.,0.,7.));
#10839 = DIRECTION('',(0.,0.,1.));
#10840 = DIRECTION('',(1.,0.,0.));
#10841 = DEFINITIONAL_REPRESENTATION('',(#10842),#10846);
#10842 = CIRCLE('',#10843,4.);
#10843 = AXIS2_PLACEMENT_2D('',#10844,#10845);
#10844 = CARTESIAN_POINT('',(0.,0.));
#10845 = DIRECTION('',(1.,0.));
#10846 = ( GEOMETRIC_REPRESENTATION_CONTEXT(2) 
PARAMETRIC_REPRESENTATION_CONTEXT() REPRESENTATION_CONTEXT('2D SPACE',''
  ) );
#10847 = ADVANCED_FACE('',(#10848),#10783,.F.);
#10848 = FACE_BOUND('',#10849,.F.);
#10849 = EDGE_LOOP('',(#10850));
#10850 = ORIENTED_EDGE('',*,*,#10768,.T.);
#10851 = ADVANCED_FACE('',(#10852),#10836,.T.);
#10852 = FACE_BOUND('',#10853,.T.);
#10853 = EDGE_LOOP('',(#10854));
#10854 = ORIENTED_EDGE('',*,*,#10821,.T.);
#10855 = ( GEOMETRIC_REPRESENTATION_CONTEXT(3) 
GLOBAL_UNCERTAINTY_ASSIGNED_CONTEXT((#10859)) 
GLOBAL_UNIT_ASSIGNED_CONTEXT((#10856,#10857,#10858)) 
REPRESENTATION_CONTEXT('Context #1',
  '3D Context with UNIT and UNCERTAINTY') );
#10856 = ( LENGTH_UNIT() NAMED_UNIT(*) SI_UNIT(.MILLI.,.METRE.) );
#10857 = ( NAMED_UNIT(*) PLANE_ANGLE_UNIT() SI_UNIT($,.RADIAN.) );
#10858 = ( NAMED_UNIT(*) SI_UNIT($,.STERADIAN.) SOLID_ANGLE_UNIT() );
#10859 = UNCERTAINTY_MEASURE_WITH_UNIT(LENGTH_MEASURE(1.E-07),#10856,
  'distance_accuracy_value','confusion accuracy');
#10860 = CONTEXT_DEPENDENT_SHAPE_REPRESENTATION(#10861,#10863);
#10861 = ( REPRESENTATION_RELATIONSHIP('','',#10650,#10) 
REPRESENTATION_RELATIONSHIP_WITH_TRANSFORMATION(#10862) 
SHAPE_REPRESENTATION_RELATIONSHIP() );
#10862 = ITEM_DEFINED_TRANSFORMATION('','',#11,#111);
#10863 = PRODUCT_DEFINITION_SHAPE('Placement','Placement of an item',
  #10864);
#10864 = NEXT_ASSEMBLY_USAGE_OCCURRENCE('25','seed_small_16','',#5,
  #10645,$);
#10865 = PRODUCT_RELATED_PRODUCT_CATEGORY('part',$,(#10647));
#10866 = SHAPE_DEFINITION_REPRESENTATION(#10867,#10873);
#10867 = PRODUCT_DEFINITION_SHAPE('','',#10868);
#10868 = PRODUCT_DEFINITION('design','',#10869,#10872);
#10869 = PRODUCT_DEFINITION_FORMATION('','',#10870);
#10870 = PRODUCT('seed_medium_05','seed_medium_05','',(#10871));
#10871 = PRODUCT_CONTEXT('',#2,'mechanical');
#10872 = PRODUCT_DEFINITION_CONTEXT('part definition',#2,'design');
#10873 = ADVANCED_BREP_SHAPE_REPRESENTATION('',(#11,#10874),#11078);
#10874 = MANIFOLD_SOLID_BREP('',#10875);
#10875 = CLOSED_SHELL('',(#10876,#10964,#11017,#11070,#11074));
#10876 = ADVANCED_FACE('',(#10877),#10891,.T.);
#10877 = FACE_BOUND('',#10878,.T.);
#10878 = EDGE_LOOP('',(#10879,#10909,#10936,#10937));
#10879 = ORIENTED_EDGE('',*,*,#10880,.T.);
#10880 = EDGE_CURVE('',#10881,#10883,#10885,.T.);
#10881 = VERTEX_POINT('',#10882);
#10882 = CARTESIAN_POINT('',(7.,0.,1.));
#10883 = VERTEX_POINT('',#10884);
#10884 = CARTESIAN_POINT('',(7.,0.,6.));
#10885 = SEAM_CURVE('',#10886,(#10890,#10902),.PCURVE_S1.);
#10886 = LINE('',#10887,#10888);
#10887 = CARTESIAN_POINT('',(7.,-1.714505518806E-15,0.));
#10888 = VECTOR('',#10889,1.);
#10889 = DIRECTION('',(0.,0.,1.));
#10890 = PCURVE('',#10891,#10896);
#10891 = CYLINDRICAL_SURFACE('',#10892,7.);
#10892 = AXIS2_PLACEMENT_3D('',#10893,#10894,#10895);
#10893 = CARTESIAN_POINT('',(0.,0.,0.));
#10894 = DIRECTION('',(0.,0.,1.));
#10895 = DIRECTION('',(1.,0.,0.));
#10896 = DEFINITIONAL_REPRESENTATION('',(#10897),#10901);
#10897 = LINE('',#10898,#10899);
#10898 = CARTESIAN_POINT('',(6.28318530718,-0.));
#10899 = VECTOR('',#10900,1.);
#10900 = DIRECTION('',(0.,1.));
#10901 = ( GEOMETRIC_REPRESENTATION_CONTEXT(2) 
PARAMETRIC_REPRESENTATION_CONTEXT() REPRESENTATION_CONTEXT('2D SPACE',''
  ) );
#10902 = PCURVE('',#10891,#10903);
#10903 = DEFINITIONAL_REPRESENTATION('',(#10904),#10908);
#10904 = LINE('',#10905,#10906);
#10905 = CARTESIAN_POINT('',(0.,-0.));
#10906 = VECTOR('',#10907,1.);
#10907 = DIRECTION('',(0.,1.));
#10908 = ( GEOMETRIC_REPRESENTATION_CONTEXT(2) 
PARAMETRIC_REPRESENTATION_CONTEXT() REPRESENTATION_CONTEXT('2D SPACE',''
  ) );
#10909 = ORIENTED_EDGE('',*,*,#10910,.F.);
#10910 = EDGE_CURVE('',#10883,#10883,#10911,.T.);
#10911 = SURFACE_CURVE('',#10912,(#10917,#10924),.PCURVE_S1.);
#10912 = CIRCLE('',#10913,7.);
#10913 = AXIS2_PLACEMENT_3D('',#10914,#10915,#10916);
#10914 = CARTESIAN_POINT('',(0.,0.,6.));
#10915 = DIRECTION('',(0.,0.,1.));
#10916 = DIRECTION('',(1.,0.,-0.));
#10917 = PCURVE('',#10891,#10918);
#10918 = DEFINITIONAL_REPRESENTATION('',(#10919),#10923);
#10919 = LINE('',#10920,#10921);
#10920 = CARTESIAN_POINT('',(0.,6.));
#10921 = VECTOR('',#10922,1.);
#10922 = DIRECTION('',(1.,0.));
#10923 = ( GEOMETRIC_REPRESENTATION_CONTEXT(2) 
PARAMETRIC_REPRESENTATION_CONTEXT() REPRESENTATION_CONTEXT('2D SPACE',''
  ) );
#10924 = PCURVE('',#10925,#10930);
#10925 = CONICAL_SURFACE('',#10926,7.,0.785398163397);
#10926 = AXIS2_PLACEMENT_3D('',#10927,#10928,#10929);
#10927 = CARTESIAN_POINT('',(0.,0.,6.));
#10928 = DIRECTION('',(-0.,-0.,-1.));
#10929 = DIRECTION('',(1.,0.,0.));
#10930 = DEFINITIONAL_REPRESENTATION('',(#10931),#10935);
#10931 = LINE('',#10932,#10933);
#10932 = CARTESIAN_POINT('',(-0.,-0.));
#10933 = VECTOR('',#10934,1.);
#10934 = DIRECTION('',(-1.,-0.));
#10935 = ( GEOMETRIC_REPRESENTATION_CONTEXT(2) 
PARAMETRIC_REPRESENTATION_CONTEXT() REPRESENTATION_CONTEXT('2D SPACE',''
  ) );
#10936 = ORIENTED_EDGE('',*,*,#10880,.F.);
#10937 = ORIENTED_EDGE('',*,*,#10938,.T.);
#10938 = EDGE_CURVE('',#10881,#10881,#10939,.T.);
#10939 = SURFACE_CURVE('',#10940,(#10945,#10952),.PCURVE_S1.);
#10940 = CIRCLE('',#10941,7.);
#10941 = AXIS2_PLACEMENT_3D('',#10942,#10943,#10944);
#10942 = CARTESIAN_POINT('',(0.,0.,1.));
#10943 = DIRECTION('',(0.,0.,1.));
#10944 = DIRECTION('',(1.,0.,-0.));
#10945 = PCURVE('',#10891,#10946);
#10946 = DEFINITIONAL_REPRESENTATION('',(#10947),#10951);
#10947 = LINE('',#10948,#10949);
#10948 = CARTESIAN_POINT('',(0.,1.));
#10949 = VECTOR('',#10950,1.);
#10950 = DIRECTION('',(1.,0.));
#10951 = ( GEOMETRIC_REPRESENTATION_CONTEXT(2) 
PARAMETRIC_REPRESENTATION_CONTEXT() REPRESENTATION_CONTEXT('2D SPACE',''
  ) );
#10952 = PCURVE('',#10953,#10958);
#10953 = CONICAL_SURFACE('',#10954,7.,0.785398163397);
#10954 = AXIS2_PLACEMENT_3D('',#10955,#10956,#10957);
#10955 = CARTESIAN_POINT('',(0.,0.,1.));
#10956 = DIRECTION('',(0.,0.,1.));
#10957 = DIRECTION('',(1.,0.,-0.));
#10958 = DEFINITIONAL_REPRESENTATION('',(#10959),#10963);
#10959 = LINE('',#10960,#10961);
#10960 = CARTESIAN_POINT('',(0.,-0.));
#10961 = VECTOR('',#10962,1.);
#10962 = DIRECTION('',(1.,-0.));
#10963 = ( GEOMETRIC_REPRESENTATION_CONTEXT(2) 
PARAMETRIC_REPRESENTATION_CONTEXT() REPRESENTATION_CONTEXT('2D SPACE',''
  ) );
#10964 = ADVANCED_FACE('',(#10965),#10953,.T.);
#10965 = FACE_BOUND('',#10966,.F.);
#10966 = EDGE_LOOP('',(#10967,#10988,#10989,#10990));
#10967 = ORIENTED_EDGE('',*,*,#10968,.F.);
#10968 = EDGE_CURVE('',#10881,#10969,#10971,.T.);
#10969 = VERTEX_POINT('',#10970);
#10970 = CARTESIAN_POINT('',(6.,0.,0.));
#10971 = SEAM_CURVE('',#10972,(#10976,#10982),.PCURVE_S1.);
#10972 = LINE('',#10973,#10974);
#10973 = CARTESIAN_POINT('',(7.,0.,1.));
#10974 = VECTOR('',#10975,1.);
#10975 = DIRECTION('',(-0.707106781187,-0.,-0.707106781187));
#10976 = PCURVE('',#10953,#10977);
#10977 = DEFINITIONAL_REPRESENTATION('',(#10978),#10981);
#10978 = B_SPLINE_CURVE_WITH_KNOTS('',1,(#10979,#10980),.UNSPECIFIED.,
  .F.,.F.,(2,2),(0.,1.414213562373),.PIECEWISE_BEZIER_KNOTS.);
#10979 = CARTESIAN_POINT('',(0.,0.));
#10980 = CARTESIAN_POINT('',(0.,-1.));
#10981 = ( GEOMETRIC_REPRESENTATION_CONTEXT(2) 
PARAMETRIC_REPRESENTATION_CONTEXT() REPRESENTATION_CONTEXT('2D SPACE',''
  ) );
#10982 = PCURVE('',#10953,#10983);
#10983 = DEFINITIONAL_REPRESENTATION('',(#10984),#10987);
#10984 = B_SPLINE_CURVE_WITH_KNOTS('',1,(#10985,#10986),.UNSPECIFIED.,
  .F.,.F.,(2,2),(0.,1.414213562373),.PIECEWISE_BEZIER_KNOTS.);
#10985 = CARTESIAN_POINT('',(6.28318530718,0.));
#10986 = CARTESIAN_POINT('',(6.28318530718,-1.));
#10987 = ( GEOMETRIC_REPRESENTATION_CONTEXT(2) 
PARAMETRIC_REPRESENTATION_CONTEXT() REPRESENTATION_CONTEXT('2D SPACE',''
  ) );
#10988 = ORIENTED_EDGE('',*,*,#10938,.T.);
#10989 = ORIENTED_EDGE('',*,*,#10968,.T.);
#10990 = ORIENTED_EDGE('',*,*,#10991,.F.);
#10991 = EDGE_CURVE('',#10969,#10969,#10992,.T.);
#10992 = SURFACE_CURVE('',#10993,(#10998,#11005),.PCURVE_S1.);
#10993 = CIRCLE('',#10994,6.);
#10994 = AXIS2_PLACEMENT_3D('',#10995,#10996,#10997);
#10995 = CARTESIAN_POINT('',(0.,0.,0.));
#10996 = DIRECTION('',(0.,0.,1.));
#10997 = DIRECTION('',(1.,0.,-0.));
#10998 = PCURVE('',#10953,#10999);
#10999 = DEFINITIONAL_REPRESENTATION('',(#11000),#11004);
#11000 = LINE('',#11001,#11002);
#11001 = CARTESIAN_POINT('',(0.,-1.));
#11002 = VECTOR('',#11003,1.);
#11003 = DIRECTION('',(1.,-0.));
#11004 = ( GEOMETRIC_REPRESENTATION_CONTEXT(2) 
PARAMETRIC_REPRESENTATION_CONTEXT() REPRESENTATION_CONTEXT('2D SPACE',''
  ) );
#11005 = PCURVE('',#11006,#11011);
#11006 = PLANE('',#11007);
#11007 = AXIS2_PLACEMENT_3D('',#11008,#11009,#11010);
#11008 = CARTESIAN_POINT('',(0.,0.,0.));
#11009 = DIRECTION('',(0.,0.,1.));
#11010 = DIRECTION('',(1.,0.,0.));
#11011 = DEFINITIONAL_REPRESENTATION('',(#11012),#11016);
#11012 = CIRCLE('',#11013,6.);
#11013 = AXIS2_PLACEMENT_2D('',#11014,#11015);
#11014 = CARTESIAN_POINT('',(0.,0.));
#11015 = DIRECTION('',(1.,0.));
#11016 = ( GEOMETRIC_REPRESENTATION_CONTEXT(2) 
PARAMETRIC_REPRESENTATION_CONTEXT() REPRESENTATION_CONTEXT('2D SPACE',''
  ) );
#11017 = ADVANCED_FACE('',(#11018),#10925,.T.);
#11018 = FACE_BOUND('',#11019,.T.);
#11019 = EDGE_LOOP('',(#11020,#11041,#11042,#11043));
#11020 = ORIENTED_EDGE('',*,*,#11021,.F.);
#11021 = EDGE_CURVE('',#10883,#11022,#11024,.T.);
#11022 = VERTEX_POINT('',#11023);
#11023 = CARTESIAN_POINT('',(6.,0.,7.));
#11024 = SEAM_CURVE('',#11025,(#11029,#11035),.PCURVE_S1.);
#11025 = LINE('',#11026,#11027);
#11026 = CARTESIAN_POINT('',(7.,0.,6.));
#11027 = VECTOR('',#11028,1.);
#11028 = DIRECTION('',(-0.707106781187,0.,0.707106781187));
#11029 = PCURVE('',#10925,#11030);
#11030 = DEFINITIONAL_REPRESENTATION('',(#11031),#11034);
#11031 = B_SPLINE_CURVE_WITH_KNOTS('',1,(#11032,#11033),.UNSPECIFIED.,
  .F.,.F.,(2,2),(0.,1.414213562373),.PIECEWISE_BEZIER_KNOTS.);
#11032 = CARTESIAN_POINT('',(0.,0.));
#11033 = CARTESIAN_POINT('',(0.,-1.));
#11034 = ( GEOMETRIC_REPRESENTATION_CONTEXT(2) 
PARAMETRIC_REPRESENTATION_CONTEXT() REPRESENTATION_CONTEXT('2D SPACE',''
  ) );
#11035 = PCURVE('',#10925,#11036);
#11036 = DEFINITIONAL_REPRESENTATION('',(#11037),#11040);
#11037 = B_SPLINE_CURVE_WITH_KNOTS('',1,(#11038,#11039),.UNSPECIFIED.,
  .F.,.F.,(2,2),(0.,1.414213562373),.PIECEWISE_BEZIER_KNOTS.);
#11038 = CARTESIAN_POINT('',(-6.28318530718,0.));
#11039 = CARTESIAN_POINT('',(-6.28318530718,-1.));
#11040 = ( GEOMETRIC_REPRESENTATION_CONTEXT(2) 
PARAMETRIC_REPRESENTATION_CONTEXT() REPRESENTATION_CONTEXT('2D SPACE',''
  ) );
#11041 = ORIENTED_EDGE('',*,*,#10910,.T.);
#11042 = ORIENTED_EDGE('',*,*,#11021,.T.);
#11043 = ORIENTED_EDGE('',*,*,#11044,.F.);
#11044 = EDGE_CURVE('',#11022,#11022,#11045,.T.);
#11045 = SURFACE_CURVE('',#11046,(#11051,#11058),.PCURVE_S1.);
#11046 = CIRCLE('',#11047,6.);
#11047 = AXIS2_PLACEMENT_3D('',#11048,#11049,#11050);
#11048 = CARTESIAN_POINT('',(0.,0.,7.));
#11049 = DIRECTION('',(0.,0.,1.));
#11050 = DIRECTION('',(1.,0.,-0.));
#11051 = PCURVE('',#10925,#11052);
#11052 = DEFINITIONAL_REPRESENTATION('',(#11053),#11057);
#11053 = LINE('',#11054,#11055);
#11054 = CARTESIAN_POINT('',(-0.,-1.));
#11055 = VECTOR('',#11056,1.);
#11056 = DIRECTION('',(-1.,-0.));
#11057 = ( GEOMETRIC_REPRESENTATION_CONTEXT(2) 
PARAMETRIC_REPRESENTATION_CONTEXT() REPRESENTATION_CONTEXT('2D SPACE',''
  ) );
#11058 = PCURVE('',#11059,#11064);
#11059 = PLANE('',#11060);
#11060 = AXIS2_PLACEMENT_3D('',#11061,#11062,#11063);
#11061 = CARTESIAN_POINT('',(0.,0.,7.));
#11062 = DIRECTION('',(0.,0.,1.));
#11063 = DIRECTION('',(1.,0.,0.));
#11064 = DEFINITIONAL_REPRESENTATION('',(#11065),#11069);
#11065 = CIRCLE('',#11066,6.);
#11066 = AXIS2_PLACEMENT_2D('',#11067,#11068);
#11067 = CARTESIAN_POINT('',(0.,0.));
#11068 = DIRECTION('',(1.,0.));
#11069 = ( GEOMETRIC_REPRESENTATION_CONTEXT(2) 
PARAMETRIC_REPRESENTATION_CONTEXT() REPRESENTATION_CONTEXT('2D SPACE',''
  ) );
#11070 = ADVANCED_FACE('',(#11071),#11006,.F.);
#11071 = FACE_BOUND('',#11072,.F.);
#11072 = EDGE_LOOP('',(#11073));
#11073 = ORIENTED_EDGE('',*,*,#10991,.T.);
#11074 = ADVANCED_FACE('',(#11075),#11059,.T.);
#11075 = FACE_BOUND('',#11076,.T.);
#11076 = EDGE_LOOP('',(#11077));
#11077 = ORIENTED_EDGE('',*,*,#11044,.T.);
#11078 = ( GEOMETRIC_REPRESENTATION_CONTEXT(3) 
GLOBAL_UNCERTAINTY_ASSIGNED_CONTEXT((#11082)) 
GLOBAL_UNIT_ASSIGNED_CONTEXT((#11079,#11080,#11081)) 
REPRESENTATION_CONTEXT('Context #1',
  '3D Context with UNIT and UNCERTAINTY') );
#11079 = ( LENGTH_UNIT() NAMED_UNIT(*) SI_UNIT(.MILLI.,.METRE.) );
#11080 = ( NAMED_UNIT(*) PLANE_ANGLE_UNIT() SI_UNIT($,.RADIAN.) );
#11081 = ( NAMED_UNIT(*) SI_UNIT($,.STERADIAN.) SOLID_ANGLE_UNIT() );
#11082 = UNCERTAINTY_MEASURE_WITH_UNIT(LENGTH_MEASURE(1.E-07),#11079,
  'distance_accuracy_value','confusion accuracy');
#11083 = CONTEXT_DEPENDENT_SHAPE_REPRESENTATION(#11084,#11086);
#11084 = ( REPRESENTATION_RELATIONSHIP('','',#10873,#10) 
REPRESENTATION_RELATIONSHIP_WITH_TRANSFORMATION(#11085) 
SHAPE_REPRESENTATION_RELATIONSHIP() );
#11085 = ITEM_DEFINED_TRANSFORMATION('','',#11,#115);
#11086 = PRODUCT_DEFINITION_SHAPE('Placement','Placement of an item',
  #11087);
#11087 = NEXT_ASSEMBLY_USAGE_OCCURRENCE('26','seed_medium_05','',#5,
  #10868,$);
#11088 = PRODUCT_RELATED_PRODUCT_CATEGORY('part',$,(#10870));
#11089 = SHAPE_DEFINITION_REPRESENTATION(#11090,#11096);
#11090 = PRODUCT_DEFINITION_SHAPE('','',#11091);
#11091 = PRODUCT_DEFINITION('design','',#11092,#11095);
#11092 = PRODUCT_DEFINITION_FORMATION('','',#11093);
#11093 = PRODUCT('seed_medium_06','seed_medium_06','',(#11094));
#11094 = PRODUCT_CONTEXT('',#2,'mechanical');
#11095 = PRODUCT_DEFINITION_CONTEXT('part definition',#2,'design');
#11096 = ADVANCED_BREP_SHAPE_REPRESENTATION('',(#11,#11097),#11301);
#11097 = MANIFOLD_SOLID_BREP('',#11098);
#11098 = CLOSED_SHELL('',(#11099,#11187,#11240,#11293,#11297));
#11099 = ADVANCED_FACE('',(#11100),#11114,.T.);
#11100 = FACE_BOUND('',#11101,.T.);
#11101 = EDGE_LOOP('',(#11102,#11132,#11159,#11160));
#11102 = ORIENTED_EDGE('',*,*,#11103,.T.);
#11103 = EDGE_CURVE('',#11104,#11106,#11108,.T.);
#11104 = VERTEX_POINT('',#11105);
#11105 = CARTESIAN_POINT('',(7.,0.,1.));
#11106 = VERTEX_POINT('',#11107);
#11107 = CARTESIAN_POINT('',(7.,0.,6.));
#11108 = SEAM_CURVE('',#11109,(#11113,#11125),.PCURVE_S1.);
#11109 = LINE('',#11110,#11111);
#11110 = CARTESIAN_POINT('',(7.,-1.714505518806E-15,0.));
#11111 = VECTOR('',#11112,1.);
#11112 = DIRECTION('',(0.,0.,1.));
#11113 = PCURVE('',#11114,#11119);
#11114 = CYLINDRICAL_SURFACE('',#11115,7.);
#11115 = AXIS2_PLACEMENT_3D('',#11116,#11117,#11118);
#11116 = CARTESIAN_POINT('',(0.,0.,0.));
#11117 = DIRECTION('',(0.,0.,1.));
#11118 = DIRECTION('',(1.,0.,0.));
#11119 = DEFINITIONAL_REPRESENTATION('',(#11120),#11124);
#11120 = LINE('',#11121,#11122);
#11121 = CARTESIAN_POINT('',(6.28318530718,-0.));
#11122 = VECTOR('',#11123,1.);
#11123 = DIRECTION('',(0.,1.));
#11124 = ( GEOMETRIC_REPRESENTATION_CONTEXT(2) 
PARAMETRIC_REPRESENTATION_CONTEXT() REPRESENTATION_CONTEXT('2D SPACE',''
  ) );
#11125 = PCURVE('',#11114,#11126);
#11126 = DEFINITIONAL_REPRESENTATION('',(#11127),#11131);
#11127 = LINE('',#11128,#11129);
#11128 = CARTESIAN_POINT('',(0.,-0.));
#11129 = VECTOR('',#11130,1.);
#11130 = DIRECTION('',(0.,1.));
#11131 = ( GEOMETRIC_REPRESENTATION_CONTEXT(2) 
PARAMETRIC_REPRESENTATION_CONTEXT() REPRESENTATION_CONTEXT('2D SPACE',''
  ) );
#11132 = ORIENTED_EDGE('',*,*,#11133,.F.);
#11133 = EDGE_CURVE('',#11106,#11106,#11134,.T.);
#11134 = SURFACE_CURVE('',#11135,(#11140,#11147),.PCURVE_S1.);
#11135 = CIRCLE('',#11136,7.);
#11136 = AXIS2_PLACEMENT_3D('',#11137,#11138,#11139);
#11137 = CARTESIAN_POINT('',(0.,0.,6.));
#11138 = DIRECTION('',(0.,0.,1.));
#11139 = DIRECTION('',(1.,0.,-0.));
#11140 = PCURVE('',#11114,#11141);
#11141 = DEFINITIONAL_REPRESENTATION('',(#11142),#11146);
#11142 = LINE('',#11143,#11144);
#11143 = CARTESIAN_POINT('',(0.,6.));
#11144 = VECTOR('',#11145,1.);
#11145 = DIRECTION('',(1.,0.));
#11146 = ( GEOMETRIC_REPRESENTATION_CONTEXT(2) 
PARAMETRIC_REPRESENTATION_CONTEXT() REPRESENTATION_CONTEXT('2D SPACE',''
  ) );
#11147 = PCURVE('',#11148,#11153);
#11148 = CONICAL_SURFACE('',#11149,7.,0.785398163397);
#11149 = AXIS2_PLACEMENT_3D('',#11150,#11151,#11152);
#11150 = CARTESIAN_POINT('',(0.,0.,6.));
#11151 = DIRECTION('',(-0.,-0.,-1.));
#11152 = DIRECTION('',(1.,0.,0.));
#11153 = DEFINITIONAL_REPRESENTATION('',(#11154),#11158);
#11154 = LINE('',#11155,#11156);
#11155 = CARTESIAN_POINT('',(-0.,-0.));
#11156 = VECTOR('',#11157,1.);
#11157 = DIRECTION('',(-1.,-0.));
#11158 = ( GEOMETRIC_REPRESENTATION_CONTEXT(2) 
PARAMETRIC_REPRESENTATION_CONTEXT() REPRESENTATION_CONTEXT('2D SPACE',''
  ) );
#11159 = ORIENTED_EDGE('',*,*,#11103,.F.);
#11160 = ORIENTED_EDGE('',*,*,#11161,.T.);
#11161 = EDGE_CURVE('',#11104,#11104,#11162,.T.);
#11162 = SURFACE_CURVE('',#11163,(#11168,#11175),.PCURVE_S1.);
#11163 = CIRCLE('',#11164,7.);
#11164 = AXIS2_PLACEMENT_3D('',#11165,#11166,#11167);
#11165 = CARTESIAN_POINT('',(0.,0.,1.));
#11166 = DIRECTION('',(0.,0.,1.));
#11167 = DIRECTION('',(1.,0.,-0.));
#11168 = PCURVE('',#11114,#11169);
#11169 = DEFINITIONAL_REPRESENTATION('',(#11170),#11174);
#11170 = LINE('',#11171,#11172);
#11171 = CARTESIAN_POINT('',(0.,1.));
#11172 = VECTOR('',#11173,1.);
#11173 = DIRECTION('',(1.,0.));
#11174 = ( GEOMETRIC_REPRESENTATION_CONTEXT(2) 
PARAMETRIC_REPRESENTATION_CONTEXT() REPRESENTATION_CONTEXT('2D SPACE',''
  ) );
#11175 = PCURVE('',#11176,#11181);
#11176 = CONICAL_SURFACE('',#11177,7.,0.785398163397);
#11177 = AXIS2_PLACEMENT_3D('',#11178,#11179,#11180);
#11178 = CARTESIAN_POINT('',(0.,0.,1.));
#11179 = DIRECTION('',(0.,0.,1.));
#11180 = DIRECTION('',(1.,0.,-0.));
#11181 = DEFINITIONAL_REPRESENTATION('',(#11182),#11186);
#11182 = LINE('',#11183,#11184);
#11183 = CARTESIAN_POINT('',(0.,-0.));
#11184 = VECTOR('',#11185,1.);
#11185 = DIRECTION('',(1.,-0.));
#11186 = ( GEOMETRIC_REPRESENTATION_CONTEXT(2) 
PARAMETRIC_REPRESENTATION_CONTEXT() REPRESENTATION_CONTEXT('2D SPACE',''
  ) );
#11187 = ADVANCED_FACE('',(#11188),#11176,.T.);
#11188 = FACE_BOUND('',#11189,.F.);
#11189 = EDGE_LOOP('',(#11190,#11211,#11212,#11213));
#11190 = ORIENTED_EDGE('',*,*,#11191,.F.);
#11191 = EDGE_CURVE('',#11104,#11192,#11194,.T.);
#11192 = VERTEX_POINT('',#11193);
#11193 = CARTESIAN_POINT('',(6.,0.,0.));
#11194 = SEAM_CURVE('',#11195,(#11199,#11205),.PCURVE_S1.);
#11195 = LINE('',#11196,#11197);
#11196 = CARTESIAN_POINT('',(7.,0.,1.));
#11197 = VECTOR('',#11198,1.);
#11198 = DIRECTION('',(-0.707106781187,-0.,-0.707106781187));
#11199 = PCURVE('',#11176,#11200);
#11200 = DEFINITIONAL_REPRESENTATION('',(#11201),#11204);
#11201 = B_SPLINE_CURVE_WITH_KNOTS('',1,(#11202,#11203),.UNSPECIFIED.,
  .F.,.F.,(2,2),(0.,1.414213562373),.PIECEWISE_BEZIER_KNOTS.);
#11202 = CARTESIAN_POINT('',(0.,0.));
#11203 = CARTESIAN_POINT('',(0.,-1.));
#11204 = ( GEOMETRIC_REPRESENTATION_CONTEXT(2) 
PARAMETRIC_REPRESENTATION_CONTEXT() REPRESENTATION_CONTEXT('2D SPACE',''
  ) );
#11205 = PCURVE('',#11176,#11206);
#11206 = DEFINITIONAL_REPRESENTATION('',(#11207),#11210);
#11207 = B_SPLINE_CURVE_WITH_KNOTS('',1,(#11208,#11209),.UNSPECIFIED.,
  .F.,.F.,(2,2),(0.,1.414213562373),.PIECEWISE_BEZIER_KNOTS.);
#11208 = CARTESIAN_POINT('',(6.28318530718,0.));
#11209 = CARTESIAN_POINT('',(6.28318530718,-1.));
#11210 = ( GEOMETRIC_REPRESENTATION_CONTEXT(2) 
PARAMETRIC_REPRESENTATION_CONTEXT() REPRESENTATION_CONTEXT('2D SPACE',''
  ) );
#11211 = ORIENTED_EDGE('',*,*,#11161,.T.);
#11212 = ORIENTED_EDGE('',*,*,#11191,.T.);
#11213 = ORIENTED_EDGE('',*,*,#11214,.F.);
#11214 = EDGE_CURVE('',#11192,#11192,#11215,.T.);
#11215 = SURFACE_CURVE('',#11216,(#11221,#11228),.PCURVE_S1.);
#11216 = CIRCLE('',#11217,6.);
#11217 = AXIS2_PLACEMENT_3D('',#11218,#11219,#11220);
#11218 = CARTESIAN_POINT('',(0.,0.,0.));
#11219 = DIRECTION('',(0.,0.,1.));
#11220 = DIRECTION('',(1.,0.,-0.));
#11221 = PCURVE('',#11176,#11222);
#11222 = DEFINITIONAL_REPRESENTATION('',(#11223),#11227);
#11223 = LINE('',#11224,#11225);
#11224 = CARTESIAN_POINT('',(0.,-1.));
#11225 = VECTOR('',#11226,1.);
#11226 = DIRECTION('',(1.,-0.));
#11227 = ( GEOMETRIC_REPRESENTATION_CONTEXT(2) 
PARAMETRIC_REPRESENTATION_CONTEXT() REPRESENTATION_CONTEXT('2D SPACE',''
  ) );
#11228 = PCURVE('',#11229,#11234);
#11229 = PLANE('',#11230);
#11230 = AXIS2_PLACEMENT_3D('',#11231,#11232,#11233);
#11231 = CARTESIAN_POINT('',(0.,0.,0.));
#11232 = DIRECTION('',(0.,0.,1.));
#11233 = DIRECTION('',(1.,0.,0.));
#11234 = DEFINITIONAL_REPRESENTATION('',(#11235),#11239);
#11235 = CIRCLE('',#11236,6.);
#11236 = AXIS2_PLACEMENT_2D('',#11237,#11238);
#11237 = CARTESIAN_POINT('',(0.,0.));
#11238 = DIRECTION('',(1.,0.));
#11239 = ( GEOMETRIC_REPRESENTATION_CONTEXT(2) 
PARAMETRIC_REPRESENTATION_CONTEXT() REPRESENTATION_CONTEXT('2D SPACE',''
  ) );
#11240 = ADVANCED_FACE('',(#11241),#11148,.T.);
#11241 = FACE_BOUND('',#11242,.T.);
#11242 = EDGE_LOOP('',(#11243,#11264,#11265,#11266));
#11243 = ORIENTED_EDGE('',*,*,#11244,.F.);
#11244 = EDGE_CURVE('',#11106,#11245,#11247,.T.);
#11245 = VERTEX_POINT('',#11246);
#11246 = CARTESIAN_POINT('',(6.,0.,7.));
#11247 = SEAM_CURVE('',#11248,(#11252,#11258),.PCURVE_S1.);
#11248 = LINE('',#11249,#11250);
#11249 = CARTESIAN_POINT('',(7.,0.,6.));
#11250 = VECTOR('',#11251,1.);
#11251 = DIRECTION('',(-0.707106781187,0.,0.707106781187));
#11252 = PCURVE('',#11148,#11253);
#11253 = DEFINITIONAL_REPRESENTATION('',(#11254),#11257);
#11254 = B_SPLINE_CURVE_WITH_KNOTS('',1,(#11255,#11256),.UNSPECIFIED.,
  .F.,.F.,(2,2),(0.,1.414213562373),.PIECEWISE_BEZIER_KNOTS.);
#11255 = CARTESIAN_POINT('',(0.,0.));
#11256 = CARTESIAN_POINT('',(0.,-1.));
#11257 = ( GEOMETRIC_REPRESENTATION_CONTEXT(2) 
PARAMETRIC_REPRESENTATION_CONTEXT() REPRESENTATION_CONTEXT('2D SPACE',''
  ) );
#11258 = PCURVE('',#11148,#11259);
#11259 = DEFINITIONAL_REPRESENTATION('',(#11260),#11263);
#11260 = B_SPLINE_CURVE_WITH_KNOTS('',1,(#11261,#11262),.UNSPECIFIED.,
  .F.,.F.,(2,2),(0.,1.414213562373),.PIECEWISE_BEZIER_KNOTS.);
#11261 = CARTESIAN_POINT('',(-6.28318530718,0.));
#11262 = CARTESIAN_POINT('',(-6.28318530718,-1.));
#11263 = ( GEOMETRIC_REPRESENTATION_CONTEXT(2) 
PARAMETRIC_REPRESENTATION_CONTEXT() REPRESENTATION_CONTEXT('2D SPACE',''
  ) );
#11264 = ORIENTED_EDGE('',*,*,#11133,.T.);
#11265 = ORIENTED_EDGE('',*,*,#11244,.T.);
#11266 = ORIENTED_EDGE('',*,*,#11267,.F.);
#11267 = EDGE_CURVE('',#11245,#11245,#11268,.T.);
#11268 = SURFACE_CURVE('',#11269,(#11274,#11281),.PCURVE_S1.);
#11269 = CIRCLE('',#11270,6.);
#11270 = AXIS2_PLACEMENT_3D('',#11271,#11272,#11273);
#11271 = CARTESIAN_POINT('',(0.,0.,7.));
#11272 = DIRECTION('',(0.,0.,1.));
#11273 = DIRECTION('',(1.,0.,-0.));
#11274 = PCURVE('',#11148,#11275);
#11275 = DEFINITIONAL_REPRESENTATION('',(#11276),#11280);
#11276 = LINE('',#11277,#11278);
#11277 = CARTESIAN_POINT('',(-0.,-1.));
#11278 = VECTOR('',#11279,1.);
#11279 = DIRECTION('',(-1.,-0.));
#11280 = ( GEOMETRIC_REPRESENTATION_CONTEXT(2) 
PARAMETRIC_REPRESENTATION_CONTEXT() REPRESENTATION_CONTEXT('2D SPACE',''
  ) );
#11281 = PCURVE('',#11282,#11287);
#11282 = PLANE('',#11283);
#11283 = AXIS2_PLACEMENT_3D('',#11284,#11285,#11286);
#11284 = CARTESIAN_POINT('',(0.,0.,7.));
#11285 = DIRECTION('',(0.,0.,1.));
#11286 = DIRECTION('',(1.,0.,0.));
#11287 = DEFINITIONAL_REPRESENTATION('',(#11288),#11292);
#11288 = CIRCLE('',#11289,6.);
#11289 = AXIS2_PLACEMENT_2D('',#11290,#11291);
#11290 = CARTESIAN_POINT('',(0.,0.));
#11291 = DIRECTION('',(1.,0.));
#11292 = ( GEOMETRIC_REPRESENTATION_CONTEXT(2) 
PARAMETRIC_REPRESENTATION_CONTEXT() REPRESENTATION_CONTEXT('2D SPACE',''
  ) );
#11293 = ADVANCED_FACE('',(#11294),#11229,.F.);
#11294 = FACE_BOUND('',#11295,.F.);
#11295 = EDGE_LOOP('',(#11296));
#11296 = ORIENTED_EDGE('',*,*,#11214,.T.);
#11297 = ADVANCED_FACE('',(#11298),#11282,.T.);
#11298 = FACE_BOUND('',#11299,.T.);
#11299 = EDGE_LOOP('',(#11300));
#11300 = ORIENTED_EDGE('',*,*,#11267,.T.);
#11301 = ( GEOMETRIC_REPRESENTATION_CONTEXT(3) 
GLOBAL_UNCERTAINTY_ASSIGNED_CONTEXT((#11305)) 
GLOBAL_UNIT_ASSIGNED_CONTEXT((#11302,#11303,#11304)) 
REPRESENTATION_CONTEXT('Context #1',
  '3D Context with UNIT and UNCERTAINTY') );
#11302 = ( LENGTH_UNIT() NAMED_UNIT(*) SI_UNIT(.MILLI.,.METRE.) );
#11303 = ( NAMED_UNIT(*) PLANE_ANGLE_UNIT() SI_UNIT($,.RADIAN.) );
#11304 = ( NAMED_UNIT(*) SI_UNIT($,.STERADIAN.) SOLID_ANGLE_UNIT() );
#11305 = UNCERTAINTY_MEASURE_WITH_UNIT(LENGTH_MEASURE(1.E-07),#11302,
  'distance_accuracy_value','confusion accuracy');
#11306 = CONTEXT_DEPENDENT_SHAPE_REPRESENTATION(#11307,#11309);
#11307 = ( REPRESENTATION_RELATIONSHIP('','',#11096,#10) 
REPRESENTATION_RELATIONSHIP_WITH_TRANSFORMATION(#11308) 
SHAPE_REPRESENTATION_RELATIONSHIP() );
#11308 = ITEM_DEFINED_TRANSFORMATION('','',#11,#119);
#11309 = PRODUCT_DEFINITION_SHAPE('Placement','Placement of an item',
  #11310);
#11310 = NEXT_ASSEMBLY_USAGE_OCCURRENCE('27','seed_medium_06','',#5,
  #11091,$);
#11311 = PRODUCT_RELATED_PRODUCT_CATEGORY('part',$,(#11093));
#11312 = SHAPE_DEFINITION_REPRESENTATION(#11313,#11319);
#11313 = PRODUCT_DEFINITION_SHAPE('','',#11314);
#11314 = PRODUCT_DEFINITION('design','',#11315,#11318);
#11315 = PRODUCT_DEFINITION_FORMATION('','',#11316);
#11316 = PRODUCT('seed_medium_07','seed_medium_07','',(#11317));
#11317 = PRODUCT_CONTEXT('',#2,'mechanical');
#11318 = PRODUCT_DEFINITION_CONTEXT('part definition',#2,'design');
#11319 = ADVANCED_BREP_SHAPE_REPRESENTATION('',(#11,#11320),#11524);
#11320 = MANIFOLD_SOLID_BREP('',#11321);
#11321 = CLOSED_SHELL('',(#11322,#11410,#11463,#11516,#11520));
#11322 = ADVANCED_FACE('',(#11323),#11337,.T.);
#11323 = FACE_BOUND('',#11324,.T.);
#11324 = EDGE_LOOP('',(#11325,#11355,#11382,#11383));
#11325 = ORIENTED_EDGE('',*,*,#11326,.T.);
#11326 = EDGE_CURVE('',#11327,#11329,#11331,.T.);
#11327 = VERTEX_POINT('',#11328);
#11328 = CARTESIAN_POINT('',(7.,0.,1.));
#11329 = VERTEX_POINT('',#11330);
#11330 = CARTESIAN_POINT('',(7.,0.,6.));
#11331 = SEAM_CURVE('',#11332,(#11336,#11348),.PCURVE_S1.);
#11332 = LINE('',#11333,#11334);
#11333 = CARTESIAN_POINT('',(7.,-1.714505518806E-15,0.));
#11334 = VECTOR('',#11335,1.);
#11335 = DIRECTION('',(0.,0.,1.));
#11336 = PCURVE('',#11337,#11342);
#11337 = CYLINDRICAL_SURFACE('',#11338,7.);
#11338 = AXIS2_PLACEMENT_3D('',#11339,#11340,#11341);
#11339 = CARTESIAN_POINT('',(0.,0.,0.));
#11340 = DIRECTION('',(0.,0.,1.));
#11341 = DIRECTION('',(1.,0.,0.));
#11342 = DEFINITIONAL_REPRESENTATION('',(#11343),#11347);
#11343 = LINE('',#11344,#11345);
#11344 = CARTESIAN_POINT('',(6.28318530718,-0.));
#11345 = VECTOR('',#11346,1.);
#11346 = DIRECTION('',(0.,1.));
#11347 = ( GEOMETRIC_REPRESENTATION_CONTEXT(2) 
PARAMETRIC_REPRESENTATION_CONTEXT() REPRESENTATION_CONTEXT('2D SPACE',''
  ) );
#11348 = PCURVE('',#11337,#11349);
#11349 = DEFINITIONAL_REPRESENTATION('',(#11350),#11354);
#11350 = LINE('',#11351,#11352);
#11351 = CARTESIAN_POINT('',(0.,-0.));
#11352 = VECTOR('',#11353,1.);
#11353 = DIRECTION('',(0.,1.));
#11354 = ( GEOMETRIC_REPRESENTATION_CONTEXT(2) 
PARAMETRIC_REPRESENTATION_CONTEXT() REPRESENTATION_CONTEXT('2D SPACE',''
  ) );
#11355 = ORIENTED_EDGE('',*,*,#11356,.F.);
#11356 = EDGE_CURVE('',#11329,#11329,#11357,.T.);
#11357 = SURFACE_CURVE('',#11358,(#11363,#11370),.PCURVE_S1.);
#11358 = CIRCLE('',#11359,7.);
#11359 = AXIS2_PLACEMENT_3D('',#11360,#11361,#11362);
#11360 = CARTESIAN_POINT('',(0.,0.,6.));
#11361 = DIRECTION('',(0.,0.,1.));
#11362 = DIRECTION('',(1.,0.,-0.));
#11363 = PCURVE('',#11337,#11364);
#11364 = DEFINITIONAL_REPRESENTATION('',(#11365),#11369);
#11365 = LINE('',#11366,#11367);
#11366 = CARTESIAN_POINT('',(0.,6.));
#11367 = VECTOR('',#11368,1.);
#11368 = DIRECTION('',(1.,0.));
#11369 = ( GEOMETRIC_REPRESENTATION_CONTEXT(2) 
PARAMETRIC_REPRESENTATION_CONTEXT() REPRESENTATION_CONTEXT('2D SPACE',''
  ) );
#11370 = PCURVE('',#11371,#11376);
#11371 = CONICAL_SURFACE('',#11372,7.,0.785398163397);
#11372 = AXIS2_PLACEMENT_3D('',#11373,#11374,#11375);
#11373 = CARTESIAN_POINT('',(0.,0.,6.));
#11374 = DIRECTION('',(-0.,-0.,-1.));
#11375 = DIRECTION('',(1.,0.,0.));
#11376 = DEFINITIONAL_REPRESENTATION('',(#11377),#11381);
#11377 = LINE('',#11378,#11379);
#11378 = CARTESIAN_POINT('',(-0.,-0.));
#11379 = VECTOR('',#11380,1.);
#11380 = DIRECTION('',(-1.,-0.));
#11381 = ( GEOMETRIC_REPRESENTATION_CONTEXT(2) 
PARAMETRIC_REPRESENTATION_CONTEXT() REPRESENTATION_CONTEXT('2D SPACE',''
  ) );
#11382 = ORIENTED_EDGE('',*,*,#11326,.F.);
#11383 = ORIENTED_EDGE('',*,*,#11384,.T.);
#11384 = EDGE_CURVE('',#11327,#11327,#11385,.T.);
#11385 = SURFACE_CURVE('',#11386,(#11391,#11398),.PCURVE_S1.);
#11386 = CIRCLE('',#11387,7.);
#11387 = AXIS2_PLACEMENT_3D('',#11388,#11389,#11390);
#11388 = CARTESIAN_POINT('',(0.,0.,1.));
#11389 = DIRECTION('',(0.,0.,1.));
#11390 = DIRECTION('',(1.,0.,-0.));
#11391 = PCURVE('',#11337,#11392);
#11392 = DEFINITIONAL_REPRESENTATION('',(#11393),#11397);
#11393 = LINE('',#11394,#11395);
#11394 = CARTESIAN_POINT('',(0.,1.));
#11395 = VECTOR('',#11396,1.);
#11396 = DIRECTION('',(1.,0.));
#11397 = ( GEOMETRIC_REPRESENTATION_CONTEXT(2) 
PARAMETRIC_REPRESENTATION_CONTEXT() REPRESENTATION_CONTEXT('2D SPACE',''
  ) );
#11398 = PCURVE('',#11399,#11404);
#11399 = CONICAL_SURFACE('',#11400,7.,0.785398163397);
#11400 = AXIS2_PLACEMENT_3D('',#11401,#11402,#11403);
#11401 = CARTESIAN_POINT('',(0.,0.,1.));
#11402 = DIRECTION('',(0.,0.,1.));
#11403 = DIRECTION('',(1.,0.,-0.));
#11404 = DEFINITIONAL_REPRESENTATION('',(#11405),#11409);
#11405 = LINE('',#11406,#11407);
#11406 = CARTESIAN_POINT('',(0.,-0.));
#11407 = VECTOR('',#11408,1.);
#11408 = DIRECTION('',(1.,-0.));
#11409 = ( GEOMETRIC_REPRESENTATION_CONTEXT(2) 
PARAMETRIC_REPRESENTATION_CONTEXT() REPRESENTATION_CONTEXT('2D SPACE',''
  ) );
#11410 = ADVANCED_FACE('',(#11411),#11399,.T.);
#11411 = FACE_BOUND('',#11412,.F.);
#11412 = EDGE_LOOP('',(#11413,#11434,#11435,#11436));
#11413 = ORIENTED_EDGE('',*,*,#11414,.F.);
#11414 = EDGE_CURVE('',#11327,#11415,#11417,.T.);
#11415 = VERTEX_POINT('',#11416);
#11416 = CARTESIAN_POINT('',(6.,0.,0.));
#11417 = SEAM_CURVE('',#11418,(#11422,#11428),.PCURVE_S1.);
#11418 = LINE('',#11419,#11420);
#11419 = CARTESIAN_POINT('',(7.,0.,1.));
#11420 = VECTOR('',#11421,1.);
#11421 = DIRECTION('',(-0.707106781187,-0.,-0.707106781187));
#11422 = PCURVE('',#11399,#11423);
#11423 = DEFINITIONAL_REPRESENTATION('',(#11424),#11427);
#11424 = B_SPLINE_CURVE_WITH_KNOTS('',1,(#11425,#11426),.UNSPECIFIED.,
  .F.,.F.,(2,2),(0.,1.414213562373),.PIECEWISE_BEZIER_KNOTS.);
#11425 = CARTESIAN_POINT('',(0.,0.));
#11426 = CARTESIAN_POINT('',(0.,-1.));
#11427 = ( GEOMETRIC_REPRESENTATION_CONTEXT(2) 
PARAMETRIC_REPRESENTATION_CONTEXT() REPRESENTATION_CONTEXT('2D SPACE',''
  ) );
#11428 = PCURVE('',#11399,#11429);
#11429 = DEFINITIONAL_REPRESENTATION('',(#11430),#11433);
#11430 = B_SPLINE_CURVE_WITH_KNOTS('',1,(#11431,#11432),.UNSPECIFIED.,
  .F.,.F.,(2,2),(0.,1.414213562373),.PIECEWISE_BEZIER_KNOTS.);
#11431 = CARTESIAN_POINT('',(6.28318530718,0.));
#11432 = CARTESIAN_POINT('',(6.28318530718,-1.));
#11433 = ( GEOMETRIC_REPRESENTATION_CONTEXT(2) 
PARAMETRIC_REPRESENTATION_CONTEXT() REPRESENTATION_CONTEXT('2D SPACE',''
  ) );
#11434 = ORIENTED_EDGE('',*,*,#11384,.T.);
#11435 = ORIENTED_EDGE('',*,*,#11414,.T.);
#11436 = ORIENTED_EDGE('',*,*,#11437,.F.);
#11437 = EDGE_CURVE('',#11415,#11415,#11438,.T.);
#11438 = SURFACE_CURVE('',#11439,(#11444,#11451),.PCURVE_S1.);
#11439 = CIRCLE('',#11440,6.);
#11440 = AXIS2_PLACEMENT_3D('',#11441,#11442,#11443);
#11441 = CARTESIAN_POINT('',(0.,0.,0.));
#11442 = DIRECTION('',(0.,0.,1.));
#11443 = DIRECTION('',(1.,0.,-0.));
#11444 = PCURVE('',#11399,#11445);
#11445 = DEFINITIONAL_REPRESENTATION('',(#11446),#11450);
#11446 = LINE('',#11447,#11448);
#11447 = CARTESIAN_POINT('',(0.,-1.));
#11448 = VECTOR('',#11449,1.);
#11449 = DIRECTION('',(1.,-0.));
#11450 = ( GEOMETRIC_REPRESENTATION_CONTEXT(2) 
PARAMETRIC_REPRESENTATION_CONTEXT() REPRESENTATION_CONTEXT('2D SPACE',''
  ) );
#11451 = PCURVE('',#11452,#11457);
#11452 = PLANE('',#11453);
#11453 = AXIS2_PLACEMENT_3D('',#11454,#11455,#11456);
#11454 = CARTESIAN_POINT('',(0.,0.,0.));
#11455 = DIRECTION('',(0.,0.,1.));
#11456 = DIRECTION('',(1.,0.,0.));
#11457 = DEFINITIONAL_REPRESENTATION('',(#11458),#11462);
#11458 = CIRCLE('',#11459,6.);
#11459 = AXIS2_PLACEMENT_2D('',#11460,#11461);
#11460 = CARTESIAN_POINT('',(0.,0.));
#11461 = DIRECTION('',(1.,0.));
#11462 = ( GEOMETRIC_REPRESENTATION_CONTEXT(2) 
PARAMETRIC_REPRESENTATION_CONTEXT() REPRESENTATION_CONTEXT('2D SPACE',''
  ) );
#11463 = ADVANCED_FACE('',(#11464),#11371,.T.);
#11464 = FACE_BOUND('',#11465,.T.);
#11465 = EDGE_LOOP('',(#11466,#11487,#11488,#11489));
#11466 = ORIENTED_EDGE('',*,*,#11467,.F.);
#11467 = EDGE_CURVE('',#11329,#11468,#11470,.T.);
#11468 = VERTEX_POINT('',#11469);
#11469 = CARTESIAN_POINT('',(6.,0.,7.));
#11470 = SEAM_CURVE('',#11471,(#11475,#11481),.PCURVE_S1.);
#11471 = LINE('',#11472,#11473);
#11472 = CARTESIAN_POINT('',(7.,0.,6.));
#11473 = VECTOR('',#11474,1.);
#11474 = DIRECTION('',(-0.707106781187,0.,0.707106781187));
#11475 = PCURVE('',#11371,#11476);
#11476 = DEFINITIONAL_REPRESENTATION('',(#11477),#11480);
#11477 = B_SPLINE_CURVE_WITH_KNOTS('',1,(#11478,#11479),.UNSPECIFIED.,
  .F.,.F.,(2,2),(0.,1.414213562373),.PIECEWISE_BEZIER_KNOTS.);
#11478 = CARTESIAN_POINT('',(0.,0.));
#11479 = CARTESIAN_POINT('',(0.,-1.));
#11480 = ( GEOMETRIC_REPRESENTATION_CONTEXT(2) 
PARAMETRIC_REPRESENTATION_CONTEXT() REPRESENTATION_CONTEXT('2D SPACE',''
  ) );
#11481 = PCURVE('',#11371,#11482);
#11482 = DEFINITIONAL_REPRESENTATION('',(#11483),#11486);
#11483 = B_SPLINE_CURVE_WITH_KNOTS('',1,(#11484,#11485),.UNSPECIFIED.,
  .F.,.F.,(2,2),(0.,1.414213562373),.PIECEWISE_BEZIER_KNOTS.);
#11484 = CARTESIAN_POINT('',(-6.28318530718,0.));
#11485 = CARTESIAN_POINT('',(-6.28318530718,-1.));
#11486 = ( GEOMETRIC_REPRESENTATION_CONTEXT(2) 
PARAMETRIC_REPRESENTATION_CONTEXT() REPRESENTATION_CONTEXT('2D SPACE',''
  ) );
#11487 = ORIENTED_EDGE('',*,*,#11356,.T.);
#11488 = ORIENTED_EDGE('',*,*,#11467,.T.);
#11489 = ORIENTED_EDGE('',*,*,#11490,.F.);
#11490 = EDGE_CURVE('',#11468,#11468,#11491,.T.);
#11491 = SURFACE_CURVE('',#11492,(#11497,#11504),.PCURVE_S1.);
#11492 = CIRCLE('',#11493,6.);
#11493 = AXIS2_PLACEMENT_3D('',#11494,#11495,#11496);
#11494 = CARTESIAN_POINT('',(0.,0.,7.));
#11495 = DIRECTION('',(0.,0.,1.));
#11496 = DIRECTION('',(1.,0.,-0.));
#11497 = PCURVE('',#11371,#11498);
#11498 = DEFINITIONAL_REPRESENTATION('',(#11499),#11503);
#11499 = LINE('',#11500,#11501);
#11500 = CARTESIAN_POINT('',(-0.,-1.));
#11501 = VECTOR('',#11502,1.);
#11502 = DIRECTION('',(-1.,-0.));
#11503 = ( GEOMETRIC_REPRESENTATION_CONTEXT(2) 
PARAMETRIC_REPRESENTATION_CONTEXT() REPRESENTATION_CONTEXT('2D SPACE',''
  ) );
#11504 = PCURVE('',#11505,#11510);
#11505 = PLANE('',#11506);
#11506 = AXIS2_PLACEMENT_3D('',#11507,#11508,#11509);
#11507 = CARTESIAN_POINT('',(0.,0.,7.));
#11508 = DIRECTION('',(0.,0.,1.));
#11509 = DIRECTION('',(1.,0.,0.));
#11510 = DEFINITIONAL_REPRESENTATION('',(#11511),#11515);
#11511 = CIRCLE('',#11512,6.);
#11512 = AXIS2_PLACEMENT_2D('',#11513,#11514);
#11513 = CARTESIAN_POINT('',(0.,0.));
#11514 = DIRECTION('',(1.,0.));
#11515 = ( GEOMETRIC_REPRESENTATION_CONTEXT(2) 
PARAMETRIC_REPRESENTATION_CONTEXT() REPRESENTATION_CONTEXT('2D SPACE',''
  ) );
#11516 = ADVANCED_FACE('',(#11517),#11452,.F.);
#11517 = FACE_BOUND('',#11518,.F.);
#11518 = EDGE_LOOP('',(#11519));
#11519 = ORIENTED_EDGE('',*,*,#11437,.T.);
#11520 = ADVANCED_FACE('',(#11521),#11505,.T.);
#11521 = FACE_BOUND('',#11522,.T.);
#11522 = EDGE_LOOP('',(#11523));
#11523 = ORIENTED_EDGE('',*,*,#11490,.T.);
#11524 = ( GEOMETRIC_REPRESENTATION_CONTEXT(3) 
GLOBAL_UNCERTAINTY_ASSIGNED_CONTEXT((#11528)) 
GLOBAL_UNIT_ASSIGNED_CONTEXT((#11525,#11526,#11527)) 
REPRESENTATION_CONTEXT('Context #1',
  '3D Context with UNIT and UNCERTAINTY') );
#11525 = ( LENGTH_UNIT() NAMED_UNIT(*) SI_UNIT(.MILLI.,.METRE.) );
#11526 = ( NAMED_UNIT(*) PLANE_ANGLE_UNIT() SI_UNIT($,.RADIAN.) );
#11527 = ( NAMED_UNIT(*) SI_UNIT($,.STERADIAN.) SOLID_ANGLE_UNIT() );
#11528 = UNCERTAINTY_MEASURE_WITH_UNIT(LENGTH_MEASURE(1.E-07),#11525,
  'distance_accuracy_value','confusion accuracy');
#11529 = CONTEXT_DEPENDENT_SHAPE_REPRESENTATION(#11530,#11532);
#11530 = ( REPRESENTATION_RELATIONSHIP('','',#11319,#10) 
REPRESENTATION_RELATIONSHIP_WITH_TRANSFORMATION(#11531) 
SHAPE_REPRESENTATION_RELATIONSHIP() );
#11531 = ITEM_DEFINED_TRANSFORMATION('','',#11,#123);
#11532 = PRODUCT_DEFINITION_SHAPE('Placement','Placement of an item',
  #11533);
#11533 = NEXT_ASSEMBLY_USAGE_OCCURRENCE('28','seed_medium_07','',#5,
  #11314,$);
#11534 = PRODUCT_RELATED_PRODUCT_CATEGORY('part',$,(#11316));
#11535 = SHAPE_DEFINITION_REPRESENTATION(#11536,#11542);
#11536 = PRODUCT_DEFINITION_SHAPE('','',#11537);
#11537 = PRODUCT_DEFINITION('design','',#11538,#11541);
#11538 = PRODUCT_DEFINITION_FORMATION('','',#11539);
#11539 = PRODUCT('seed_medium_08','seed_medium_08','',(#11540));
#11540 = PRODUCT_CONTEXT('',#2,'mechanical');
#11541 = PRODUCT_DEFINITION_CONTEXT('part definition',#2,'design');
#11542 = ADVANCED_BREP_SHAPE_REPRESENTATION('',(#11,#11543),#11747);
#11543 = MANIFOLD_SOLID_BREP('',#11544);
#11544 = CLOSED_SHELL('',(#11545,#11633,#11686,#11739,#11743));
#11545 = ADVANCED_FACE('',(#11546),#11560,.T.);
#11546 = FACE_BOUND('',#11547,.T.);
#11547 = EDGE_LOOP('',(#11548,#11578,#11605,#11606));
#11548 = ORIENTED_EDGE('',*,*,#11549,.T.);
#11549 = EDGE_CURVE('',#11550,#11552,#11554,.T.);
#11550 = VERTEX_POINT('',#11551);
#11551 = CARTESIAN_POINT('',(7.,0.,1.));
#11552 = VERTEX_POINT('',#11553);
#11553 = CARTESIAN_POINT('',(7.,0.,6.));
#11554 = SEAM_CURVE('',#11555,(#11559,#11571),.PCURVE_S1.);
#11555 = LINE('',#11556,#11557);
#11556 = CARTESIAN_POINT('',(7.,-1.714505518806E-15,0.));
#11557 = VECTOR('',#11558,1.);
#11558 = DIRECTION('',(0.,0.,1.));
#11559 = PCURVE('',#11560,#11565);
#11560 = CYLINDRICAL_SURFACE('',#11561,7.);
#11561 = AXIS2_PLACEMENT_3D('',#11562,#11563,#11564);
#11562 = CARTESIAN_POINT('',(0.,0.,0.));
#11563 = DIRECTION('',(0.,0.,1.));
#11564 = DIRECTION('',(1.,0.,0.));
#11565 = DEFINITIONAL_REPRESENTATION('',(#11566),#11570);
#11566 = LINE('',#11567,#11568);
#11567 = CARTESIAN_POINT('',(6.28318530718,-0.));
#11568 = VECTOR('',#11569,1.);
#11569 = DIRECTION('',(0.,1.));
#11570 = ( GEOMETRIC_REPRESENTATION_CONTEXT(2) 
PARAMETRIC_REPRESENTATION_CONTEXT() REPRESENTATION_CONTEXT('2D SPACE',''
  ) );
#11571 = PCURVE('',#11560,#11572);
#11572 = DEFINITIONAL_REPRESENTATION('',(#11573),#11577);
#11573 = LINE('',#11574,#11575);
#11574 = CARTESIAN_POINT('',(0.,-0.));
#11575 = VECTOR('',#11576,1.);
#11576 = DIRECTION('',(0.,1.));
#11577 = ( GEOMETRIC_REPRESENTATION_CONTEXT(2) 
PARAMETRIC_REPRESENTATION_CONTEXT() REPRESENTATION_CONTEXT('2D SPACE',''
  ) );
#11578 = ORIENTED_EDGE('',*,*,#11579,.F.);
#11579 = EDGE_CURVE('',#11552,#11552,#11580,.T.);
#11580 = SURFACE_CURVE('',#11581,(#11586,#11593),.PCURVE_S1.);
#11581 = CIRCLE('',#11582,7.);
#11582 = AXIS2_PLACEMENT_3D('',#11583,#11584,#11585);
#11583 = CARTESIAN_POINT('',(0.,0.,6.));
#11584 = DIRECTION('',(0.,0.,1.));
#11585 = DIRECTION('',(1.,0.,-0.));
#11586 = PCURVE('',#11560,#11587);
#11587 = DEFINITIONAL_REPRESENTATION('',(#11588),#11592);
#11588 = LINE('',#11589,#11590);
#11589 = CARTESIAN_POINT('',(0.,6.));
#11590 = VECTOR('',#11591,1.);
#11591 = DIRECTION('',(1.,0.));
#11592 = ( GEOMETRIC_REPRESENTATION_CONTEXT(2) 
PARAMETRIC_REPRESENTATION_CONTEXT() REPRESENTATION_CONTEXT('2D SPACE',''
  ) );
#11593 = PCURVE('',#11594,#11599);
#11594 = CONICAL_SURFACE('',#11595,7.,0.785398163397);
#11595 = AXIS2_PLACEMENT_3D('',#11596,#11597,#11598);
#11596 = CARTESIAN_POINT('',(0.,0.,6.));
#11597 = DIRECTION('',(-0.,-0.,-1.));
#11598 = DIRECTION('',(1.,0.,0.));
#11599 = DEFINITIONAL_REPRESENTATION('',(#11600),#11604);
#11600 = LINE('',#11601,#11602);
#11601 = CARTESIAN_POINT('',(-0.,-0.));
#11602 = VECTOR('',#11603,1.);
#11603 = DIRECTION('',(-1.,-0.));
#11604 = ( GEOMETRIC_REPRESENTATION_CONTEXT(2) 
PARAMETRIC_REPRESENTATION_CONTEXT() REPRESENTATION_CONTEXT('2D SPACE',''
  ) );
#11605 = ORIENTED_EDGE('',*,*,#11549,.F.);
#11606 = ORIENTED_EDGE('',*,*,#11607,.T.);
#11607 = EDGE_CURVE('',#11550,#11550,#11608,.T.);
#11608 = SURFACE_CURVE('',#11609,(#11614,#11621),.PCURVE_S1.);
#11609 = CIRCLE('',#11610,7.);
#11610 = AXIS2_PLACEMENT_3D('',#11611,#11612,#11613);
#11611 = CARTESIAN_POINT('',(0.,0.,1.));
#11612 = DIRECTION('',(0.,0.,1.));
#11613 = DIRECTION('',(1.,0.,-0.));
#11614 = PCURVE('',#11560,#11615);
#11615 = DEFINITIONAL_REPRESENTATION('',(#11616),#11620);
#11616 = LINE('',#11617,#11618);
#11617 = CARTESIAN_POINT('',(0.,1.));
#11618 = VECTOR('',#11619,1.);
#11619 = DIRECTION('',(1.,0.));
#11620 = ( GEOMETRIC_REPRESENTATION_CONTEXT(2) 
PARAMETRIC_REPRESENTATION_CONTEXT() REPRESENTATION_CONTEXT('2D SPACE',''
  ) );
#11621 = PCURVE('',#11622,#11627);
#11622 = CONICAL_SURFACE('',#11623,7.,0.785398163397);
#11623 = AXIS2_PLACEMENT_3D('',#11624,#11625,#11626);
#11624 = CARTESIAN_POINT('',(0.,0.,1.));
#11625 = DIRECTION('',(0.,0.,1.));
#11626 = DIRECTION('',(1.,0.,-0.));
#11627 = DEFINITIONAL_REPRESENTATION('',(#11628),#11632);
#11628 = LINE('',#11629,#11630);
#11629 = CARTESIAN_POINT('',(0.,-0.));
#11630 = VECTOR('',#11631,1.);
#11631 = DIRECTION('',(1.,-0.));
#11632 = ( GEOMETRIC_REPRESENTATION_CONTEXT(2) 
PARAMETRIC_REPRESENTATION_CONTEXT() REPRESENTATION_CONTEXT('2D SPACE',''
  ) );
#11633 = ADVANCED_FACE('',(#11634),#11622,.T.);
#11634 = FACE_BOUND('',#11635,.F.);
#11635 = EDGE_LOOP('',(#11636,#11657,#11658,#11659));
#11636 = ORIENTED_EDGE('',*,*,#11637,.F.);
#11637 = EDGE_CURVE('',#11550,#11638,#11640,.T.);
#11638 = VERTEX_POINT('',#11639);
#11639 = CARTESIAN_POINT('',(6.,0.,0.));
#11640 = SEAM_CURVE('',#11641,(#11645,#11651),.PCURVE_S1.);
#11641 = LINE('',#11642,#11643);
#11642 = CARTESIAN_POINT('',(7.,0.,1.));
#11643 = VECTOR('',#11644,1.);
#11644 = DIRECTION('',(-0.707106781187,-0.,-0.707106781187));
#11645 = PCURVE('',#11622,#11646);
#11646 = DEFINITIONAL_REPRESENTATION('',(#11647),#11650);
#11647 = B_SPLINE_CURVE_WITH_KNOTS('',1,(#11648,#11649),.UNSPECIFIED.,
  .F.,.F.,(2,2),(0.,1.414213562373),.PIECEWISE_BEZIER_KNOTS.);
#11648 = CARTESIAN_POINT('',(0.,0.));
#11649 = CARTESIAN_POINT('',(0.,-1.));
#11650 = ( GEOMETRIC_REPRESENTATION_CONTEXT(2) 
PARAMETRIC_REPRESENTATION_CONTEXT() REPRESENTATION_CONTEXT('2D SPACE',''
  ) );
#11651 = PCURVE('',#11622,#11652);
#11652 = DEFINITIONAL_REPRESENTATION('',(#11653),#11656);
#11653 = B_SPLINE_CURVE_WITH_KNOTS('',1,(#11654,#11655),.UNSPECIFIED.,
  .F.,.F.,(2,2),(0.,1.414213562373),.PIECEWISE_BEZIER_KNOTS.);
#11654 = CARTESIAN_POINT('',(6.28318530718,0.));
#11655 = CARTESIAN_POINT('',(6.28318530718,-1.));
#11656 = ( GEOMETRIC_REPRESENTATION_CONTEXT(2) 
PARAMETRIC_REPRESENTATION_CONTEXT() REPRESENTATION_CONTEXT('2D SPACE',''
  ) );
#11657 = ORIENTED_EDGE('',*,*,#11607,.T.);
#11658 = ORIENTED_EDGE('',*,*,#11637,.T.);
#11659 = ORIENTED_EDGE('',*,*,#11660,.F.);
#11660 = EDGE_CURVE('',#11638,#11638,#11661,.T.);
#11661 = SURFACE_CURVE('',#11662,(#11667,#11674),.PCURVE_S1.);
#11662 = CIRCLE('',#11663,6.);
#11663 = AXIS2_PLACEMENT_3D('',#11664,#11665,#11666);
#11664 = CARTESIAN_POINT('',(0.,0.,0.));
#11665 = DIRECTION('',(0.,0.,1.));
#11666 = DIRECTION('',(1.,0.,-0.));
#11667 = PCURVE('',#11622,#11668);
#11668 = DEFINITIONAL_REPRESENTATION('',(#11669),#11673);
#11669 = LINE('',#11670,#11671);
#11670 = CARTESIAN_POINT('',(0.,-1.));
#11671 = VECTOR('',#11672,1.);
#11672 = DIRECTION('',(1.,-0.));
#11673 = ( GEOMETRIC_REPRESENTATION_CONTEXT(2) 
PARAMETRIC_REPRESENTATION_CONTEXT() REPRESENTATION_CONTEXT('2D SPACE',''
  ) );
#11674 = PCURVE('',#11675,#11680);
#11675 = PLANE('',#11676);
#11676 = AXIS2_PLACEMENT_3D('',#11677,#11678,#11679);
#11677 = CARTESIAN_POINT('',(0.,0.,0.));
#11678 = DIRECTION('',(0.,0.,1.));
#11679 = DIRECTION('',(1.,0.,0.));
#11680 = DEFINITIONAL_REPRESENTATION('',(#11681),#11685);
#11681 = CIRCLE('',#11682,6.);
#11682 = AXIS2_PLACEMENT_2D('',#11683,#11684);
#11683 = CARTESIAN_POINT('',(0.,0.));
#11684 = DIRECTION('',(1.,0.));
#11685 = ( GEOMETRIC_REPRESENTATION_CONTEXT(2) 
PARAMETRIC_REPRESENTATION_CONTEXT() REPRESENTATION_CONTEXT('2D SPACE',''
  ) );
#11686 = ADVANCED_FACE('',(#11687),#11594,.T.);
#11687 = FACE_BOUND('',#11688,.T.);
#11688 = EDGE_LOOP('',(#11689,#11710,#11711,#11712));
#11689 = ORIENTED_EDGE('',*,*,#11690,.F.);
#11690 = EDGE_CURVE('',#11552,#11691,#11693,.T.);
#11691 = VERTEX_POINT('',#11692);
#11692 = CARTESIAN_POINT('',(6.,0.,7.));
#11693 = SEAM_CURVE('',#11694,(#11698,#11704),.PCURVE_S1.);
#11694 = LINE('',#11695,#11696);
#11695 = CARTESIAN_POINT('',(7.,0.,6.));
#11696 = VECTOR('',#11697,1.);
#11697 = DIRECTION('',(-0.707106781187,0.,0.707106781187));
#11698 = PCURVE('',#11594,#11699);
#11699 = DEFINITIONAL_REPRESENTATION('',(#11700),#11703);
#11700 = B_SPLINE_CURVE_WITH_KNOTS('',1,(#11701,#11702),.UNSPECIFIED.,
  .F.,.F.,(2,2),(0.,1.414213562373),.PIECEWISE_BEZIER_KNOTS.);
#11701 = CARTESIAN_POINT('',(0.,0.));
#11702 = CARTESIAN_POINT('',(0.,-1.));
#11703 = ( GEOMETRIC_REPRESENTATION_CONTEXT(2) 
PARAMETRIC_REPRESENTATION_CONTEXT() REPRESENTATION_CONTEXT('2D SPACE',''
  ) );
#11704 = PCURVE('',#11594,#11705);
#11705 = DEFINITIONAL_REPRESENTATION('',(#11706),#11709);
#11706 = B_SPLINE_CURVE_WITH_KNOTS('',1,(#11707,#11708),.UNSPECIFIED.,
  .F.,.F.,(2,2),(0.,1.414213562373),.PIECEWISE_BEZIER_KNOTS.);
#11707 = CARTESIAN_POINT('',(-6.28318530718,0.));
#11708 = CARTESIAN_POINT('',(-6.28318530718,-1.));
#11709 = ( GEOMETRIC_REPRESENTATION_CONTEXT(2) 
PARAMETRIC_REPRESENTATION_CONTEXT() REPRESENTATION_CONTEXT('2D SPACE',''
  ) );
#11710 = ORIENTED_EDGE('',*,*,#11579,.T.);
#11711 = ORIENTED_EDGE('',*,*,#11690,.T.);
#11712 = ORIENTED_EDGE('',*,*,#11713,.F.);
#11713 = EDGE_CURVE('',#11691,#11691,#11714,.T.);
#11714 = SURFACE_CURVE('',#11715,(#11720,#11727),.PCURVE_S1.);
#11715 = CIRCLE('',#11716,6.);
#11716 = AXIS2_PLACEMENT_3D('',#11717,#11718,#11719);
#11717 = CARTESIAN_POINT('',(0.,0.,7.));
#11718 = DIRECTION('',(0.,0.,1.));
#11719 = DIRECTION('',(1.,0.,-0.));
#11720 = PCURVE('',#11594,#11721);
#11721 = DEFINITIONAL_REPRESENTATION('',(#11722),#11726);
#11722 = LINE('',#11723,#11724);
#11723 = CARTESIAN_POINT('',(-0.,-1.));
#11724 = VECTOR('',#11725,1.);
#11725 = DIRECTION('',(-1.,-0.));
#11726 = ( GEOMETRIC_REPRESENTATION_CONTEXT(2) 
PARAMETRIC_REPRESENTATION_CONTEXT() REPRESENTATION_CONTEXT('2D SPACE',''
  ) );
#11727 = PCURVE('',#11728,#11733);
#11728 = PLANE('',#11729);
#11729 = AXIS2_PLACEMENT_3D('',#11730,#11731,#11732);
#11730 = CARTESIAN_POINT('',(0.,0.,7.));
#11731 = DIRECTION('',(0.,0.,1.));
#11732 = DIRECTION('',(1.,0.,0.));
#11733 = DEFINITIONAL_REPRESENTATION('',(#11734),#11738);
#11734 = CIRCLE('',#11735,6.);
#11735 = AXIS2_PLACEMENT_2D('',#11736,#11737);
#11736 = CARTESIAN_POINT('',(0.,0.));
#11737 = DIRECTION('',(1.,0.));
#11738 = ( GEOMETRIC_REPRESENTATION_CONTEXT(2) 
PARAMETRIC_REPRESENTATION_CONTEXT() REPRESENTATION_CONTEXT('2D SPACE',''
  ) );
#11739 = ADVANCED_FACE('',(#11740),#11675,.F.);
#11740 = FACE_BOUND('',#11741,.F.);
#11741 = EDGE_LOOP('',(#11742));
#11742 = ORIENTED_EDGE('',*,*,#11660,.T.);
#11743 = ADVANCED_FACE('',(#11744),#11728,.T.);
#11744 = FACE_BOUND('',#11745,.T.);
#11745 = EDGE_LOOP('',(#11746));
#11746 = ORIENTED_EDGE('',*,*,#11713,.T.);
#11747 = ( GEOMETRIC_REPRESENTATION_CONTEXT(3) 
GLOBAL_UNCERTAINTY_ASSIGNED_CONTEXT((#11751)) 
GLOBAL_UNIT_ASSIGNED_CONTEXT((#11748,#11749,#11750)) 
REPRESENTATION_CONTEXT('Context #1',
  '3D Context with UNIT and UNCERTAINTY') );
#11748 = ( LENGTH_UNIT() NAMED_UNIT(*) SI_UNIT(.MILLI.,.METRE.) );
#11749 = ( NAMED_UNIT(*) PLANE_ANGLE_UNIT() SI_UNIT($,.RADIAN.) );
#11750 = ( NAMED_UNIT(*) SI_UNIT($,.STERADIAN.) SOLID_ANGLE_UNIT() );
#11751 = UNCERTAINTY_MEASURE_WITH_UNIT(LENGTH_MEASURE(1.E-07),#11748,
  'distance_accuracy_value','confusion accuracy');
#11752 = CONTEXT_DEPENDENT_SHAPE_REPRESENTATION(#11753,#11755);
#11753 = ( REPRESENTATION_RELATIONSHIP('','',#11542,#10) 
REPRESENTATION_RELATIONSHIP_WITH_TRANSFORMATION(#11754) 
SHAPE_REPRESENTATION_RELATIONSHIP() );
#11754 = ITEM_DEFINED_TRANSFORMATION('','',#11,#127);
#11755 = PRODUCT_DEFINITION_SHAPE('Placement','Placement of an item',
  #11756);
#11756 = NEXT_ASSEMBLY_USAGE_OCCURRENCE('29','seed_medium_08','',#5,
  #11537,$);
#11757 = PRODUCT_RELATED_PRODUCT_CATEGORY('part',$,(#11539));
#11758 = SHAPE_DEFINITION_REPRESENTATION(#11759,#11765);
#11759 = PRODUCT_DEFINITION_SHAPE('','',#11760);
#11760 = PRODUCT_DEFINITION('design','',#11761,#11764);
#11761 = PRODUCT_DEFINITION_FORMATION('','',#11762);
#11762 = PRODUCT('seed_medium_09','seed_medium_09','',(#11763));
#11763 = PRODUCT_CONTEXT('',#2,'mechanical');
#11764 = PRODUCT_DEFINITION_CONTEXT('part definition',#2,'design');
#11765 = ADVANCED_BREP_SHAPE_REPRESENTATION('',(#11,#11766),#11970);
#11766 = MANIFOLD_SOLID_BREP('',#11767);
#11767 = CLOSED_SHELL('',(#11768,#11856,#11909,#11962,#11966));
#11768 = ADVANCED_FACE('',(#11769),#11783,.T.);
#11769 = FACE_BOUND('',#11770,.T.);
#11770 = EDGE_LOOP('',(#11771,#11801,#11828,#11829));
#11771 = ORIENTED_EDGE('',*,*,#11772,.T.);
#11772 = EDGE_CURVE('',#11773,#11775,#11777,.T.);
#11773 = VERTEX_POINT('',#11774);
#11774 = CARTESIAN_POINT('',(7.,0.,1.));
#11775 = VERTEX_POINT('',#11776);
#11776 = CARTESIAN_POINT('',(7.,0.,6.));
#11777 = SEAM_CURVE('',#11778,(#11782,#11794),.PCURVE_S1.);
#11778 = LINE('',#11779,#11780);
#11779 = CARTESIAN_POINT('',(7.,-1.714505518806E-15,0.));
#11780 = VECTOR('',#11781,1.);
#11781 = DIRECTION('',(0.,0.,1.));
#11782 = PCURVE('',#11783,#11788);
#11783 = CYLINDRICAL_SURFACE('',#11784,7.);
#11784 = AXIS2_PLACEMENT_3D('',#11785,#11786,#11787);
#11785 = CARTESIAN_POINT('',(0.,0.,0.));
#11786 = DIRECTION('',(0.,0.,1.));
#11787 = DIRECTION('',(1.,0.,0.));
#11788 = DEFINITIONAL_REPRESENTATION('',(#11789),#11793);
#11789 = LINE('',#11790,#11791);
#11790 = CARTESIAN_POINT('',(6.28318530718,-0.));
#11791 = VECTOR('',#11792,1.);
#11792 = DIRECTION('',(0.,1.));
#11793 = ( GEOMETRIC_REPRESENTATION_CONTEXT(2) 
PARAMETRIC_REPRESENTATION_CONTEXT() REPRESENTATION_CONTEXT('2D SPACE',''
  ) );
#11794 = PCURVE('',#11783,#11795);
#11795 = DEFINITIONAL_REPRESENTATION('',(#11796),#11800);
#11796 = LINE('',#11797,#11798);
#11797 = CARTESIAN_POINT('',(0.,-0.));
#11798 = VECTOR('',#11799,1.);
#11799 = DIRECTION('',(0.,1.));
#11800 = ( GEOMETRIC_REPRESENTATION_CONTEXT(2) 
PARAMETRIC_REPRESENTATION_CONTEXT() REPRESENTATION_CONTEXT('2D SPACE',''
  ) );
#11801 = ORIENTED_EDGE('',*,*,#11802,.F.);
#11802 = EDGE_CURVE('',#11775,#11775,#11803,.T.);
#11803 = SURFACE_CURVE('',#11804,(#11809,#11816),.PCURVE_S1.);
#11804 = CIRCLE('',#11805,7.);
#11805 = AXIS2_PLACEMENT_3D('',#11806,#11807,#11808);
#11806 = CARTESIAN_POINT('',(0.,0.,6.));
#11807 = DIRECTION('',(0.,0.,1.));
#11808 = DIRECTION('',(1.,0.,-0.));
#11809 = PCURVE('',#11783,#11810);
#11810 = DEFINITIONAL_REPRESENTATION('',(#11811),#11815);
#11811 = LINE('',#11812,#11813);
#11812 = CARTESIAN_POINT('',(0.,6.));
#11813 = VECTOR('',#11814,1.);
#11814 = DIRECTION('',(1.,0.));
#11815 = ( GEOMETRIC_REPRESENTATION_CONTEXT(2) 
PARAMETRIC_REPRESENTATION_CONTEXT() REPRESENTATION_CONTEXT('2D SPACE',''
  ) );
#11816 = PCURVE('',#11817,#11822);
#11817 = CONICAL_SURFACE('',#11818,7.,0.785398163397);
#11818 = AXIS2_PLACEMENT_3D('',#11819,#11820,#11821);
#11819 = CARTESIAN_POINT('',(0.,0.,6.));
#11820 = DIRECTION('',(-0.,-0.,-1.));
#11821 = DIRECTION('',(1.,0.,0.));
#11822 = DEFINITIONAL_REPRESENTATION('',(#11823),#11827);
#11823 = LINE('',#11824,#11825);
#11824 = CARTESIAN_POINT('',(-0.,-0.));
#11825 = VECTOR('',#11826,1.);
#11826 = DIRECTION('',(-1.,-0.));
#11827 = ( GEOMETRIC_REPRESENTATION_CONTEXT(2) 
PARAMETRIC_REPRESENTATION_CONTEXT() REPRESENTATION_CONTEXT('2D SPACE',''
  ) );
#11828 = ORIENTED_EDGE('',*,*,#11772,.F.);
#11829 = ORIENTED_EDGE('',*,*,#11830,.T.);
#11830 = EDGE_CURVE('',#11773,#11773,#11831,.T.);
#11831 = SURFACE_CURVE('',#11832,(#11837,#11844),.PCURVE_S1.);
#11832 = CIRCLE('',#11833,7.);
#11833 = AXIS2_PLACEMENT_3D('',#11834,#11835,#11836);
#11834 = CARTESIAN_POINT('',(0.,0.,1.));
#11835 = DIRECTION('',(0.,0.,1.));
#11836 = DIRECTION('',(1.,0.,-0.));
#11837 = PCURVE('',#11783,#11838);
#11838 = DEFINITIONAL_REPRESENTATION('',(#11839),#11843);
#11839 = LINE('',#11840,#11841);
#11840 = CARTESIAN_POINT('',(0.,1.));
#11841 = VECTOR('',#11842,1.);
#11842 = DIRECTION('',(1.,0.));
#11843 = ( GEOMETRIC_REPRESENTATION_CONTEXT(2) 
PARAMETRIC_REPRESENTATION_CONTEXT() REPRESENTATION_CONTEXT('2D SPACE',''
  ) );
#11844 = PCURVE('',#11845,#11850);
#11845 = CONICAL_SURFACE('',#11846,7.,0.785398163397);
#11846 = AXIS2_PLACEMENT_3D('',#11847,#11848,#11849);
#11847 = CARTESIAN_POINT('',(0.,0.,1.));
#11848 = DIRECTION('',(0.,0.,1.));
#11849 = DIRECTION('',(1.,0.,-0.));
#11850 = DEFINITIONAL_REPRESENTATION('',(#11851),#11855);
#11851 = LINE('',#11852,#11853);
#11852 = CARTESIAN_POINT('',(0.,-0.));
#11853 = VECTOR('',#11854,1.);
#11854 = DIRECTION('',(1.,-0.));
#11855 = ( GEOMETRIC_REPRESENTATION_CONTEXT(2) 
PARAMETRIC_REPRESENTATION_CONTEXT() REPRESENTATION_CONTEXT('2D SPACE',''
  ) );
#11856 = ADVANCED_FACE('',(#11857),#11845,.T.);
#11857 = FACE_BOUND('',#11858,.F.);
#11858 = EDGE_LOOP('',(#11859,#11880,#11881,#11882));
#11859 = ORIENTED_EDGE('',*,*,#11860,.F.);
#11860 = EDGE_CURVE('',#11773,#11861,#11863,.T.);
#11861 = VERTEX_POINT('',#11862);
#11862 = CARTESIAN_POINT('',(6.,0.,0.));
#11863 = SEAM_CURVE('',#11864,(#11868,#11874),.PCURVE_S1.);
#11864 = LINE('',#11865,#11866);
#11865 = CARTESIAN_POINT('',(7.,0.,1.));
#11866 = VECTOR('',#11867,1.);
#11867 = DIRECTION('',(-0.707106781187,-0.,-0.707106781187));
#11868 = PCURVE('',#11845,#11869);
#11869 = DEFINITIONAL_REPRESENTATION('',(#11870),#11873);
#11870 = B_SPLINE_CURVE_WITH_KNOTS('',1,(#11871,#11872),.UNSPECIFIED.,
  .F.,.F.,(2,2),(0.,1.414213562373),.PIECEWISE_BEZIER_KNOTS.);
#11871 = CARTESIAN_POINT('',(0.,0.));
#11872 = CARTESIAN_POINT('',(0.,-1.));
#11873 = ( GEOMETRIC_REPRESENTATION_CONTEXT(2) 
PARAMETRIC_REPRESENTATION_CONTEXT() REPRESENTATION_CONTEXT('2D SPACE',''
  ) );
#11874 = PCURVE('',#11845,#11875);
#11875 = DEFINITIONAL_REPRESENTATION('',(#11876),#11879);
#11876 = B_SPLINE_CURVE_WITH_KNOTS('',1,(#11877,#11878),.UNSPECIFIED.,
  .F.,.F.,(2,2),(0.,1.414213562373),.PIECEWISE_BEZIER_KNOTS.);
#11877 = CARTESIAN_POINT('',(6.28318530718,0.));
#11878 = CARTESIAN_POINT('',(6.28318530718,-1.));
#11879 = ( GEOMETRIC_REPRESENTATION_CONTEXT(2) 
PARAMETRIC_REPRESENTATION_CONTEXT() REPRESENTATION_CONTEXT('2D SPACE',''
  ) );
#11880 = ORIENTED_EDGE('',*,*,#11830,.T.);
#11881 = ORIENTED_EDGE('',*,*,#11860,.T.);
#11882 = ORIENTED_EDGE('',*,*,#11883,.F.);
#11883 = EDGE_CURVE('',#11861,#11861,#11884,.T.);
#11884 = SURFACE_CURVE('',#11885,(#11890,#11897),.PCURVE_S1.);
#11885 = CIRCLE('',#11886,6.);
#11886 = AXIS2_PLACEMENT_3D('',#11887,#11888,#11889);
#11887 = CARTESIAN_POINT('',(0.,0.,0.));
#11888 = DIRECTION('',(0.,0.,1.));
#11889 = DIRECTION('',(1.,0.,-0.));
#11890 = PCURVE('',#11845,#11891);
#11891 = DEFINITIONAL_REPRESENTATION('',(#11892),#11896);
#11892 = LINE('',#11893,#11894);
#11893 = CARTESIAN_POINT('',(0.,-1.));
#11894 = VECTOR('',#11895,1.);
#11895 = DIRECTION('',(1.,-0.));
#11896 = ( GEOMETRIC_REPRESENTATION_CONTEXT(2) 
PARAMETRIC_REPRESENTATION_CONTEXT() REPRESENTATION_CONTEXT('2D SPACE',''
  ) );
#11897 = PCURVE('',#11898,#11903);
#11898 = PLANE('',#11899);
#11899 = AXIS2_PLACEMENT_3D('',#11900,#11901,#11902);
#11900 = CARTESIAN_POINT('',(0.,0.,0.));
#11901 = DIRECTION('',(0.,0.,1.));
#11902 = DIRECTION('',(1.,0.,0.));
#11903 = DEFINITIONAL_REPRESENTATION('',(#11904),#11908);
#11904 = CIRCLE('',#11905,6.);
#11905 = AXIS2_PLACEMENT_2D('',#11906,#11907);
#11906 = CARTESIAN_POINT('',(0.,0.));
#11907 = DIRECTION('',(1.,0.));
#11908 = ( GEOMETRIC_REPRESENTATION_CONTEXT(2) 
PARAMETRIC_REPRESENTATION_CONTEXT() REPRESENTATION_CONTEXT('2D SPACE',''
  ) );
#11909 = ADVANCED_FACE('',(#11910),#11817,.T.);
#11910 = FACE_BOUND('',#11911,.T.);
#11911 = EDGE_LOOP('',(#11912,#11933,#11934,#11935));
#11912 = ORIENTED_EDGE('',*,*,#11913,.F.);
#11913 = EDGE_CURVE('',#11775,#11914,#11916,.T.);
#11914 = VERTEX_POINT('',#11915);
#11915 = CARTESIAN_POINT('',(6.,0.,7.));
#11916 = SEAM_CURVE('',#11917,(#11921,#11927),.PCURVE_S1.);
#11917 = LINE('',#11918,#11919);
#11918 = CARTESIAN_POINT('',(7.,0.,6.));
#11919 = VECTOR('',#11920,1.);
#11920 = DIRECTION('',(-0.707106781187,0.,0.707106781187));
#11921 = PCURVE('',#11817,#11922);
#11922 = DEFINITIONAL_REPRESENTATION('',(#11923),#11926);
#11923 = B_SPLINE_CURVE_WITH_KNOTS('',1,(#11924,#11925),.UNSPECIFIED.,
  .F.,.F.,(2,2),(0.,1.414213562373),.PIECEWISE_BEZIER_KNOTS.);
#11924 = CARTESIAN_POINT('',(0.,0.));
#11925 = CARTESIAN_POINT('',(0.,-1.));
#11926 = ( GEOMETRIC_REPRESENTATION_CONTEXT(2) 
PARAMETRIC_REPRESENTATION_CONTEXT() REPRESENTATION_CONTEXT('2D SPACE',''
  ) );
#11927 = PCURVE('',#11817,#11928);
#11928 = DEFINITIONAL_REPRESENTATION('',(#11929),#11932);
#11929 = B_SPLINE_CURVE_WITH_KNOTS('',1,(#11930,#11931),.UNSPECIFIED.,
  .F.,.F.,(2,2),(0.,1.414213562373),.PIECEWISE_BEZIER_KNOTS.);
#11930 = CARTESIAN_POINT('',(-6.28318530718,0.));
#11931 = CARTESIAN_POINT('',(-6.28318530718,-1.));
#11932 = ( GEOMETRIC_REPRESENTATION_CONTEXT(2) 
PARAMETRIC_REPRESENTATION_CONTEXT() REPRESENTATION_CONTEXT('2D SPACE',''
  ) );
#11933 = ORIENTED_EDGE('',*,*,#11802,.T.);
#11934 = ORIENTED_EDGE('',*,*,#11913,.T.);
#11935 = ORIENTED_EDGE('',*,*,#11936,.F.);
#11936 = EDGE_CURVE('',#11914,#11914,#11937,.T.);
#11937 = SURFACE_CURVE('',#11938,(#11943,#11950),.PCURVE_S1.);
#11938 = CIRCLE('',#11939,6.);
#11939 = AXIS2_PLACEMENT_3D('',#11940,#11941,#11942);
#11940 = CARTESIAN_POINT('',(0.,0.,7.));
#11941 = DIRECTION('',(0.,0.,1.));
#11942 = DIRECTION('',(1.,0.,-0.));
#11943 = PCURVE('',#11817,#11944);
#11944 = DEFINITIONAL_REPRESENTATION('',(#11945),#11949);
#11945 = LINE('',#11946,#11947);
#11946 = CARTESIAN_POINT('',(-0.,-1.));
#11947 = VECTOR('',#11948,1.);
#11948 = DIRECTION('',(-1.,-0.));
#11949 = ( GEOMETRIC_REPRESENTATION_CONTEXT(2) 
PARAMETRIC_REPRESENTATION_CONTEXT() REPRESENTATION_CONTEXT('2D SPACE',''
  ) );
#11950 = PCURVE('',#11951,#11956);
#11951 = PLANE('',#11952);
#11952 = AXIS2_PLACEMENT_3D('',#11953,#11954,#11955);
#11953 = CARTESIAN_POINT('',(0.,0.,7.));
#11954 = DIRECTION('',(0.,0.,1.));
#11955 = DIRECTION('',(1.,0.,0.));
#11956 = DEFINITIONAL_REPRESENTATION('',(#11957),#11961);
#11957 = CIRCLE('',#11958,6.);
#11958 = AXIS2_PLACEMENT_2D('',#11959,#11960);
#11959 = CARTESIAN_POINT('',(0.,0.));
#11960 = DIRECTION('',(1.,0.));
#11961 = ( GEOMETRIC_REPRESENTATION_CONTEXT(2) 
PARAMETRIC_REPRESENTATION_CONTEXT() REPRESENTATION_CONTEXT('2D SPACE',''
  ) );
#11962 = ADVANCED_FACE('',(#11963),#11898,.F.);
#11963 = FACE_BOUND('',#11964,.F.);
#11964 = EDGE_LOOP('',(#11965));
#11965 = ORIENTED_EDGE('',*,*,#11883,.T.);
#11966 = ADVANCED_FACE('',(#11967),#11951,.T.);
#11967 = FACE_BOUND('',#11968,.T.);
#11968 = EDGE_LOOP('',(#11969));
#11969 = ORIENTED_EDGE('',*,*,#11936,.T.);
#11970 = ( GEOMETRIC_REPRESENTATION_CONTEXT(3) 
GLOBAL_UNCERTAINTY_ASSIGNED_CONTEXT((#11974)) 
GLOBAL_UNIT_ASSIGNED_CONTEXT((#11971,#11972,#11973)) 
REPRESENTATION_CONTEXT('Context #1',
  '3D Context with UNIT and UNCERTAINTY') );
#11971 = ( LENGTH_UNIT() NAMED_UNIT(*) SI_UNIT(.MILLI.,.METRE.) );
#11972 = ( NAMED_UNIT(*) PLANE_ANGLE_UNIT() SI_UNIT($,.RADIAN.) );
#11973 = ( NAMED_UNIT(*) SI_UNIT($,.STERADIAN.) SOLID_ANGLE_UNIT() );
#11974 = UNCERTAINTY_MEASURE_WITH_UNIT(LENGTH_MEASURE(1.E-07),#11971,
  'distance_accuracy_value','confusion accuracy');
#11975 = CONTEXT_DEPENDENT_SHAPE_REPRESENTATION(#11976,#11978);
#11976 = ( REPRESENTATION_RELATIONSHIP('','',#11765,#10) 
REPRESENTATION_RELATIONSHIP_WITH_TRANSFORMATION(#11977) 
SHAPE_REPRESENTATION_RELATIONSHIP() );
#11977 = ITEM_DEFINED_TRANSFORMATION('','',#11,#131);
#11978 = PRODUCT_DEFINITION_SHAPE('Placement','Placement of an item',
  #11979);
#11979 = NEXT_ASSEMBLY_USAGE_OCCURRENCE('30','seed_medium_09','',#5,
  #11760,$);
#11980 = PRODUCT_RELATED_PRODUCT_CATEGORY('part',$,(#11762));
#11981 = SHAPE_DEFINITION_REPRESENTATION(#11982,#11988);
#11982 = PRODUCT_DEFINITION_SHAPE('','',#11983);
#11983 = PRODUCT_DEFINITION('design','',#11984,#11987);
#11984 = PRODUCT_DEFINITION_FORMATION('','',#11985);
#11985 = PRODUCT('seed_medium_10','seed_medium_10','',(#11986));
#11986 = PRODUCT_CONTEXT('',#2,'mechanical');
#11987 = PRODUCT_DEFINITION_CONTEXT('part definition',#2,'design');
#11988 = ADVANCED_BREP_SHAPE_REPRESENTATION('',(#11,#11989),#12193);
#11989 = MANIFOLD_SOLID_BREP('',#11990);
#11990 = CLOSED_SHELL('',(#11991,#12079,#12132,#12185,#12189));
#11991 = ADVANCED_FACE('',(#11992),#12006,.T.);
#11992 = FACE_BOUND('',#11993,.T.);
#11993 = EDGE_LOOP('',(#11994,#12024,#12051,#12052));
#11994 = ORIENTED_EDGE('',*,*,#11995,.T.);
#11995 = EDGE_CURVE('',#11996,#11998,#12000,.T.);
#11996 = VERTEX_POINT('',#11997);
#11997 = CARTESIAN_POINT('',(7.,0.,1.));
#11998 = VERTEX_POINT('',#11999);
#11999 = CARTESIAN_POINT('',(7.,0.,6.));
#12000 = SEAM_CURVE('',#12001,(#12005,#12017),.PCURVE_S1.);
#12001 = LINE('',#12002,#12003);
#12002 = CARTESIAN_POINT('',(7.,-1.714505518806E-15,0.));
#12003 = VECTOR('',#12004,1.);
#12004 = DIRECTION('',(0.,0.,1.));
#12005 = PCURVE('',#12006,#12011);
#12006 = CYLINDRICAL_SURFACE('',#12007,7.);
#12007 = AXIS2_PLACEMENT_3D('',#12008,#12009,#12010);
#12008 = CARTESIAN_POINT('',(0.,0.,0.));
#12009 = DIRECTION('',(0.,0.,1.));
#12010 = DIRECTION('',(1.,0.,0.));
#12011 = DEFINITIONAL_REPRESENTATION('',(#12012),#12016);
#12012 = LINE('',#12013,#12014);
#12013 = CARTESIAN_POINT('',(6.28318530718,-0.));
#12014 = VECTOR('',#12015,1.);
#12015 = DIRECTION('',(0.,1.));
#12016 = ( GEOMETRIC_REPRESENTATION_CONTEXT(2) 
PARAMETRIC_REPRESENTATION_CONTEXT() REPRESENTATION_CONTEXT('2D SPACE',''
  ) );
#12017 = PCURVE('',#12006,#12018);
#12018 = DEFINITIONAL_REPRESENTATION('',(#12019),#12023);
#12019 = LINE('',#12020,#12021);
#12020 = CARTESIAN_POINT('',(0.,-0.));
#12021 = VECTOR('',#12022,1.);
#12022 = DIRECTION('',(0.,1.));
#12023 = ( GEOMETRIC_REPRESENTATION_CONTEXT(2) 
PARAMETRIC_REPRESENTATION_CONTEXT() REPRESENTATION_CONTEXT('2D SPACE',''
  ) );
#12024 = ORIENTED_EDGE('',*,*,#12025,.F.);
#12025 = EDGE_CURVE('',#11998,#11998,#12026,.T.);
#12026 = SURFACE_CURVE('',#12027,(#12032,#12039),.PCURVE_S1.);
#12027 = CIRCLE('',#12028,7.);
#12028 = AXIS2_PLACEMENT_3D('',#12029,#12030,#12031);
#12029 = CARTESIAN_POINT('',(0.,0.,6.));
#12030 = DIRECTION('',(0.,0.,1.));
#12031 = DIRECTION('',(1.,0.,-0.));
#12032 = PCURVE('',#12006,#12033);
#12033 = DEFINITIONAL_REPRESENTATION('',(#12034),#12038);
#12034 = LINE('',#12035,#12036);
#12035 = CARTESIAN_POINT('',(0.,6.));
#12036 = VECTOR('',#12037,1.);
#12037 = DIRECTION('',(1.,0.));
#12038 = ( GEOMETRIC_REPRESENTATION_CONTEXT(2) 
PARAMETRIC_REPRESENTATION_CONTEXT() REPRESENTATION_CONTEXT('2D SPACE',''
  ) );
#12039 = PCURVE('',#12040,#12045);
#12040 = CONICAL_SURFACE('',#12041,7.,0.785398163397);
#12041 = AXIS2_PLACEMENT_3D('',#12042,#12043,#12044);
#12042 = CARTESIAN_POINT('',(0.,0.,6.));
#12043 = DIRECTION('',(-0.,-0.,-1.));
#12044 = DIRECTION('',(1.,0.,0.));
#12045 = DEFINITIONAL_REPRESENTATION('',(#12046),#12050);
#12046 = LINE('',#12047,#12048);
#12047 = CARTESIAN_POINT('',(-0.,-0.));
#12048 = VECTOR('',#12049,1.);
#12049 = DIRECTION('',(-1.,-0.));
#12050 = ( GEOMETRIC_REPRESENTATION_CONTEXT(2) 
PARAMETRIC_REPRESENTATION_CONTEXT() REPRESENTATION_CONTEXT('2D SPACE',''
  ) );
#12051 = ORIENTED_EDGE('',*,*,#11995,.F.);
#12052 = ORIENTED_EDGE('',*,*,#12053,.T.);
#12053 = EDGE_CURVE('',#11996,#11996,#12054,.T.);
#12054 = SURFACE_CURVE('',#12055,(#12060,#12067),.PCURVE_S1.);
#12055 = CIRCLE('',#12056,7.);
#12056 = AXIS2_PLACEMENT_3D('',#12057,#12058,#12059);
#12057 = CARTESIAN_POINT('',(0.,0.,1.));
#12058 = DIRECTION('',(0.,0.,1.));
#12059 = DIRECTION('',(1.,0.,-0.));
#12060 = PCURVE('',#12006,#12061);
#12061 = DEFINITIONAL_REPRESENTATION('',(#12062),#12066);
#12062 = LINE('',#12063,#12064);
#12063 = CARTESIAN_POINT('',(0.,1.));
#12064 = VECTOR('',#12065,1.);
#12065 = DIRECTION('',(1.,0.));
#12066 = ( GEOMETRIC_REPRESENTATION_CONTEXT(2) 
PARAMETRIC_REPRESENTATION_CONTEXT() REPRESENTATION_CONTEXT('2D SPACE',''
  ) );
#12067 = PCURVE('',#12068,#12073);
#12068 = CONICAL_SURFACE('',#12069,7.,0.785398163397);
#12069 = AXIS2_PLACEMENT_3D('',#12070,#12071,#12072);
#12070 = CARTESIAN_POINT('',(0.,0.,1.));
#12071 = DIRECTION('',(0.,0.,1.));
#12072 = DIRECTION('',(1.,0.,-0.));
#12073 = DEFINITIONAL_REPRESENTATION('',(#12074),#12078);
#12074 = LINE('',#12075,#12076);
#12075 = CARTESIAN_POINT('',(0.,-0.));
#12076 = VECTOR('',#12077,1.);
#12077 = DIRECTION('',(1.,-0.));
#12078 = ( GEOMETRIC_REPRESENTATION_CONTEXT(2) 
PARAMETRIC_REPRESENTATION_CONTEXT() REPRESENTATION_CONTEXT('2D SPACE',''
  ) );
#12079 = ADVANCED_FACE('',(#12080),#12068,.T.);
#12080 = FACE_BOUND('',#12081,.F.);
#12081 = EDGE_LOOP('',(#12082,#12103,#12104,#12105));
#12082 = ORIENTED_EDGE('',*,*,#12083,.F.);
#12083 = EDGE_CURVE('',#11996,#12084,#12086,.T.);
#12084 = VERTEX_POINT('',#12085);
#12085 = CARTESIAN_POINT('',(6.,0.,0.));
#12086 = SEAM_CURVE('',#12087,(#12091,#12097),.PCURVE_S1.);
#12087 = LINE('',#12088,#12089);
#12088 = CARTESIAN_POINT('',(7.,0.,1.));
#12089 = VECTOR('',#12090,1.);
#12090 = DIRECTION('',(-0.707106781187,-0.,-0.707106781187));
#12091 = PCURVE('',#12068,#12092);
#12092 = DEFINITIONAL_REPRESENTATION('',(#12093),#12096);
#12093 = B_SPLINE_CURVE_WITH_KNOTS('',1,(#12094,#12095),.UNSPECIFIED.,
  .F.,.F.,(2,2),(0.,1.414213562373),.PIECEWISE_BEZIER_KNOTS.);
#12094 = CARTESIAN_POINT('',(0.,0.));
#12095 = CARTESIAN_POINT('',(0.,-1.));
#12096 = ( GEOMETRIC_REPRESENTATION_CONTEXT(2) 
PARAMETRIC_REPRESENTATION_CONTEXT() REPRESENTATION_CONTEXT('2D SPACE',''
  ) );
#12097 = PCURVE('',#12068,#12098);
#12098 = DEFINITIONAL_REPRESENTATION('',(#12099),#12102);
#12099 = B_SPLINE_CURVE_WITH_KNOTS('',1,(#12100,#12101),.UNSPECIFIED.,
  .F.,.F.,(2,2),(0.,1.414213562373),.PIECEWISE_BEZIER_KNOTS.);
#12100 = CARTESIAN_POINT('',(6.28318530718,0.));
#12101 = CARTESIAN_POINT('',(6.28318530718,-1.));
#12102 = ( GEOMETRIC_REPRESENTATION_CONTEXT(2) 
PARAMETRIC_REPRESENTATION_CONTEXT() REPRESENTATION_CONTEXT('2D SPACE',''
  ) );
#12103 = ORIENTED_EDGE('',*,*,#12053,.T.);
#12104 = ORIENTED_EDGE('',*,*,#12083,.T.);
#12105 = ORIENTED_EDGE('',*,*,#12106,.F.);
#12106 = EDGE_CURVE('',#12084,#12084,#12107,.T.);
#12107 = SURFACE_CURVE('',#12108,(#12113,#12120),.PCURVE_S1.);
#12108 = CIRCLE('',#12109,6.);
#12109 = AXIS2_PLACEMENT_3D('',#12110,#12111,#12112);
#12110 = CARTESIAN_POINT('',(0.,0.,0.));
#12111 = DIRECTION('',(0.,0.,1.));
#12112 = DIRECTION('',(1.,0.,-0.));
#12113 = PCURVE('',#12068,#12114);
#12114 = DEFINITIONAL_REPRESENTATION('',(#12115),#12119);
#12115 = LINE('',#12116,#12117);
#12116 = CARTESIAN_POINT('',(0.,-1.));
#12117 = VECTOR('',#12118,1.);
#12118 = DIRECTION('',(1.,-0.));
#12119 = ( GEOMETRIC_REPRESENTATION_CONTEXT(2) 
PARAMETRIC_REPRESENTATION_CONTEXT() REPRESENTATION_CONTEXT('2D SPACE',''
  ) );
#12120 = PCURVE('',#12121,#12126);
#12121 = PLANE('',#12122);
#12122 = AXIS2_PLACEMENT_3D('',#12123,#12124,#12125);
#12123 = CARTESIAN_POINT('',(0.,0.,0.));
#12124 = DIRECTION('',(0.,0.,1.));
#12125 = DIRECTION('',(1.,0.,0.));
#12126 = DEFINITIONAL_REPRESENTATION('',(#12127),#12131);
#12127 = CIRCLE('',#12128,6.);
#12128 = AXIS2_PLACEMENT_2D('',#12129,#12130);
#12129 = CARTESIAN_POINT('',(0.,0.));
#12130 = DIRECTION('',(1.,0.));
#12131 = ( GEOMETRIC_REPRESENTATION_CONTEXT(2) 
PARAMETRIC_REPRESENTATION_CONTEXT() REPRESENTATION_CONTEXT('2D SPACE',''
  ) );
#12132 = ADVANCED_FACE('',(#12133),#12040,.T.);
#12133 = FACE_BOUND('',#12134,.T.);
#12134 = EDGE_LOOP('',(#12135,#12156,#12157,#12158));
#12135 = ORIENTED_EDGE('',*,*,#12136,.F.);
#12136 = EDGE_CURVE('',#11998,#12137,#12139,.T.);
#12137 = VERTEX_POINT('',#12138);
#12138 = CARTESIAN_POINT('',(6.,0.,7.));
#12139 = SEAM_CURVE('',#12140,(#12144,#12150),.PCURVE_S1.);
#12140 = LINE('',#12141,#12142);
#12141 = CARTESIAN_POINT('',(7.,0.,6.));
#12142 = VECTOR('',#12143,1.);
#12143 = DIRECTION('',(-0.707106781187,0.,0.707106781187));
#12144 = PCURVE('',#12040,#12145);
#12145 = DEFINITIONAL_REPRESENTATION('',(#12146),#12149);
#12146 = B_SPLINE_CURVE_WITH_KNOTS('',1,(#12147,#12148),.UNSPECIFIED.,
  .F.,.F.,(2,2),(0.,1.414213562373),.PIECEWISE_BEZIER_KNOTS.);
#12147 = CARTESIAN_POINT('',(0.,0.));
#12148 = CARTESIAN_POINT('',(0.,-1.));
#12149 = ( GEOMETRIC_REPRESENTATION_CONTEXT(2) 
PARAMETRIC_REPRESENTATION_CONTEXT() REPRESENTATION_CONTEXT('2D SPACE',''
  ) );
#12150 = PCURVE('',#12040,#12151);
#12151 = DEFINITIONAL_REPRESENTATION('',(#12152),#12155);
#12152 = B_SPLINE_CURVE_WITH_KNOTS('',1,(#12153,#12154),.UNSPECIFIED.,
  .F.,.F.,(2,2),(0.,1.414213562373),.PIECEWISE_BEZIER_KNOTS.);
#12153 = CARTESIAN_POINT('',(-6.28318530718,0.));
#12154 = CARTESIAN_POINT('',(-6.28318530718,-1.));
#12155 = ( GEOMETRIC_REPRESENTATION_CONTEXT(2) 
PARAMETRIC_REPRESENTATION_CONTEXT() REPRESENTATION_CONTEXT('2D SPACE',''
  ) );
#12156 = ORIENTED_EDGE('',*,*,#12025,.T.);
#12157 = ORIENTED_EDGE('',*,*,#12136,.T.);
#12158 = ORIENTED_EDGE('',*,*,#12159,.F.);
#12159 = EDGE_CURVE('',#12137,#12137,#12160,.T.);
#12160 = SURFACE_CURVE('',#12161,(#12166,#12173),.PCURVE_S1.);
#12161 = CIRCLE('',#12162,6.);
#12162 = AXIS2_PLACEMENT_3D('',#12163,#12164,#12165);
#12163 = CARTESIAN_POINT('',(0.,0.,7.));
#12164 = DIRECTION('',(0.,0.,1.));
#12165 = DIRECTION('',(1.,0.,-0.));
#12166 = PCURVE('',#12040,#12167);
#12167 = DEFINITIONAL_REPRESENTATION('',(#12168),#12172);
#12168 = LINE('',#12169,#12170);
#12169 = CARTESIAN_POINT('',(-0.,-1.));
#12170 = VECTOR('',#12171,1.);
#12171 = DIRECTION('',(-1.,-0.));
#12172 = ( GEOMETRIC_REPRESENTATION_CONTEXT(2) 
PARAMETRIC_REPRESENTATION_CONTEXT() REPRESENTATION_CONTEXT('2D SPACE',''
  ) );
#12173 = PCURVE('',#12174,#12179);
#12174 = PLANE('',#12175);
#12175 = AXIS2_PLACEMENT_3D('',#12176,#12177,#12178);
#12176 = CARTESIAN_POINT('',(0.,0.,7.));
#12177 = DIRECTION('',(0.,0.,1.));
#12178 = DIRECTION('',(1.,0.,0.));
#12179 = DEFINITIONAL_REPRESENTATION('',(#12180),#12184);
#12180 = CIRCLE('',#12181,6.);
#12181 = AXIS2_PLACEMENT_2D('',#12182,#12183);
#12182 = CARTESIAN_POINT('',(0.,0.));
#12183 = DIRECTION('',(1.,0.));
#12184 = ( GEOMETRIC_REPRESENTATION_CONTEXT(2) 
PARAMETRIC_REPRESENTATION_CONTEXT() REPRESENTATION_CONTEXT('2D SPACE',''
  ) );
#12185 = ADVANCED_FACE('',(#12186),#12121,.F.);
#12186 = FACE_BOUND('',#12187,.F.);
#12187 = EDGE_LOOP('',(#12188));
#12188 = ORIENTED_EDGE('',*,*,#12106,.T.);
#12189 = ADVANCED_FACE('',(#12190),#12174,.T.);
#12190 = FACE_BOUND('',#12191,.T.);
#12191 = EDGE_LOOP('',(#12192));
#12192 = ORIENTED_EDGE('',*,*,#12159,.T.);
#12193 = ( GEOMETRIC_REPRESENTATION_CONTEXT(3) 
GLOBAL_UNCERTAINTY_ASSIGNED_CONTEXT((#12197)) 
GLOBAL_UNIT_ASSIGNED_CONTEXT((#12194,#12195,#12196)) 
REPRESENTATION_CONTEXT('Context #1',
  '3D Context with UNIT and UNCERTAINTY') );
#12194 = ( LENGTH_UNIT() NAMED_UNIT(*) SI_UNIT(.MILLI.,.METRE.) );
#12195 = ( NAMED_UNIT(*) PLANE_ANGLE_UNIT() SI_UNIT($,.RADIAN.) );
#12196 = ( NAMED_UNIT(*) SI_UNIT($,.STERADIAN.) SOLID_ANGLE_UNIT() );
#12197 = UNCERTAINTY_MEASURE_WITH_UNIT(LENGTH_MEASURE(1.E-07),#12194,
  'distance_accuracy_value','confusion accuracy');
#12198 = CONTEXT_DEPENDENT_SHAPE_REPRESENTATION(#12199,#12201);
#12199 = ( REPRESENTATION_RELATIONSHIP('','',#11988,#10) 
REPRESENTATION_RELATIONSHIP_WITH_TRANSFORMATION(#12200) 
SHAPE_REPRESENTATION_RELATIONSHIP() );
#12200 = ITEM_DEFINED_TRANSFORMATION('','',#11,#135);
#12201 = PRODUCT_DEFINITION_SHAPE('Placement','Placement of an item',
  #12202);
#12202 = NEXT_ASSEMBLY_USAGE_OCCURRENCE('31','seed_medium_10','',#5,
  #11983,$);
#12203 = PRODUCT_RELATED_PRODUCT_CATEGORY('part',$,(#11985));
#12204 = SHAPE_DEFINITION_REPRESENTATION(#12205,#12211);
#12205 = PRODUCT_DEFINITION_SHAPE('','',#12206);
#12206 = PRODUCT_DEFINITION('design','',#12207,#12210);
#12207 = PRODUCT_DEFINITION_FORMATION('','',#12208);
#12208 = PRODUCT('seed_medium_11','seed_medium_11','',(#12209));
#12209 = PRODUCT_CONTEXT('',#2,'mechanical');
#12210 = PRODUCT_DEFINITION_CONTEXT('part definition',#2,'design');
#12211 = ADVANCED_BREP_SHAPE_REPRESENTATION('',(#11,#12212),#12416);
#12212 = MANIFOLD_SOLID_BREP('',#12213);
#12213 = CLOSED_SHELL('',(#12214,#12302,#12355,#12408,#12412));
#12214 = ADVANCED_FACE('',(#12215),#12229,.T.);
#12215 = FACE_BOUND('',#12216,.T.);
#12216 = EDGE_LOOP('',(#12217,#12247,#12274,#12275));
#12217 = ORIENTED_EDGE('',*,*,#12218,.T.);
#12218 = EDGE_CURVE('',#12219,#12221,#12223,.T.);
#12219 = VERTEX_POINT('',#12220);
#12220 = CARTESIAN_POINT('',(7.,0.,1.));
#12221 = VERTEX_POINT('',#12222);
#12222 = CARTESIAN_POINT('',(7.,0.,6.));
#12223 = SEAM_CURVE('',#12224,(#12228,#12240),.PCURVE_S1.);
#12224 = LINE('',#12225,#12226);
#12225 = CARTESIAN_POINT('',(7.,-1.714505518806E-15,0.));
#12226 = VECTOR('',#12227,1.);
#12227 = DIRECTION('',(0.,0.,1.));
#12228 = PCURVE('',#12229,#12234);
#12229 = CYLINDRICAL_SURFACE('',#12230,7.);
#12230 = AXIS2_PLACEMENT_3D('',#12231,#12232,#12233);
#12231 = CARTESIAN_POINT('',(0.,0.,0.));
#12232 = DIRECTION('',(0.,0.,1.));
#12233 = DIRECTION('',(1.,0.,0.));
#12234 = DEFINITIONAL_REPRESENTATION('',(#12235),#12239);
#12235 = LINE('',#12236,#12237);
#12236 = CARTESIAN_POINT('',(6.28318530718,-0.));
#12237 = VECTOR('',#12238,1.);
#12238 = DIRECTION('',(0.,1.));
#12239 = ( GEOMETRIC_REPRESENTATION_CONTEXT(2) 
PARAMETRIC_REPRESENTATION_CONTEXT() REPRESENTATION_CONTEXT('2D SPACE',''
  ) );
#12240 = PCURVE('',#12229,#12241);
#12241 = DEFINITIONAL_REPRESENTATION('',(#12242),#12246);
#12242 = LINE('',#12243,#12244);
#12243 = CARTESIAN_POINT('',(0.,-0.));
#12244 = VECTOR('',#12245,1.);
#12245 = DIRECTION('',(0.,1.));
#12246 = ( GEOMETRIC_REPRESENTATION_CONTEXT(2) 
PARAMETRIC_REPRESENTATION_CONTEXT() REPRESENTATION_CONTEXT('2D SPACE',''
  ) );
#12247 = ORIENTED_EDGE('',*,*,#12248,.F.);
#12248 = EDGE_CURVE('',#12221,#12221,#12249,.T.);
#12249 = SURFACE_CURVE('',#12250,(#12255,#12262),.PCURVE_S1.);
#12250 = CIRCLE('',#12251,7.);
#12251 = AXIS2_PLACEMENT_3D('',#12252,#12253,#12254);
#12252 = CARTESIAN_POINT('',(0.,0.,6.));
#12253 = DIRECTION('',(0.,0.,1.));
#12254 = DIRECTION('',(1.,0.,-0.));
#12255 = PCURVE('',#12229,#12256);
#12256 = DEFINITIONAL_REPRESENTATION('',(#12257),#12261);
#12257 = LINE('',#12258,#12259);
#12258 = CARTESIAN_POINT('',(0.,6.));
#12259 = VECTOR('',#12260,1.);
#12260 = DIRECTION('',(1.,0.));
#12261 = ( GEOMETRIC_REPRESENTATION_CONTEXT(2) 
PARAMETRIC_REPRESENTATION_CONTEXT() REPRESENTATION_CONTEXT('2D SPACE',''
  ) );
#12262 = PCURVE('',#12263,#12268);
#12263 = CONICAL_SURFACE('',#12264,7.,0.785398163397);
#12264 = AXIS2_PLACEMENT_3D('',#12265,#12266,#12267);
#12265 = CARTESIAN_POINT('',(0.,0.,6.));
#12266 = DIRECTION('',(-0.,-0.,-1.));
#12267 = DIRECTION('',(1.,0.,0.));
#12268 = DEFINITIONAL_REPRESENTATION('',(#12269),#12273);
#12269 = LINE('',#12270,#12271);
#12270 = CARTESIAN_POINT('',(-0.,-0.));
#12271 = VECTOR('',#12272,1.);
#12272 = DIRECTION('',(-1.,-0.));
#12273 = ( GEOMETRIC_REPRESENTATION_CONTEXT(2) 
PARAMETRIC_REPRESENTATION_CONTEXT() REPRESENTATION_CONTEXT('2D SPACE',''
  ) );
#12274 = ORIENTED_EDGE('',*,*,#12218,.F.);
#12275 = ORIENTED_EDGE('',*,*,#12276,.T.);
#12276 = EDGE_CURVE('',#12219,#12219,#12277,.T.);
#12277 = SURFACE_CURVE('',#12278,(#12283,#12290),.PCURVE_S1.);
#12278 = CIRCLE('',#12279,7.);
#12279 = AXIS2_PLACEMENT_3D('',#12280,#12281,#12282);
#12280 = CARTESIAN_POINT('',(0.,0.,1.));
#12281 = DIRECTION('',(0.,0.,1.));
#12282 = DIRECTION('',(1.,0.,-0.));
#12283 = PCURVE('',#12229,#12284);
#12284 = DEFINITIONAL_REPRESENTATION('',(#12285),#12289);
#12285 = LINE('',#12286,#12287);
#12286 = CARTESIAN_POINT('',(0.,1.));
#12287 = VECTOR('',#12288,1.);
#12288 = DIRECTION('',(1.,0.));
#12289 = ( GEOMETRIC_REPRESENTATION_CONTEXT(2) 
PARAMETRIC_REPRESENTATION_CONTEXT() REPRESENTATION_CONTEXT('2D SPACE',''
  ) );
#12290 = PCURVE('',#12291,#12296);
#12291 = CONICAL_SURFACE('',#12292,7.,0.785398163397);
#12292 = AXIS2_PLACEMENT_3D('',#12293,#12294,#12295);
#12293 = CARTESIAN_POINT('',(0.,0.,1.));
#12294 = DIRECTION('',(0.,0.,1.));
#12295 = DIRECTION('',(1.,0.,-0.));
#12296 = DEFINITIONAL_REPRESENTATION('',(#12297),#12301);
#12297 = LINE('',#12298,#12299);
#12298 = CARTESIAN_POINT('',(0.,-0.));
#12299 = VECTOR('',#12300,1.);
#12300 = DIRECTION('',(1.,-0.));
#12301 = ( GEOMETRIC_REPRESENTATION_CONTEXT(2) 
PARAMETRIC_REPRESENTATION_CONTEXT() REPRESENTATION_CONTEXT('2D SPACE',''
  ) );
#12302 = ADVANCED_FACE('',(#12303),#12291,.T.);
#12303 = FACE_BOUND('',#12304,.F.);
#12304 = EDGE_LOOP('',(#12305,#12326,#12327,#12328));
#12305 = ORIENTED_EDGE('',*,*,#12306,.F.);
#12306 = EDGE_CURVE('',#12219,#12307,#12309,.T.);
#12307 = VERTEX_POINT('',#12308);
#12308 = CARTESIAN_POINT('',(6.,0.,0.));
#12309 = SEAM_CURVE('',#12310,(#12314,#12320),.PCURVE_S1.);
#12310 = LINE('',#12311,#12312);
#12311 = CARTESIAN_POINT('',(7.,0.,1.));
#12312 = VECTOR('',#12313,1.);
#12313 = DIRECTION('',(-0.707106781187,-0.,-0.707106781187));
#12314 = PCURVE('',#12291,#12315);
#12315 = DEFINITIONAL_REPRESENTATION('',(#12316),#12319);
#12316 = B_SPLINE_CURVE_WITH_KNOTS('',1,(#12317,#12318),.UNSPECIFIED.,
  .F.,.F.,(2,2),(0.,1.414213562373),.PIECEWISE_BEZIER_KNOTS.);
#12317 = CARTESIAN_POINT('',(0.,0.));
#12318 = CARTESIAN_POINT('',(0.,-1.));
#12319 = ( GEOMETRIC_REPRESENTATION_CONTEXT(2) 
PARAMETRIC_REPRESENTATION_CONTEXT() REPRESENTATION_CONTEXT('2D SPACE',''
  ) );
#12320 = PCURVE('',#12291,#12321);
#12321 = DEFINITIONAL_REPRESENTATION('',(#12322),#12325);
#12322 = B_SPLINE_CURVE_WITH_KNOTS('',1,(#12323,#12324),.UNSPECIFIED.,
  .F.,.F.,(2,2),(0.,1.414213562373),.PIECEWISE_BEZIER_KNOTS.);
#12323 = CARTESIAN_POINT('',(6.28318530718,0.));
#12324 = CARTESIAN_POINT('',(6.28318530718,-1.));
#12325 = ( GEOMETRIC_REPRESENTATION_CONTEXT(2) 
PARAMETRIC_REPRESENTATION_CONTEXT() REPRESENTATION_CONTEXT('2D SPACE',''
  ) );
#12326 = ORIENTED_EDGE('',*,*,#12276,.T.);
#12327 = ORIENTED_EDGE('',*,*,#12306,.T.);
#12328 = ORIENTED_EDGE('',*,*,#12329,.F.);
#12329 = EDGE_CURVE('',#12307,#12307,#12330,.T.);
#12330 = SURFACE_CURVE('',#12331,(#12336,#12343),.PCURVE_S1.);
#12331 = CIRCLE('',#12332,6.);
#12332 = AXIS2_PLACEMENT_3D('',#12333,#12334,#12335);
#12333 = CARTESIAN_POINT('',(0.,0.,0.));
#12334 = DIRECTION('',(0.,0.,1.));
#12335 = DIRECTION('',(1.,0.,-0.));
#12336 = PCURVE('',#12291,#12337);
#12337 = DEFINITIONAL_REPRESENTATION('',(#12338),#12342);
#12338 = LINE('',#12339,#12340);
#12339 = CARTESIAN_POINT('',(0.,-1.));
#12340 = VECTOR('',#12341,1.);
#12341 = DIRECTION('',(1.,-0.));
#12342 = ( GEOMETRIC_REPRESENTATION_CONTEXT(2) 
PARAMETRIC_REPRESENTATION_CONTEXT() REPRESENTATION_CONTEXT('2D SPACE',''
  ) );
#12343 = PCURVE('',#12344,#12349);
#12344 = PLANE('',#12345);
#12345 = AXIS2_PLACEMENT_3D('',#12346,#12347,#12348);
#12346 = CARTESIAN_POINT('',(0.,0.,0.));
#12347 = DIRECTION('',(0.,0.,1.));
#12348 = DIRECTION('',(1.,0.,0.));
#12349 = DEFINITIONAL_REPRESENTATION('',(#12350),#12354);
#12350 = CIRCLE('',#12351,6.);
#12351 = AXIS2_PLACEMENT_2D('',#12352,#12353);
#12352 = CARTESIAN_POINT('',(0.,0.));
#12353 = DIRECTION('',(1.,0.));
#12354 = ( GEOMETRIC_REPRESENTATION_CONTEXT(2) 
PARAMETRIC_REPRESENTATION_CONTEXT() REPRESENTATION_CONTEXT('2D SPACE',''
  ) );
#12355 = ADVANCED_FACE('',(#12356),#12263,.T.);
#12356 = FACE_BOUND('',#12357,.T.);
#12357 = EDGE_LOOP('',(#12358,#12379,#12380,#12381));
#12358 = ORIENTED_EDGE('',*,*,#12359,.F.);
#12359 = EDGE_CURVE('',#12221,#12360,#12362,.T.);
#12360 = VERTEX_POINT('',#12361);
#12361 = CARTESIAN_POINT('',(6.,0.,7.));
#12362 = SEAM_CURVE('',#12363,(#12367,#12373),.PCURVE_S1.);
#12363 = LINE('',#12364,#12365);
#12364 = CARTESIAN_POINT('',(7.,0.,6.));
#12365 = VECTOR('',#12366,1.);
#12366 = DIRECTION('',(-0.707106781187,0.,0.707106781187));
#12367 = PCURVE('',#12263,#12368);
#12368 = DEFINITIONAL_REPRESENTATION('',(#12369),#12372);
#12369 = B_SPLINE_CURVE_WITH_KNOTS('',1,(#12370,#12371),.UNSPECIFIED.,
  .F.,.F.,(2,2),(0.,1.414213562373),.PIECEWISE_BEZIER_KNOTS.);
#12370 = CARTESIAN_POINT('',(0.,0.));
#12371 = CARTESIAN_POINT('',(0.,-1.));
#12372 = ( GEOMETRIC_REPRESENTATION_CONTEXT(2) 
PARAMETRIC_REPRESENTATION_CONTEXT() REPRESENTATION_CONTEXT('2D SPACE',''
  ) );
#12373 = PCURVE('',#12263,#12374);
#12374 = DEFINITIONAL_REPRESENTATION('',(#12375),#12378);
#12375 = B_SPLINE_CURVE_WITH_KNOTS('',1,(#12376,#12377),.UNSPECIFIED.,
  .F.,.F.,(2,2),(0.,1.414213562373),.PIECEWISE_BEZIER_KNOTS.);
#12376 = CARTESIAN_POINT('',(-6.28318530718,0.));
#12377 = CARTESIAN_POINT('',(-6.28318530718,-1.));
#12378 = ( GEOMETRIC_REPRESENTATION_CONTEXT(2) 
PARAMETRIC_REPRESENTATION_CONTEXT() REPRESENTATION_CONTEXT('2D SPACE',''
  ) );
#12379 = ORIENTED_EDGE('',*,*,#12248,.T.);
#12380 = ORIENTED_EDGE('',*,*,#12359,.T.);
#12381 = ORIENTED_EDGE('',*,*,#12382,.F.);
#12382 = EDGE_CURVE('',#12360,#12360,#12383,.T.);
#12383 = SURFACE_CURVE('',#12384,(#12389,#12396),.PCURVE_S1.);
#12384 = CIRCLE('',#12385,6.);
#12385 = AXIS2_PLACEMENT_3D('',#12386,#12387,#12388);
#12386 = CARTESIAN_POINT('',(0.,0.,7.));
#12387 = DIRECTION('',(0.,0.,1.));
#12388 = DIRECTION('',(1.,0.,-0.));
#12389 = PCURVE('',#12263,#12390);
#12390 = DEFINITIONAL_REPRESENTATION('',(#12391),#12395);
#12391 = LINE('',#12392,#12393);
#12392 = CARTESIAN_POINT('',(-0.,-1.));
#12393 = VECTOR('',#12394,1.);
#12394 = DIRECTION('',(-1.,-0.));
#12395 = ( GEOMETRIC_REPRESENTATION_CONTEXT(2) 
PARAMETRIC_REPRESENTATION_CONTEXT() REPRESENTATION_CONTEXT('2D SPACE',''
  ) );
#12396 = PCURVE('',#12397,#12402);
#12397 = PLANE('',#12398);
#12398 = AXIS2_PLACEMENT_3D('',#12399,#12400,#12401);
#12399 = CARTESIAN_POINT('',(0.,0.,7.));
#12400 = DIRECTION('',(0.,0.,1.));
#12401 = DIRECTION('',(1.,0.,0.));
#12402 = DEFINITIONAL_REPRESENTATION('',(#12403),#12407);
#12403 = CIRCLE('',#12404,6.);
#12404 = AXIS2_PLACEMENT_2D('',#12405,#12406);
#12405 = CARTESIAN_POINT('',(0.,0.));
#12406 = DIRECTION('',(1.,0.));
#12407 = ( GEOMETRIC_REPRESENTATION_CONTEXT(2) 
PARAMETRIC_REPRESENTATION_CONTEXT() REPRESENTATION_CONTEXT('2D SPACE',''
  ) );
#12408 = ADVANCED_FACE('',(#12409),#12344,.F.);
#12409 = FACE_BOUND('',#12410,.F.);
#12410 = EDGE_LOOP('',(#12411));
#12411 = ORIENTED_EDGE('',*,*,#12329,.T.);
#12412 = ADVANCED_FACE('',(#12413),#12397,.T.);
#12413 = FACE_BOUND('',#12414,.T.);
#12414 = EDGE_LOOP('',(#12415));
#12415 = ORIENTED_EDGE('',*,*,#12382,.T.);
#12416 = ( GEOMETRIC_REPRESENTATION_CONTEXT(3) 
GLOBAL_UNCERTAINTY_ASSIGNED_CONTEXT((#12420)) 
GLOBAL_UNIT_ASSIGNED_CONTEXT((#12417,#12418,#12419)) 
REPRESENTATION_CONTEXT('Context #1',
  '3D Context with UNIT and UNCERTAINTY') );
#12417 = ( LENGTH_UNIT() NAMED_UNIT(*) SI_UNIT(.MILLI.,.METRE.) );
#12418 = ( NAMED_UNIT(*) PLANE_ANGLE_UNIT() SI_UNIT($,.RADIAN.) );
#12419 = ( NAMED_UNIT(*) SI_UNIT($,.STERADIAN.) SOLID_ANGLE_UNIT() );
#12420 = UNCERTAINTY_MEASURE_WITH_UNIT(LENGTH_MEASURE(1.E-07),#12417,
  'distance_accuracy_value','confusion accuracy');
#12421 = CONTEXT_DEPENDENT_SHAPE_REPRESENTATION(#12422,#12424);
#12422 = ( REPRESENTATION_RELATIONSHIP('','',#12211,#10) 
REPRESENTATION_RELATIONSHIP_WITH_TRANSFORMATION(#12423) 
SHAPE_REPRESENTATION_RELATIONSHIP() );
#12423 = ITEM_DEFINED_TRANSFORMATION('','',#11,#139);
#12424 = PRODUCT_DEFINITION_SHAPE('Placement','Placement of an item',
  #12425);
#12425 = NEXT_ASSEMBLY_USAGE_OCCURRENCE('32','seed_medium_11','',#5,
  #12206,$);
#12426 = PRODUCT_RELATED_PRODUCT_CATEGORY('part',$,(#12208));
#12427 = SHAPE_DEFINITION_REPRESENTATION(#12428,#12434);
#12428 = PRODUCT_DEFINITION_SHAPE('','',#12429);
#12429 = PRODUCT_DEFINITION('design','',#12430,#12433);
#12430 = PRODUCT_DEFINITION_FORMATION('','',#12431);
#12431 = PRODUCT('seed_medium_12','seed_medium_12','',(#12432));
#12432 = PRODUCT_CONTEXT('',#2,'mechanical');
#12433 = PRODUCT_DEFINITION_CONTEXT('part definition',#2,'design');
#12434 = ADVANCED_BREP_SHAPE_REPRESENTATION('',(#11,#12435),#12639);
#12435 = MANIFOLD_SOLID_BREP('',#12436);
#12436 = CLOSED_SHELL('',(#12437,#12525,#12578,#12631,#12635));
#12437 = ADVANCED_FACE('',(#12438),#12452,.T.);
#12438 = FACE_BOUND('',#12439,.T.);
#12439 = EDGE_LOOP('',(#12440,#12470,#12497,#12498));
#12440 = ORIENTED_EDGE('',*,*,#12441,.T.);
#12441 = EDGE_CURVE('',#12442,#12444,#12446,.T.);
#12442 = VERTEX_POINT('',#12443);
#12443 = CARTESIAN_POINT('',(7.,0.,1.));
#12444 = VERTEX_POINT('',#12445);
#12445 = CARTESIAN_POINT('',(7.,0.,6.));
#12446 = SEAM_CURVE('',#12447,(#12451,#12463),.PCURVE_S1.);
#12447 = LINE('',#12448,#12449);
#12448 = CARTESIAN_POINT('',(7.,-1.714505518806E-15,0.));
#12449 = VECTOR('',#12450,1.);
#12450 = DIRECTION('',(0.,0.,1.));
#12451 = PCURVE('',#12452,#12457);
#12452 = CYLINDRICAL_SURFACE('',#12453,7.);
#12453 = AXIS2_PLACEMENT_3D('',#12454,#12455,#12456);
#12454 = CARTESIAN_POINT('',(0.,0.,0.));
#12455 = DIRECTION('',(0.,0.,1.));
#12456 = DIRECTION('',(1.,0.,0.));
#12457 = DEFINITIONAL_REPRESENTATION('',(#12458),#12462);
#12458 = LINE('',#12459,#12460);
#12459 = CARTESIAN_POINT('',(6.28318530718,-0.));
#12460 = VECTOR('',#12461,1.);
#12461 = DIRECTION('',(0.,1.));
#12462 = ( GEOMETRIC_REPRESENTATION_CONTEXT(2) 
PARAMETRIC_REPRESENTATION_CONTEXT() REPRESENTATION_CONTEXT('2D SPACE',''
  ) );
#12463 = PCURVE('',#12452,#12464);
#12464 = DEFINITIONAL_REPRESENTATION('',(#12465),#12469);
#12465 = LINE('',#12466,#12467);
#12466 = CARTESIAN_POINT('',(0.,-0.));
#12467 = VECTOR('',#12468,1.);
#12468 = DIRECTION('',(0.,1.));
#12469 = ( GEOMETRIC_REPRESENTATION_CONTEXT(2) 
PARAMETRIC_REPRESENTATION_CONTEXT() REPRESENTATION_CONTEXT('2D SPACE',''
  ) );
#12470 = ORIENTED_EDGE('',*,*,#12471,.F.);
#12471 = EDGE_CURVE('',#12444,#12444,#12472,.T.);
#12472 = SURFACE_CURVE('',#12473,(#12478,#12485),.PCURVE_S1.);
#12473 = CIRCLE('',#12474,7.);
#12474 = AXIS2_PLACEMENT_3D('',#12475,#12476,#12477);
#12475 = CARTESIAN_POINT('',(0.,0.,6.));
#12476 = DIRECTION('',(0.,0.,1.));
#12477 = DIRECTION('',(1.,0.,-0.));
#12478 = PCURVE('',#12452,#12479);
#12479 = DEFINITIONAL_REPRESENTATION('',(#12480),#12484);
#12480 = LINE('',#12481,#12482);
#12481 = CARTESIAN_POINT('',(0.,6.));
#12482 = VECTOR('',#12483,1.);
#12483 = DIRECTION('',(1.,0.));
#12484 = ( GEOMETRIC_REPRESENTATION_CONTEXT(2) 
PARAMETRIC_REPRESENTATION_CONTEXT() REPRESENTATION_CONTEXT('2D SPACE',''
  ) );
#12485 = PCURVE('',#12486,#12491);
#12486 = CONICAL_SURFACE('',#12487,7.,0.785398163397);
#12487 = AXIS2_PLACEMENT_3D('',#12488,#12489,#12490);
#12488 = CARTESIAN_POINT('',(0.,0.,6.));
#12489 = DIRECTION('',(-0.,-0.,-1.));
#12490 = DIRECTION('',(1.,0.,0.));
#12491 = DEFINITIONAL_REPRESENTATION('',(#12492),#12496);
#12492 = LINE('',#12493,#12494);
#12493 = CARTESIAN_POINT('',(-0.,-0.));
#12494 = VECTOR('',#12495,1.);
#12495 = DIRECTION('',(-1.,-0.));
#12496 = ( GEOMETRIC_REPRESENTATION_CONTEXT(2) 
PARAMETRIC_REPRESENTATION_CONTEXT() REPRESENTATION_CONTEXT('2D SPACE',''
  ) );
#12497 = ORIENTED_EDGE('',*,*,#12441,.F.);
#12498 = ORIENTED_EDGE('',*,*,#12499,.T.);
#12499 = EDGE_CURVE('',#12442,#12442,#12500,.T.);
#12500 = SURFACE_CURVE('',#12501,(#12506,#12513),.PCURVE_S1.);
#12501 = CIRCLE('',#12502,7.);
#12502 = AXIS2_PLACEMENT_3D('',#12503,#12504,#12505);
#12503 = CARTESIAN_POINT('',(0.,0.,1.));
#12504 = DIRECTION('',(0.,0.,1.));
#12505 = DIRECTION('',(1.,0.,-0.));
#12506 = PCURVE('',#12452,#12507);
#12507 = DEFINITIONAL_REPRESENTATION('',(#12508),#12512);
#12508 = LINE('',#12509,#12510);
#12509 = CARTESIAN_POINT('',(0.,1.));
#12510 = VECTOR('',#12511,1.);
#12511 = DIRECTION('',(1.,0.));
#12512 = ( GEOMETRIC_REPRESENTATION_CONTEXT(2) 
PARAMETRIC_REPRESENTATION_CONTEXT() REPRESENTATION_CONTEXT('2D SPACE',''
  ) );
#12513 = PCURVE('',#12514,#12519);
#12514 = CONICAL_SURFACE('',#12515,7.,0.785398163397);
#12515 = AXIS2_PLACEMENT_3D('',#12516,#12517,#12518);
#12516 = CARTESIAN_POINT('',(0.,0.,1.));
#12517 = DIRECTION('',(0.,0.,1.));
#12518 = DIRECTION('',(1.,0.,-0.));
#12519 = DEFINITIONAL_REPRESENTATION('',(#12520),#12524);
#12520 = LINE('',#12521,#12522);
#12521 = CARTESIAN_POINT('',(0.,-0.));
#12522 = VECTOR('',#12523,1.);
#12523 = DIRECTION('',(1.,-0.));
#12524 = ( GEOMETRIC_REPRESENTATION_CONTEXT(2) 
PARAMETRIC_REPRESENTATION_CONTEXT() REPRESENTATION_CONTEXT('2D SPACE',''
  ) );
#12525 = ADVANCED_FACE('',(#12526),#12514,.T.);
#12526 = FACE_BOUND('',#12527,.F.);
#12527 = EDGE_LOOP('',(#12528,#12549,#12550,#12551));
#12528 = ORIENTED_EDGE('',*,*,#12529,.F.);
#12529 = EDGE_CURVE('',#12442,#12530,#12532,.T.);
#12530 = VERTEX_POINT('',#12531);
#12531 = CARTESIAN_POINT('',(6.,0.,0.));
#12532 = SEAM_CURVE('',#12533,(#12537,#12543),.PCURVE_S1.);
#12533 = LINE('',#12534,#12535);
#12534 = CARTESIAN_POINT('',(7.,0.,1.));
#12535 = VECTOR('',#12536,1.);
#12536 = DIRECTION('',(-0.707106781187,-0.,-0.707106781187));
#12537 = PCURVE('',#12514,#12538);
#12538 = DEFINITIONAL_REPRESENTATION('',(#12539),#12542);
#12539 = B_SPLINE_CURVE_WITH_KNOTS('',1,(#12540,#12541),.UNSPECIFIED.,
  .F.,.F.,(2,2),(0.,1.414213562373),.PIECEWISE_BEZIER_KNOTS.);
#12540 = CARTESIAN_POINT('',(0.,0.));
#12541 = CARTESIAN_POINT('',(0.,-1.));
#12542 = ( GEOMETRIC_REPRESENTATION_CONTEXT(2) 
PARAMETRIC_REPRESENTATION_CONTEXT() REPRESENTATION_CONTEXT('2D SPACE',''
  ) );
#12543 = PCURVE('',#12514,#12544);
#12544 = DEFINITIONAL_REPRESENTATION('',(#12545),#12548);
#12545 = B_SPLINE_CURVE_WITH_KNOTS('',1,(#12546,#12547),.UNSPECIFIED.,
  .F.,.F.,(2,2),(0.,1.414213562373),.PIECEWISE_BEZIER_KNOTS.);
#12546 = CARTESIAN_POINT('',(6.28318530718,0.));
#12547 = CARTESIAN_POINT('',(6.28318530718,-1.));
#12548 = ( GEOMETRIC_REPRESENTATION_CONTEXT(2) 
PARAMETRIC_REPRESENTATION_CONTEXT() REPRESENTATION_CONTEXT('2D SPACE',''
  ) );
#12549 = ORIENTED_EDGE('',*,*,#12499,.T.);
#12550 = ORIENTED_EDGE('',*,*,#12529,.T.);
#12551 = ORIENTED_EDGE('',*,*,#12552,.F.);
#12552 = EDGE_CURVE('',#12530,#12530,#12553,.T.);
#12553 = SURFACE_CURVE('',#12554,(#12559,#12566),.PCURVE_S1.);
#12554 = CIRCLE('',#12555,6.);
#12555 = AXIS2_PLACEMENT_3D('',#12556,#12557,#12558);
#12556 = CARTESIAN_POINT('',(0.,0.,0.));
#12557 = DIRECTION('',(0.,0.,1.));
#12558 = DIRECTION('',(1.,0.,-0.));
#12559 = PCURVE('',#12514,#12560);
#12560 = DEFINITIONAL_REPRESENTATION('',(#12561),#12565);
#12561 = LINE('',#12562,#12563);
#12562 = CARTESIAN_POINT('',(0.,-1.));
#12563 = VECTOR('',#12564,1.);
#12564 = DIRECTION('',(1.,-0.));
#12565 = ( GEOMETRIC_REPRESENTATION_CONTEXT(2) 
PARAMETRIC_REPRESENTATION_CONTEXT() REPRESENTATION_CONTEXT('2D SPACE',''
  ) );
#12566 = PCURVE('',#12567,#12572);
#12567 = PLANE('',#12568);
#12568 = AXIS2_PLACEMENT_3D('',#12569,#12570,#12571);
#12569 = CARTESIAN_POINT('',(0.,0.,0.));
#12570 = DIRECTION('',(0.,0.,1.));
#12571 = DIRECTION('',(1.,0.,0.));
#12572 = DEFINITIONAL_REPRESENTATION('',(#12573),#12577);
#12573 = CIRCLE('',#12574,6.);
#12574 = AXIS2_PLACEMENT_2D('',#12575,#12576);
#12575 = CARTESIAN_POINT('',(0.,0.));
#12576 = DIRECTION('',(1.,0.));
#12577 = ( GEOMETRIC_REPRESENTATION_CONTEXT(2) 
PARAMETRIC_REPRESENTATION_CONTEXT() REPRESENTATION_CONTEXT('2D SPACE',''
  ) );
#12578 = ADVANCED_FACE('',(#12579),#12486,.T.);
#12579 = FACE_BOUND('',#12580,.T.);
#12580 = EDGE_LOOP('',(#12581,#12602,#12603,#12604));
#12581 = ORIENTED_EDGE('',*,*,#12582,.F.);
#12582 = EDGE_CURVE('',#12444,#12583,#12585,.T.);
#12583 = VERTEX_POINT('',#12584);
#12584 = CARTESIAN_POINT('',(6.,0.,7.));
#12585 = SEAM_CURVE('',#12586,(#12590,#12596),.PCURVE_S1.);
#12586 = LINE('',#12587,#12588);
#12587 = CARTESIAN_POINT('',(7.,0.,6.));
#12588 = VECTOR('',#12589,1.);
#12589 = DIRECTION('',(-0.707106781187,0.,0.707106781187));
#12590 = PCURVE('',#12486,#12591);
#12591 = DEFINITIONAL_REPRESENTATION('',(#12592),#12595);
#12592 = B_SPLINE_CURVE_WITH_KNOTS('',1,(#12593,#12594),.UNSPECIFIED.,
  .F.,.F.,(2,2),(0.,1.414213562373),.PIECEWISE_BEZIER_KNOTS.);
#12593 = CARTESIAN_POINT('',(0.,0.));
#12594 = CARTESIAN_POINT('',(0.,-1.));
#12595 = ( GEOMETRIC_REPRESENTATION_CONTEXT(2) 
PARAMETRIC_REPRESENTATION_CONTEXT() REPRESENTATION_CONTEXT('2D SPACE',''
  ) );
#12596 = PCURVE('',#12486,#12597);
#12597 = DEFINITIONAL_REPRESENTATION('',(#12598),#12601);
#12598 = B_SPLINE_CURVE_WITH_KNOTS('',1,(#12599,#12600),.UNSPECIFIED.,
  .F.,.F.,(2,2),(0.,1.414213562373),.PIECEWISE_BEZIER_KNOTS.);
#12599 = CARTESIAN_POINT('',(-6.28318530718,0.));
#12600 = CARTESIAN_POINT('',(-6.28318530718,-1.));
#12601 = ( GEOMETRIC_REPRESENTATION_CONTEXT(2) 
PARAMETRIC_REPRESENTATION_CONTEXT() REPRESENTATION_CONTEXT('2D SPACE',''
  ) );
#12602 = ORIENTED_EDGE('',*,*,#12471,.T.);
#12603 = ORIENTED_EDGE('',*,*,#12582,.T.);
#12604 = ORIENTED_EDGE('',*,*,#12605,.F.);
#12605 = EDGE_CURVE('',#12583,#12583,#12606,.T.);
#12606 = SURFACE_CURVE('',#12607,(#12612,#12619),.PCURVE_S1.);
#12607 = CIRCLE('',#12608,6.);
#12608 = AXIS2_PLACEMENT_3D('',#12609,#12610,#12611);
#12609 = CARTESIAN_POINT('',(0.,0.,7.));
#12610 = DIRECTION('',(0.,0.,1.));
#12611 = DIRECTION('',(1.,0.,-0.));
#12612 = PCURVE('',#12486,#12613);
#12613 = DEFINITIONAL_REPRESENTATION('',(#12614),#12618);
#12614 = LINE('',#12615,#12616);
#12615 = CARTESIAN_POINT('',(-0.,-1.));
#12616 = VECTOR('',#12617,1.);
#12617 = DIRECTION('',(-1.,-0.));
#12618 = ( GEOMETRIC_REPRESENTATION_CONTEXT(2) 
PARAMETRIC_REPRESENTATION_CONTEXT() REPRESENTATION_CONTEXT('2D SPACE',''
  ) );
#12619 = PCURVE('',#12620,#12625);
#12620 = PLANE('',#12621);
#12621 = AXIS2_PLACEMENT_3D('',#12622,#12623,#12624);
#12622 = CARTESIAN_POINT('',(0.,0.,7.));
#12623 = DIRECTION('',(0.,0.,1.));
#12624 = DIRECTION('',(1.,0.,0.));
#12625 = DEFINITIONAL_REPRESENTATION('',(#12626),#12630);
#12626 = CIRCLE('',#12627,6.);
#12627 = AXIS2_PLACEMENT_2D('',#12628,#12629);
#12628 = CARTESIAN_POINT('',(0.,0.));
#12629 = DIRECTION('',(1.,0.));
#12630 = ( GEOMETRIC_REPRESENTATION_CONTEXT(2) 
PARAMETRIC_REPRESENTATION_CONTEXT() REPRESENTATION_CONTEXT('2D SPACE',''
  ) );
#12631 = ADVANCED_FACE('',(#12632),#12567,.F.);
#12632 = FACE_BOUND('',#12633,.F.);
#12633 = EDGE_LOOP('',(#12634));
#12634 = ORIENTED_EDGE('',*,*,#12552,.T.);
#12635 = ADVANCED_FACE('',(#12636),#12620,.T.);
#12636 = FACE_BOUND('',#12637,.T.);
#12637 = EDGE_LOOP('',(#12638));
#12638 = ORIENTED_EDGE('',*,*,#12605,.T.);
#12639 = ( GEOMETRIC_REPRESENTATION_CONTEXT(3) 
GLOBAL_UNCERTAINTY_ASSIGNED_CONTEXT((#12643)) 
GLOBAL_UNIT_ASSIGNED_CONTEXT((#12640,#12641,#12642)) 
REPRESENTATION_CONTEXT('Context #1',
  '3D Context with UNIT and UNCERTAINTY') );
#12640 = ( LENGTH_UNIT() NAMED_UNIT(*) SI_UNIT(.MILLI.,.METRE.) );
#12641 = ( NAMED_UNIT(*) PLANE_ANGLE_UNIT() SI_UNIT($,.RADIAN.) );
#12642 = ( NAMED_UNIT(*) SI_UNIT($,.STERADIAN.) SOLID_ANGLE_UNIT() );
#12643 = UNCERTAINTY_MEASURE_WITH_UNIT(LENGTH_MEASURE(1.E-07),#12640,
  'distance_accuracy_value','confusion accuracy');
#12644 = CONTEXT_DEPENDENT_SHAPE_REPRESENTATION(#12645,#12647);
#12645 = ( REPRESENTATION_RELATIONSHIP('','',#12434,#10) 
REPRESENTATION_RELATIONSHIP_WITH_TRANSFORMATION(#12646) 
SHAPE_REPRESENTATION_RELATIONSHIP() );
#12646 = ITEM_DEFINED_TRANSFORMATION('','',#11,#143);
#12647 = PRODUCT_DEFINITION_SHAPE('Placement','Placement of an item',
  #12648);
#12648 = NEXT_ASSEMBLY_USAGE_OCCURRENCE('33','seed_medium_12','',#5,
  #12429,$);
#12649 = PRODUCT_RELATED_PRODUCT_CATEGORY('part',$,(#12431));
#12650 = SHAPE_DEFINITION_REPRESENTATION(#12651,#12657);
#12651 = PRODUCT_DEFINITION_SHAPE('','',#12652);
#12652 = PRODUCT_DEFINITION('design','',#12653,#12656);
#12653 = PRODUCT_DEFINITION_FORMATION('','',#12654);
#12654 = PRODUCT('seed_medium_13','seed_medium_13','',(#12655));
#12655 = PRODUCT_CONTEXT('',#2,'mechanical');
#12656 = PRODUCT_DEFINITION_CONTEXT('part definition',#2,'design');
#12657 = ADVANCED_BREP_SHAPE_REPRESENTATION('',(#11,#12658),#12862);
#12658 = MANIFOLD_SOLID_BREP('',#12659);
#12659 = CLOSED_SHELL('',(#12660,#12748,#12801,#12854,#12858));
#12660 = ADVANCED_FACE('',(#12661),#12675,.T.);
#12661 = FACE_BOUND('',#12662,.T.);
#12662 = EDGE_LOOP('',(#12663,#12693,#12720,#12721));
#12663 = ORIENTED_EDGE('',*,*,#12664,.T.);
#12664 = EDGE_CURVE('',#12665,#12667,#12669,.T.);
#12665 = VERTEX_POINT('',#12666);
#12666 = CARTESIAN_POINT('',(7.,0.,1.));
#12667 = VERTEX_POINT('',#12668);
#12668 = CARTESIAN_POINT('',(7.,0.,6.));
#12669 = SEAM_CURVE('',#12670,(#12674,#12686),.PCURVE_S1.);
#12670 = LINE('',#12671,#12672);
#12671 = CARTESIAN_POINT('',(7.,-1.714505518806E-15,0.));
#12672 = VECTOR('',#12673,1.);
#12673 = DIRECTION('',(0.,0.,1.));
#12674 = PCURVE('',#12675,#12680);
#12675 = CYLINDRICAL_SURFACE('',#12676,7.);
#12676 = AXIS2_PLACEMENT_3D('',#12677,#12678,#12679);
#12677 = CARTESIAN_POINT('',(0.,0.,0.));
#12678 = DIRECTION('',(0.,0.,1.));
#12679 = DIRECTION('',(1.,0.,0.));
#12680 = DEFINITIONAL_REPRESENTATION('',(#12681),#12685);
#12681 = LINE('',#12682,#12683);
#12682 = CARTESIAN_POINT('',(6.28318530718,-0.));
#12683 = VECTOR('',#12684,1.);
#12684 = DIRECTION('',(0.,1.));
#12685 = ( GEOMETRIC_REPRESENTATION_CONTEXT(2) 
PARAMETRIC_REPRESENTATION_CONTEXT() REPRESENTATION_CONTEXT('2D SPACE',''
  ) );
#12686 = PCURVE('',#12675,#12687);
#12687 = DEFINITIONAL_REPRESENTATION('',(#12688),#12692);
#12688 = LINE('',#12689,#12690);
#12689 = CARTESIAN_POINT('',(0.,-0.));
#12690 = VECTOR('',#12691,1.);
#12691 = DIRECTION('',(0.,1.));
#12692 = ( GEOMETRIC_REPRESENTATION_CONTEXT(2) 
PARAMETRIC_REPRESENTATION_CONTEXT() REPRESENTATION_CONTEXT('2D SPACE',''
  ) );
#12693 = ORIENTED_EDGE('',*,*,#12694,.F.);
#12694 = EDGE_CURVE('',#12667,#12667,#12695,.T.);
#12695 = SURFACE_CURVE('',#12696,(#12701,#12708),.PCURVE_S1.);
#12696 = CIRCLE('',#12697,7.);
#12697 = AXIS2_PLACEMENT_3D('',#12698,#12699,#12700);
#12698 = CARTESIAN_POINT('',(0.,0.,6.));
#12699 = DIRECTION('',(0.,0.,1.));
#12700 = DIRECTION('',(1.,0.,-0.));
#12701 = PCURVE('',#12675,#12702);
#12702 = DEFINITIONAL_REPRESENTATION('',(#12703),#12707);
#12703 = LINE('',#12704,#12705);
#12704 = CARTESIAN_POINT('',(0.,6.));
#12705 = VECTOR('',#12706,1.);
#12706 = DIRECTION('',(1.,0.));
#12707 = ( GEOMETRIC_REPRESENTATION_CONTEXT(2) 
PARAMETRIC_REPRESENTATION_CONTEXT() REPRESENTATION_CONTEXT('2D SPACE',''
  ) );
#12708 = PCURVE('',#12709,#12714);
#12709 = CONICAL_SURFACE('',#12710,7.,0.785398163397);
#12710 = AXIS2_PLACEMENT_3D('',#12711,#12712,#12713);
#12711 = CARTESIAN_POINT('',(0.,0.,6.));
#12712 = DIRECTION('',(-0.,-0.,-1.));
#12713 = DIRECTION('',(1.,0.,0.));
#12714 = DEFINITIONAL_REPRESENTATION('',(#12715),#12719);
#12715 = LINE('',#12716,#12717);
#12716 = CARTESIAN_POINT('',(-0.,-0.));
#12717 = VECTOR('',#12718,1.);
#12718 = DIRECTION('',(-1.,-0.));
#12719 = ( GEOMETRIC_REPRESENTATION_CONTEXT(2) 
PARAMETRIC_REPRESENTATION_CONTEXT() REPRESENTATION_CONTEXT('2D SPACE',''
  ) );
#12720 = ORIENTED_EDGE('',*,*,#12664,.F.);
#12721 = ORIENTED_EDGE('',*,*,#12722,.T.);
#12722 = EDGE_CURVE('',#12665,#12665,#12723,.T.);
#12723 = SURFACE_CURVE('',#12724,(#12729,#12736),.PCURVE_S1.);
#12724 = CIRCLE('',#12725,7.);
#12725 = AXIS2_PLACEMENT_3D('',#12726,#12727,#12728);
#12726 = CARTESIAN_POINT('',(0.,0.,1.));
#12727 = DIRECTION('',(0.,0.,1.));
#12728 = DIRECTION('',(1.,0.,-0.));
#12729 = PCURVE('',#12675,#12730);
#12730 = DEFINITIONAL_REPRESENTATION('',(#12731),#12735);
#12731 = LINE('',#12732,#12733);
#12732 = CARTESIAN_POINT('',(0.,1.));
#12733 = VECTOR('',#12734,1.);
#12734 = DIRECTION('',(1.,0.));
#12735 = ( GEOMETRIC_REPRESENTATION_CONTEXT(2) 
PARAMETRIC_REPRESENTATION_CONTEXT() REPRESENTATION_CONTEXT('2D SPACE',''
  ) );
#12736 = PCURVE('',#12737,#12742);
#12737 = CONICAL_SURFACE('',#12738,7.,0.785398163397);
#12738 = AXIS2_PLACEMENT_3D('',#12739,#12740,#12741);
#12739 = CARTESIAN_POINT('',(0.,0.,1.));
#12740 = DIRECTION('',(0.,0.,1.));
#12741 = DIRECTION('',(1.,0.,-0.));
#12742 = DEFINITIONAL_REPRESENTATION('',(#12743),#12747);
#12743 = LINE('',#12744,#12745);
#12744 = CARTESIAN_POINT('',(0.,-0.));
#12745 = VECTOR('',#12746,1.);
#12746 = DIRECTION('',(1.,-0.));
#12747 = ( GEOMETRIC_REPRESENTATION_CONTEXT(2) 
PARAMETRIC_REPRESENTATION_CONTEXT() REPRESENTATION_CONTEXT('2D SPACE',''
  ) );
#12748 = ADVANCED_FACE('',(#12749),#12737,.T.);
#12749 = FACE_BOUND('',#12750,.F.);
#12750 = EDGE_LOOP('',(#12751,#12772,#12773,#12774));
#12751 = ORIENTED_EDGE('',*,*,#12752,.F.);
#12752 = EDGE_CURVE('',#12665,#12753,#12755,.T.);
#12753 = VERTEX_POINT('',#12754);
#12754 = CARTESIAN_POINT('',(6.,0.,0.));
#12755 = SEAM_CURVE('',#12756,(#12760,#12766),.PCURVE_S1.);
#12756 = LINE('',#12757,#12758);
#12757 = CARTESIAN_POINT('',(7.,0.,1.));
#12758 = VECTOR('',#12759,1.);
#12759 = DIRECTION('',(-0.707106781187,-0.,-0.707106781187));
#12760 = PCURVE('',#12737,#12761);
#12761 = DEFINITIONAL_REPRESENTATION('',(#12762),#12765);
#12762 = B_SPLINE_CURVE_WITH_KNOTS('',1,(#12763,#12764),.UNSPECIFIED.,
  .F.,.F.,(2,2),(0.,1.414213562373),.PIECEWISE_BEZIER_KNOTS.);
#12763 = CARTESIAN_POINT('',(0.,0.));
#12764 = CARTESIAN_POINT('',(0.,-1.));
#12765 = ( GEOMETRIC_REPRESENTATION_CONTEXT(2) 
PARAMETRIC_REPRESENTATION_CONTEXT() REPRESENTATION_CONTEXT('2D SPACE',''
  ) );
#12766 = PCURVE('',#12737,#12767);
#12767 = DEFINITIONAL_REPRESENTATION('',(#12768),#12771);
#12768 = B_SPLINE_CURVE_WITH_KNOTS('',1,(#12769,#12770),.UNSPECIFIED.,
  .F.,.F.,(2,2),(0.,1.414213562373),.PIECEWISE_BEZIER_KNOTS.);
#12769 = CARTESIAN_POINT('',(6.28318530718,0.));
#12770 = CARTESIAN_POINT('',(6.28318530718,-1.));
#12771 = ( GEOMETRIC_REPRESENTATION_CONTEXT(2) 
PARAMETRIC_REPRESENTATION_CONTEXT() REPRESENTATION_CONTEXT('2D SPACE',''
  ) );
#12772 = ORIENTED_EDGE('',*,*,#12722,.T.);
#12773 = ORIENTED_EDGE('',*,*,#12752,.T.);
#12774 = ORIENTED_EDGE('',*,*,#12775,.F.);
#12775 = EDGE_CURVE('',#12753,#12753,#12776,.T.);
#12776 = SURFACE_CURVE('',#12777,(#12782,#12789),.PCURVE_S1.);
#12777 = CIRCLE('',#12778,6.);
#12778 = AXIS2_PLACEMENT_3D('',#12779,#12780,#12781);
#12779 = CARTESIAN_POINT('',(0.,0.,0.));
#12780 = DIRECTION('',(0.,0.,1.));
#12781 = DIRECTION('',(1.,0.,-0.));
#12782 = PCURVE('',#12737,#12783);
#12783 = DEFINITIONAL_REPRESENTATION('',(#12784),#12788);
#12784 = LINE('',#12785,#12786);
#12785 = CARTESIAN_POINT('',(0.,-1.));
#12786 = VECTOR('',#12787,1.);
#12787 = DIRECTION('',(1.,-0.));
#12788 = ( GEOMETRIC_REPRESENTATION_CONTEXT(2) 
PARAMETRIC_REPRESENTATION_CONTEXT() REPRESENTATION_CONTEXT('2D SPACE',''
  ) );
#12789 = PCURVE('',#12790,#12795);
#12790 = PLANE('',#12791);
#12791 = AXIS2_PLACEMENT_3D('',#12792,#12793,#12794);
#12792 = CARTESIAN_POINT('',(0.,0.,0.));
#12793 = DIRECTION('',(0.,0.,1.));
#12794 = DIRECTION('',(1.,0.,0.));
#12795 = DEFINITIONAL_REPRESENTATION('',(#12796),#12800);
#12796 = CIRCLE('',#12797,6.);
#12797 = AXIS2_PLACEMENT_2D('',#12798,#12799);
#12798 = CARTESIAN_POINT('',(0.,0.));
#12799 = DIRECTION('',(1.,0.));
#12800 = ( GEOMETRIC_REPRESENTATION_CONTEXT(2) 
PARAMETRIC_REPRESENTATION_CONTEXT() REPRESENTATION_CONTEXT('2D SPACE',''
  ) );
#12801 = ADVANCED_FACE('',(#12802),#12709,.T.);
#12802 = FACE_BOUND('',#12803,.T.);
#12803 = EDGE_LOOP('',(#12804,#12825,#12826,#12827));
#12804 = ORIENTED_EDGE('',*,*,#12805,.F.);
#12805 = EDGE_CURVE('',#12667,#12806,#12808,.T.);
#12806 = VERTEX_POINT('',#12807);
#12807 = CARTESIAN_POINT('',(6.,0.,7.));
#12808 = SEAM_CURVE('',#12809,(#12813,#12819),.PCURVE_S1.);
#12809 = LINE('',#12810,#12811);
#12810 = CARTESIAN_POINT('',(7.,0.,6.));
#12811 = VECTOR('',#12812,1.);
#12812 = DIRECTION('',(-0.707106781187,0.,0.707106781187));
#12813 = PCURVE('',#12709,#12814);
#12814 = DEFINITIONAL_REPRESENTATION('',(#12815),#12818);
#12815 = B_SPLINE_CURVE_WITH_KNOTS('',1,(#12816,#12817),.UNSPECIFIED.,
  .F.,.F.,(2,2),(0.,1.414213562373),.PIECEWISE_BEZIER_KNOTS.);
#12816 = CARTESIAN_POINT('',(0.,0.));
#12817 = CARTESIAN_POINT('',(0.,-1.));
#12818 = ( GEOMETRIC_REPRESENTATION_CONTEXT(2) 
PARAMETRIC_REPRESENTATION_CONTEXT() REPRESENTATION_CONTEXT('2D SPACE',''
  ) );
#12819 = PCURVE('',#12709,#12820);
#12820 = DEFINITIONAL_REPRESENTATION('',(#12821),#12824);
#12821 = B_SPLINE_CURVE_WITH_KNOTS('',1,(#12822,#12823),.UNSPECIFIED.,
  .F.,.F.,(2,2),(0.,1.414213562373),.PIECEWISE_BEZIER_KNOTS.);
#12822 = CARTESIAN_POINT('',(-6.28318530718,0.));
#12823 = CARTESIAN_POINT('',(-6.28318530718,-1.));
#12824 = ( GEOMETRIC_REPRESENTATION_CONTEXT(2) 
PARAMETRIC_REPRESENTATION_CONTEXT() REPRESENTATION_CONTEXT('2D SPACE',''
  ) );
#12825 = ORIENTED_EDGE('',*,*,#12694,.T.);
#12826 = ORIENTED_EDGE('',*,*,#12805,.T.);
#12827 = ORIENTED_EDGE('',*,*,#12828,.F.);
#12828 = EDGE_CURVE('',#12806,#12806,#12829,.T.);
#12829 = SURFACE_CURVE('',#12830,(#12835,#12842),.PCURVE_S1.);
#12830 = CIRCLE('',#12831,6.);
#12831 = AXIS2_PLACEMENT_3D('',#12832,#12833,#12834);
#12832 = CARTESIAN_POINT('',(0.,0.,7.));
#12833 = DIRECTION('',(0.,0.,1.));
#12834 = DIRECTION('',(1.,0.,-0.));
#12835 = PCURVE('',#12709,#12836);
#12836 = DEFINITIONAL_REPRESENTATION('',(#12837),#12841);
#12837 = LINE('',#12838,#12839);
#12838 = CARTESIAN_POINT('',(-0.,-1.));
#12839 = VECTOR('',#12840,1.);
#12840 = DIRECTION('',(-1.,-0.));
#12841 = ( GEOMETRIC_REPRESENTATION_CONTEXT(2) 
PARAMETRIC_REPRESENTATION_CONTEXT() REPRESENTATION_CONTEXT('2D SPACE',''
  ) );
#12842 = PCURVE('',#12843,#12848);
#12843 = PLANE('',#12844);
#12844 = AXIS2_PLACEMENT_3D('',#12845,#12846,#12847);
#12845 = CARTESIAN_POINT('',(0.,0.,7.));
#12846 = DIRECTION('',(0.,0.,1.));
#12847 = DIRECTION('',(1.,0.,0.));
#12848 = DEFINITIONAL_REPRESENTATION('',(#12849),#12853);
#12849 = CIRCLE('',#12850,6.);
#12850 = AXIS2_PLACEMENT_2D('',#12851,#12852);
#12851 = CARTESIAN_POINT('',(0.,0.));
#12852 = DIRECTION('',(1.,0.));
#12853 = ( GEOMETRIC_REPRESENTATION_CONTEXT(2) 
PARAMETRIC_REPRESENTATION_CONTEXT() REPRESENTATION_CONTEXT('2D SPACE',''
  ) );
#12854 = ADVANCED_FACE('',(#12855),#12790,.F.);
#12855 = FACE_BOUND('',#12856,.F.);
#12856 = EDGE_LOOP('',(#12857));
#12857 = ORIENTED_EDGE('',*,*,#12775,.T.);
#12858 = ADVANCED_FACE('',(#12859),#12843,.T.);
#12859 = FACE_BOUND('',#12860,.T.);
#12860 = EDGE_LOOP('',(#12861));
#12861 = ORIENTED_EDGE('',*,*,#12828,.T.);
#12862 = ( GEOMETRIC_REPRESENTATION_CONTEXT(3) 
GLOBAL_UNCERTAINTY_ASSIGNED_CONTEXT((#12866)) 
GLOBAL_UNIT_ASSIGNED_CONTEXT((#12863,#12864,#12865)) 
REPRESENTATION_CONTEXT('Context #1',
  '3D Context with UNIT and UNCERTAINTY') );
#12863 = ( LENGTH_UNIT() NAMED_UNIT(*) SI_UNIT(.MILLI.,.METRE.) );
#12864 = ( NAMED_UNIT(*) PLANE_ANGLE_UNIT() SI_UNIT($,.RADIAN.) );
#12865 = ( NAMED_UNIT(*) SI_UNIT($,.STERADIAN.) SOLID_ANGLE_UNIT() );
#12866 = UNCERTAINTY_MEASURE_WITH_UNIT(LENGTH_MEASURE(1.E-07),#12863,
  'distance_accuracy_value','confusion accuracy');
#12867 = CONTEXT_DEPENDENT_SHAPE_REPRESENTATION(#12868,#12870);
#12868 = ( REPRESENTATION_RELATIONSHIP('','',#12657,#10) 
REPRESENTATION_RELATIONSHIP_WITH_TRANSFORMATION(#12869) 
SHAPE_REPRESENTATION_RELATIONSHIP() );
#12869 = ITEM_DEFINED_TRANSFORMATION('','',#11,#147);
#12870 = PRODUCT_DEFINITION_SHAPE('Placement','Placement of an item',
  #12871);
#12871 = NEXT_ASSEMBLY_USAGE_OCCURRENCE('34','seed_medium_13','',#5,
  #12652,$);
#12872 = PRODUCT_RELATED_PRODUCT_CATEGORY('part',$,(#12654));
#12873 = SHAPE_DEFINITION_REPRESENTATION(#12874,#12880);
#12874 = PRODUCT_DEFINITION_SHAPE('','',#12875);
#12875 = PRODUCT_DEFINITION('design','',#12876,#12879);
#12876 = PRODUCT_DEFINITION_FORMATION('','',#12877);
#12877 = PRODUCT('seed_medium_14','seed_medium_14','',(#12878));
#12878 = PRODUCT_CONTEXT('',#2,'mechanical');
#12879 = PRODUCT_DEFINITION_CONTEXT('part definition',#2,'design');
#12880 = ADVANCED_BREP_SHAPE_REPRESENTATION('',(#11,#12881),#13085);
#12881 = MANIFOLD_SOLID_BREP('',#12882);
#12882 = CLOSED_SHELL('',(#12883,#12971,#13024,#13077,#13081));
#12883 = ADVANCED_FACE('',(#12884),#12898,.T.);
#12884 = FACE_BOUND('',#12885,.T.);
#12885 = EDGE_LOOP('',(#12886,#12916,#12943,#12944));
#12886 = ORIENTED_EDGE('',*,*,#12887,.T.);
#12887 = EDGE_CURVE('',#12888,#12890,#12892,.T.);
#12888 = VERTEX_POINT('',#12889);
#12889 = CARTESIAN_POINT('',(7.,0.,1.));
#12890 = VERTEX_POINT('',#12891);
#12891 = CARTESIAN_POINT('',(7.,0.,6.));
#12892 = SEAM_CURVE('',#12893,(#12897,#12909),.PCURVE_S1.);
#12893 = LINE('',#12894,#12895);
#12894 = CARTESIAN_POINT('',(7.,-1.714505518806E-15,0.));
#12895 = VECTOR('',#12896,1.);
#12896 = DIRECTION('',(0.,0.,1.));
#12897 = PCURVE('',#12898,#12903);
#12898 = CYLINDRICAL_SURFACE('',#12899,7.);
#12899 = AXIS2_PLACEMENT_3D('',#12900,#12901,#12902);
#12900 = CARTESIAN_POINT('',(0.,0.,0.));
#12901 = DIRECTION('',(0.,0.,1.));
#12902 = DIRECTION('',(1.,0.,0.));
#12903 = DEFINITIONAL_REPRESENTATION('',(#12904),#12908);
#12904 = LINE('',#12905,#12906);
#12905 = CARTESIAN_POINT('',(6.28318530718,-0.));
#12906 = VECTOR('',#12907,1.);
#12907 = DIRECTION('',(0.,1.));
#12908 = ( GEOMETRIC_REPRESENTATION_CONTEXT(2) 
PARAMETRIC_REPRESENTATION_CONTEXT() REPRESENTATION_CONTEXT('2D SPACE',''
  ) );
#12909 = PCURVE('',#12898,#12910);
#12910 = DEFINITIONAL_REPRESENTATION('',(#12911),#12915);
#12911 = LINE('',#12912,#12913);
#12912 = CARTESIAN_POINT('',(0.,-0.));
#12913 = VECTOR('',#12914,1.);
#12914 = DIRECTION('',(0.,1.));
#12915 = ( GEOMETRIC_REPRESENTATION_CONTEXT(2) 
PARAMETRIC_REPRESENTATION_CONTEXT() REPRESENTATION_CONTEXT('2D SPACE',''
  ) );
#12916 = ORIENTED_EDGE('',*,*,#12917,.F.);
#12917 = EDGE_CURVE('',#12890,#12890,#12918,.T.);
#12918 = SURFACE_CURVE('',#12919,(#12924,#12931),.PCURVE_S1.);
#12919 = CIRCLE('',#12920,7.);
#12920 = AXIS2_PLACEMENT_3D('',#12921,#12922,#12923);
#12921 = CARTESIAN_POINT('',(0.,0.,6.));
#12922 = DIRECTION('',(0.,0.,1.));
#12923 = DIRECTION('',(1.,0.,-0.));
#12924 = PCURVE('',#12898,#12925);
#12925 = DEFINITIONAL_REPRESENTATION('',(#12926),#12930);
#12926 = LINE('',#12927,#12928);
#12927 = CARTESIAN_POINT('',(0.,6.));
#12928 = VECTOR('',#12929,1.);
#12929 = DIRECTION('',(1.,0.));
#12930 = ( GEOMETRIC_REPRESENTATION_CONTEXT(2) 
PARAMETRIC_REPRESENTATION_CONTEXT() REPRESENTATION_CONTEXT('2D SPACE',''
  ) );
#12931 = PCURVE('',#12932,#12937);
#12932 = CONICAL_SURFACE('',#12933,7.,0.785398163397);
#12933 = AXIS2_PLACEMENT_3D('',#12934,#12935,#12936);
#12934 = CARTESIAN_POINT('',(0.,0.,6.));
#12935 = DIRECTION('',(-0.,-0.,-1.));
#12936 = DIRECTION('',(1.,0.,0.));
#12937 = DEFINITIONAL_REPRESENTATION('',(#12938),#12942);
#12938 = LINE('',#12939,#12940);
#12939 = CARTESIAN_POINT('',(-0.,-0.));
#12940 = VECTOR('',#12941,1.);
#12941 = DIRECTION('',(-1.,-0.));
#12942 = ( GEOMETRIC_REPRESENTATION_CONTEXT(2) 
PARAMETRIC_REPRESENTATION_CONTEXT() REPRESENTATION_CONTEXT('2D SPACE',''
  ) );
#12943 = ORIENTED_EDGE('',*,*,#12887,.F.);
#12944 = ORIENTED_EDGE('',*,*,#12945,.T.);
#12945 = EDGE_CURVE('',#12888,#12888,#12946,.T.);
#12946 = SURFACE_CURVE('',#12947,(#12952,#12959),.PCURVE_S1.);
#12947 = CIRCLE('',#12948,7.);
#12948 = AXIS2_PLACEMENT_3D('',#12949,#12950,#12951);
#12949 = CARTESIAN_POINT('',(0.,0.,1.));
#12950 = DIRECTION('',(0.,0.,1.));
#12951 = DIRECTION('',(1.,0.,-0.));
#12952 = PCURVE('',#12898,#12953);
#12953 = DEFINITIONAL_REPRESENTATION('',(#12954),#12958);
#12954 = LINE('',#12955,#12956);
#12955 = CARTESIAN_POINT('',(0.,1.));
#12956 = VECTOR('',#12957,1.);
#12957 = DIRECTION('',(1.,0.));
#12958 = ( GEOMETRIC_REPRESENTATION_CONTEXT(2) 
PARAMETRIC_REPRESENTATION_CONTEXT() REPRESENTATION_CONTEXT('2D SPACE',''
  ) );
#12959 = PCURVE('',#12960,#12965);
#12960 = CONICAL_SURFACE('',#12961,7.,0.785398163397);
#12961 = AXIS2_PLACEMENT_3D('',#12962,#12963,#12964);
#12962 = CARTESIAN_POINT('',(0.,0.,1.));
#12963 = DIRECTION('',(0.,0.,1.));
#12964 = DIRECTION('',(1.,0.,-0.));
#12965 = DEFINITIONAL_REPRESENTATION('',(#12966),#12970);
#12966 = LINE('',#12967,#12968);
#12967 = CARTESIAN_POINT('',(0.,-0.));
#12968 = VECTOR('',#12969,1.);
#12969 = DIRECTION('',(1.,-0.));
#12970 = ( GEOMETRIC_REPRESENTATION_CONTEXT(2) 
PARAMETRIC_REPRESENTATION_CONTEXT() REPRESENTATION_CONTEXT('2D SPACE',''
  ) );
#12971 = ADVANCED_FACE('',(#12972),#12960,.T.);
#12972 = FACE_BOUND('',#12973,.F.);
#12973 = EDGE_LOOP('',(#12974,#12995,#12996,#12997));
#12974 = ORIENTED_EDGE('',*,*,#12975,.F.);
#12975 = EDGE_CURVE('',#12888,#12976,#12978,.T.);
#12976 = VERTEX_POINT('',#12977);
#12977 = CARTESIAN_POINT('',(6.,0.,0.));
#12978 = SEAM_CURVE('',#12979,(#12983,#12989),.PCURVE_S1.);
#12979 = LINE('',#12980,#12981);
#12980 = CARTESIAN_POINT('',(7.,0.,1.));
#12981 = VECTOR('',#12982,1.);
#12982 = DIRECTION('',(-0.707106781187,-0.,-0.707106781187));
#12983 = PCURVE('',#12960,#12984);
#12984 = DEFINITIONAL_REPRESENTATION('',(#12985),#12988);
#12985 = B_SPLINE_CURVE_WITH_KNOTS('',1,(#12986,#12987),.UNSPECIFIED.,
  .F.,.F.,(2,2),(0.,1.414213562373),.PIECEWISE_BEZIER_KNOTS.);
#12986 = CARTESIAN_POINT('',(0.,0.));
#12987 = CARTESIAN_POINT('',(0.,-1.));
#12988 = ( GEOMETRIC_REPRESENTATION_CONTEXT(2) 
PARAMETRIC_REPRESENTATION_CONTEXT() REPRESENTATION_CONTEXT('2D SPACE',''
  ) );
#12989 = PCURVE('',#12960,#12990);
#12990 = DEFINITIONAL_REPRESENTATION('',(#12991),#12994);
#12991 = B_SPLINE_CURVE_WITH_KNOTS('',1,(#12992,#12993),.UNSPECIFIED.,
  .F.,.F.,(2,2),(0.,1.414213562373),.PIECEWISE_BEZIER_KNOTS.);
#12992 = CARTESIAN_POINT('',(6.28318530718,0.));
#12993 = CARTESIAN_POINT('',(6.28318530718,-1.));
#12994 = ( GEOMETRIC_REPRESENTATION_CONTEXT(2) 
PARAMETRIC_REPRESENTATION_CONTEXT() REPRESENTATION_CONTEXT('2D SPACE',''
  ) );
#12995 = ORIENTED_EDGE('',*,*,#12945,.T.);
#12996 = ORIENTED_EDGE('',*,*,#12975,.T.);
#12997 = ORIENTED_EDGE('',*,*,#12998,.F.);
#12998 = EDGE_CURVE('',#12976,#12976,#12999,.T.);
#12999 = SURFACE_CURVE('',#13000,(#13005,#13012),.PCURVE_S1.);
#13000 = CIRCLE('',#13001,6.);
#13001 = AXIS2_PLACEMENT_3D('',#13002,#13003,#13004);
#13002 = CARTESIAN_POINT('',(0.,0.,0.));
#13003 = DIRECTION('',(0.,0.,1.));
#13004 = DIRECTION('',(1.,0.,-0.));
#13005 = PCURVE('',#12960,#13006);
#13006 = DEFINITIONAL_REPRESENTATION('',(#13007),#13011);
#13007 = LINE('',#13008,#13009);
#13008 = CARTESIAN_POINT('',(0.,-1.));
#13009 = VECTOR('',#13010,1.);
#13010 = DIRECTION('',(1.,-0.));
#13011 = ( GEOMETRIC_REPRESENTATION_CONTEXT(2) 
PARAMETRIC_REPRESENTATION_CONTEXT() REPRESENTATION_CONTEXT('2D SPACE',''
  ) );
#13012 = PCURVE('',#13013,#13018);
#13013 = PLANE('',#13014);
#13014 = AXIS2_PLACEMENT_3D('',#13015,#13016,#13017);
#13015 = CARTESIAN_POINT('',(0.,0.,0.));
#13016 = DIRECTION('',(0.,0.,1.));
#13017 = DIRECTION('',(1.,0.,0.));
#13018 = DEFINITIONAL_REPRESENTATION('',(#13019),#13023);
#13019 = CIRCLE('',#13020,6.);
#13020 = AXIS2_PLACEMENT_2D('',#13021,#13022);
#13021 = CARTESIAN_POINT('',(0.,0.));
#13022 = DIRECTION('',(1.,0.));
#13023 = ( GEOMETRIC_REPRESENTATION_CONTEXT(2) 
PARAMETRIC_REPRESENTATION_CONTEXT() REPRESENTATION_CONTEXT('2D SPACE',''
  ) );
#13024 = ADVANCED_FACE('',(#13025),#12932,.T.);
#13025 = FACE_BOUND('',#13026,.T.);
#13026 = EDGE_LOOP('',(#13027,#13048,#13049,#13050));
#13027 = ORIENTED_EDGE('',*,*,#13028,.F.);
#13028 = EDGE_CURVE('',#12890,#13029,#13031,.T.);
#13029 = VERTEX_POINT('',#13030);
#13030 = CARTESIAN_POINT('',(6.,0.,7.));
#13031 = SEAM_CURVE('',#13032,(#13036,#13042),.PCURVE_S1.);
#13032 = LINE('',#13033,#13034);
#13033 = CARTESIAN_POINT('',(7.,0.,6.));
#13034 = VECTOR('',#13035,1.);
#13035 = DIRECTION('',(-0.707106781187,0.,0.707106781187));
#13036 = PCURVE('',#12932,#13037);
#13037 = DEFINITIONAL_REPRESENTATION('',(#13038),#13041);
#13038 = B_SPLINE_CURVE_WITH_KNOTS('',1,(#13039,#13040),.UNSPECIFIED.,
  .F.,.F.,(2,2),(0.,1.414213562373),.PIECEWISE_BEZIER_KNOTS.);
#13039 = CARTESIAN_POINT('',(0.,0.));
#13040 = CARTESIAN_POINT('',(0.,-1.));
#13041 = ( GEOMETRIC_REPRESENTATION_CONTEXT(2) 
PARAMETRIC_REPRESENTATION_CONTEXT() REPRESENTATION_CONTEXT('2D SPACE',''
  ) );
#13042 = PCURVE('',#12932,#13043);
#13043 = DEFINITIONAL_REPRESENTATION('',(#13044),#13047);
#13044 = B_SPLINE_CURVE_WITH_KNOTS('',1,(#13045,#13046),.UNSPECIFIED.,
  .F.,.F.,(2,2),(0.,1.414213562373),.PIECEWISE_BEZIER_KNOTS.);
#13045 = CARTESIAN_POINT('',(-6.28318530718,0.));
#13046 = CARTESIAN_POINT('',(-6.28318530718,-1.));
#13047 = ( GEOMETRIC_REPRESENTATION_CONTEXT(2) 
PARAMETRIC_REPRESENTATION_CONTEXT() REPRESENTATION_CONTEXT('2D SPACE',''
  ) );
#13048 = ORIENTED_EDGE('',*,*,#12917,.T.);
#13049 = ORIENTED_EDGE('',*,*,#13028,.T.);
#13050 = ORIENTED_EDGE('',*,*,#13051,.F.);
#13051 = EDGE_CURVE('',#13029,#13029,#13052,.T.);
#13052 = SURFACE_CURVE('',#13053,(#13058,#13065),.PCURVE_S1.);
#13053 = CIRCLE('',#13054,6.);
#13054 = AXIS2_PLACEMENT_3D('',#13055,#13056,#13057);
#13055 = CARTESIAN_POINT('',(0.,0.,7.));
#13056 = DIRECTION('',(0.,0.,1.));
#13057 = DIRECTION('',(1.,0.,-0.));
#13058 = PCURVE('',#12932,#13059);
#13059 = DEFINITIONAL_REPRESENTATION('',(#13060),#13064);
#13060 = LINE('',#13061,#13062);
#13061 = CARTESIAN_POINT('',(-0.,-1.));
#13062 = VECTOR('',#13063,1.);
#13063 = DIRECTION('',(-1.,-0.));
#13064 = ( GEOMETRIC_REPRESENTATION_CONTEXT(2) 
PARAMETRIC_REPRESENTATION_CONTEXT() REPRESENTATION_CONTEXT('2D SPACE',''
  ) );
#13065 = PCURVE('',#13066,#13071);
#13066 = PLANE('',#13067);
#13067 = AXIS2_PLACEMENT_3D('',#13068,#13069,#13070);
#13068 = CARTESIAN_POINT('',(0.,0.,7.));
#13069 = DIRECTION('',(0.,0.,1.));
#13070 = DIRECTION('',(1.,0.,0.));
#13071 = DEFINITIONAL_REPRESENTATION('',(#13072),#13076);
#13072 = CIRCLE('',#13073,6.);
#13073 = AXIS2_PLACEMENT_2D('',#13074,#13075);
#13074 = CARTESIAN_POINT('',(0.,0.));
#13075 = DIRECTION('',(1.,0.));
#13076 = ( GEOMETRIC_REPRESENTATION_CONTEXT(2) 
PARAMETRIC_REPRESENTATION_CONTEXT() REPRESENTATION_CONTEXT('2D SPACE',''
  ) );
#13077 = ADVANCED_FACE('',(#13078),#13013,.F.);
#13078 = FACE_BOUND('',#13079,.F.);
#13079 = EDGE_LOOP('',(#13080));
#13080 = ORIENTED_EDGE('',*,*,#12998,.T.);
#13081 = ADVANCED_FACE('',(#13082),#13066,.T.);
#13082 = FACE_BOUND('',#13083,.T.);
#13083 = EDGE_LOOP('',(#13084));
#13084 = ORIENTED_EDGE('',*,*,#13051,.T.);
#13085 = ( GEOMETRIC_REPRESENTATION_CONTEXT(3) 
GLOBAL_UNCERTAINTY_ASSIGNED_CONTEXT((#13089)) 
GLOBAL_UNIT_ASSIGNED_CONTEXT((#13086,#13087,#13088)) 
REPRESENTATION_CONTEXT('Context #1',
  '3D Context with UNIT and UNCERTAINTY') );
#13086 = ( LENGTH_UNIT() NAMED_UNIT(*) SI_UNIT(.MILLI.,.METRE.) );
#13087 = ( NAMED_UNIT(*) PLANE_ANGLE_UNIT() SI_UNIT($,.RADIAN.) );
#13088 = ( NAMED_UNIT(*) SI_UNIT($,.STERADIAN.) SOLID_ANGLE_UNIT() );
#13089 = UNCERTAINTY_MEASURE_WITH_UNIT(LENGTH_MEASURE(1.E-07),#13086,
  'distance_accuracy_value','confusion accuracy');
#13090 = CONTEXT_DEPENDENT_SHAPE_REPRESENTATION(#13091,#13093);
#13091 = ( REPRESENTATION_RELATIONSHIP('','',#12880,#10) 
REPRESENTATION_RELATIONSHIP_WITH_TRANSFORMATION(#13092) 
SHAPE_REPRESENTATION_RELATIONSHIP() );
#13092 = ITEM_DEFINED_TRANSFORMATION('','',#11,#151);
#13093 = PRODUCT_DEFINITION_SHAPE('Placement','Placement of an item',
  #13094);
#13094 = NEXT_ASSEMBLY_USAGE_OCCURRENCE('35','seed_medium_14','',#5,
  #12875,$);
#13095 = PRODUCT_RELATED_PRODUCT_CATEGORY('part',$,(#12877));
#13096 = SHAPE_DEFINITION_REPRESENTATION(#13097,#13103);
#13097 = PRODUCT_DEFINITION_SHAPE('','',#13098);
#13098 = PRODUCT_DEFINITION('design','',#13099,#13102);
#13099 = PRODUCT_DEFINITION_FORMATION('','',#13100);
#13100 = PRODUCT('seed_medium_15','seed_medium_15','',(#13101));
#13101 = PRODUCT_CONTEXT('',#2,'mechanical');
#13102 = PRODUCT_DEFINITION_CONTEXT('part definition',#2,'design');
#13103 = ADVANCED_BREP_SHAPE_REPRESENTATION('',(#11,#13104),#13308);
#13104 = MANIFOLD_SOLID_BREP('',#13105);
#13105 = CLOSED_SHELL('',(#13106,#13194,#13247,#13300,#13304));
#13106 = ADVANCED_FACE('',(#13107),#13121,.T.);
#13107 = FACE_BOUND('',#13108,.T.);
#13108 = EDGE_LOOP('',(#13109,#13139,#13166,#13167));
#13109 = ORIENTED_EDGE('',*,*,#13110,.T.);
#13110 = EDGE_CURVE('',#13111,#13113,#13115,.T.);
#13111 = VERTEX_POINT('',#13112);
#13112 = CARTESIAN_POINT('',(7.,0.,1.));
#13113 = VERTEX_POINT('',#13114);
#13114 = CARTESIAN_POINT('',(7.,0.,6.));
#13115 = SEAM_CURVE('',#13116,(#13120,#13132),.PCURVE_S1.);
#13116 = LINE('',#13117,#13118);
#13117 = CARTESIAN_POINT('',(7.,-1.714505518806E-15,0.));
#13118 = VECTOR('',#13119,1.);
#13119 = DIRECTION('',(0.,0.,1.));
#13120 = PCURVE('',#13121,#13126);
#13121 = CYLINDRICAL_SURFACE('',#13122,7.);
#13122 = AXIS2_PLACEMENT_3D('',#13123,#13124,#13125);
#13123 = CARTESIAN_POINT('',(0.,0.,0.));
#13124 = DIRECTION('',(0.,0.,1.));
#13125 = DIRECTION('',(1.,0.,0.));
#13126 = DEFINITIONAL_REPRESENTATION('',(#13127),#13131);
#13127 = LINE('',#13128,#13129);
#13128 = CARTESIAN_POINT('',(6.28318530718,-0.));
#13129 = VECTOR('',#13130,1.);
#13130 = DIRECTION('',(0.,1.));
#13131 = ( GEOMETRIC_REPRESENTATION_CONTEXT(2) 
PARAMETRIC_REPRESENTATION_CONTEXT() REPRESENTATION_CONTEXT('2D SPACE',''
  ) );
#13132 = PCURVE('',#13121,#13133);
#13133 = DEFINITIONAL_REPRESENTATION('',(#13134),#13138);
#13134 = LINE('',#13135,#13136);
#13135 = CARTESIAN_POINT('',(0.,-0.));
#13136 = VECTOR('',#13137,1.);
#13137 = DIRECTION('',(0.,1.));
#13138 = ( GEOMETRIC_REPRESENTATION_CONTEXT(2) 
PARAMETRIC_REPRESENTATION_CONTEXT() REPRESENTATION_CONTEXT('2D SPACE',''
  ) );
#13139 = ORIENTED_EDGE('',*,*,#13140,.F.);
#13140 = EDGE_CURVE('',#13113,#13113,#13141,.T.);
#13141 = SURFACE_CURVE('',#13142,(#13147,#13154),.PCURVE_S1.);
#13142 = CIRCLE('',#13143,7.);
#13143 = AXIS2_PLACEMENT_3D('',#13144,#13145,#13146);
#13144 = CARTESIAN_POINT('',(0.,0.,6.));
#13145 = DIRECTION('',(0.,0.,1.));
#13146 = DIRECTION('',(1.,0.,-0.));
#13147 = PCURVE('',#13121,#13148);
#13148 = DEFINITIONAL_REPRESENTATION('',(#13149),#13153);
#13149 = LINE('',#13150,#13151);
#13150 = CARTESIAN_POINT('',(0.,6.));
#13151 = VECTOR('',#13152,1.);
#13152 = DIRECTION('',(1.,0.));
#13153 = ( GEOMETRIC_REPRESENTATION_CONTEXT(2) 
PARAMETRIC_REPRESENTATION_CONTEXT() REPRESENTATION_CONTEXT('2D SPACE',''
  ) );
#13154 = PCURVE('',#13155,#13160);
#13155 = CONICAL_SURFACE('',#13156,7.,0.785398163397);
#13156 = AXIS2_PLACEMENT_3D('',#13157,#13158,#13159);
#13157 = CARTESIAN_POINT('',(0.,0.,6.));
#13158 = DIRECTION('',(-0.,-0.,-1.));
#13159 = DIRECTION('',(1.,0.,0.));
#13160 = DEFINITIONAL_REPRESENTATION('',(#13161),#13165);
#13161 = LINE('',#13162,#13163);
#13162 = CARTESIAN_POINT('',(-0.,-0.));
#13163 = VECTOR('',#13164,1.);
#13164 = DIRECTION('',(-1.,-0.));
#13165 = ( GEOMETRIC_REPRESENTATION_CONTEXT(2) 
PARAMETRIC_REPRESENTATION_CONTEXT() REPRESENTATION_CONTEXT('2D SPACE',''
  ) );
#13166 = ORIENTED_EDGE('',*,*,#13110,.F.);
#13167 = ORIENTED_EDGE('',*,*,#13168,.T.);
#13168 = EDGE_CURVE('',#13111,#13111,#13169,.T.);
#13169 = SURFACE_CURVE('',#13170,(#13175,#13182),.PCURVE_S1.);
#13170 = CIRCLE('',#13171,7.);
#13171 = AXIS2_PLACEMENT_3D('',#13172,#13173,#13174);
#13172 = CARTESIAN_POINT('',(0.,0.,1.));
#13173 = DIRECTION('',(0.,0.,1.));
#13174 = DIRECTION('',(1.,0.,-0.));
#13175 = PCURVE('',#13121,#13176);
#13176 = DEFINITIONAL_REPRESENTATION('',(#13177),#13181);
#13177 = LINE('',#13178,#13179);
#13178 = CARTESIAN_POINT('',(0.,1.));
#13179 = VECTOR('',#13180,1.);
#13180 = DIRECTION('',(1.,0.));
#13181 = ( GEOMETRIC_REPRESENTATION_CONTEXT(2) 
PARAMETRIC_REPRESENTATION_CONTEXT() REPRESENTATION_CONTEXT('2D SPACE',''
  ) );
#13182 = PCURVE('',#13183,#13188);
#13183 = CONICAL_SURFACE('',#13184,7.,0.785398163397);
#13184 = AXIS2_PLACEMENT_3D('',#13185,#13186,#13187);
#13185 = CARTESIAN_POINT('',(0.,0.,1.));
#13186 = DIRECTION('',(0.,0.,1.));
#13187 = DIRECTION('',(1.,0.,-0.));
#13188 = DEFINITIONAL_REPRESENTATION('',(#13189),#13193);
#13189 = LINE('',#13190,#13191);
#13190 = CARTESIAN_POINT('',(0.,-0.));
#13191 = VECTOR('',#13192,1.);
#13192 = DIRECTION('',(1.,-0.));
#13193 = ( GEOMETRIC_REPRESENTATION_CONTEXT(2) 
PARAMETRIC_REPRESENTATION_CONTEXT() REPRESENTATION_CONTEXT('2D SPACE',''
  ) );
#13194 = ADVANCED_FACE('',(#13195),#13183,.T.);
#13195 = FACE_BOUND('',#13196,.F.);
#13196 = EDGE_LOOP('',(#13197,#13218,#13219,#13220));
#13197 = ORIENTED_EDGE('',*,*,#13198,.F.);
#13198 = EDGE_CURVE('',#13111,#13199,#13201,.T.);
#13199 = VERTEX_POINT('',#13200);
#13200 = CARTESIAN_POINT('',(6.,0.,0.));
#13201 = SEAM_CURVE('',#13202,(#13206,#13212),.PCURVE_S1.);
#13202 = LINE('',#13203,#13204);
#13203 = CARTESIAN_POINT('',(7.,0.,1.));
#13204 = VECTOR('',#13205,1.);
#13205 = DIRECTION('',(-0.707106781187,-0.,-0.707106781187));
#13206 = PCURVE('',#13183,#13207);
#13207 = DEFINITIONAL_REPRESENTATION('',(#13208),#13211);
#13208 = B_SPLINE_CURVE_WITH_KNOTS('',1,(#13209,#13210),.UNSPECIFIED.,
  .F.,.F.,(2,2),(0.,1.414213562373),.PIECEWISE_BEZIER_KNOTS.);
#13209 = CARTESIAN_POINT('',(0.,0.));
#13210 = CARTESIAN_POINT('',(0.,-1.));
#13211 = ( GEOMETRIC_REPRESENTATION_CONTEXT(2) 
PARAMETRIC_REPRESENTATION_CONTEXT() REPRESENTATION_CONTEXT('2D SPACE',''
  ) );
#13212 = PCURVE('',#13183,#13213);
#13213 = DEFINITIONAL_REPRESENTATION('',(#13214),#13217);
#13214 = B_SPLINE_CURVE_WITH_KNOTS('',1,(#13215,#13216),.UNSPECIFIED.,
  .F.,.F.,(2,2),(0.,1.414213562373),.PIECEWISE_BEZIER_KNOTS.);
#13215 = CARTESIAN_POINT('',(6.28318530718,0.));
#13216 = CARTESIAN_POINT('',(6.28318530718,-1.));
#13217 = ( GEOMETRIC_REPRESENTATION_CONTEXT(2) 
PARAMETRIC_REPRESENTATION_CONTEXT() REPRESENTATION_CONTEXT('2D SPACE',''
  ) );
#13218 = ORIENTED_EDGE('',*,*,#13168,.T.);
#13219 = ORIENTED_EDGE('',*,*,#13198,.T.);
#13220 = ORIENTED_EDGE('',*,*,#13221,.F.);
#13221 = EDGE_CURVE('',#13199,#13199,#13222,.T.);
#13222 = SURFACE_CURVE('',#13223,(#13228,#13235),.PCURVE_S1.);
#13223 = CIRCLE('',#13224,6.);
#13224 = AXIS2_PLACEMENT_3D('',#13225,#13226,#13227);
#13225 = CARTESIAN_POINT('',(0.,0.,0.));
#13226 = DIRECTION('',(0.,0.,1.));
#13227 = DIRECTION('',(1.,0.,-0.));
#13228 = PCURVE('',#13183,#13229);
#13229 = DEFINITIONAL_REPRESENTATION('',(#13230),#13234);
#13230 = LINE('',#13231,#13232);
#13231 = CARTESIAN_POINT('',(0.,-1.));
#13232 = VECTOR('',#13233,1.);
#13233 = DIRECTION('',(1.,-0.));
#13234 = ( GEOMETRIC_REPRESENTATION_CONTEXT(2) 
PARAMETRIC_REPRESENTATION_CONTEXT() REPRESENTATION_CONTEXT('2D SPACE',''
  ) );
#13235 = PCURVE('',#13236,#13241);
#13236 = PLANE('',#13237);
#13237 = AXIS2_PLACEMENT_3D('',#13238,#13239,#13240);
#13238 = CARTESIAN_POINT('',(0.,0.,0.));
#13239 = DIRECTION('',(0.,0.,1.));
#13240 = DIRECTION('',(1.,0.,0.));
#13241 = DEFINITIONAL_REPRESENTATION('',(#13242),#13246);
#13242 = CIRCLE('',#13243,6.);
#13243 = AXIS2_PLACEMENT_2D('',#13244,#13245);
#13244 = CARTESIAN_POINT('',(0.,0.));
#13245 = DIRECTION('',(1.,0.));
#13246 = ( GEOMETRIC_REPRESENTATION_CONTEXT(2) 
PARAMETRIC_REPRESENTATION_CONTEXT() REPRESENTATION_CONTEXT('2D SPACE',''
  ) );
#13247 = ADVANCED_FACE('',(#13248),#13155,.T.);
#13248 = FACE_BOUND('',#13249,.T.);
#13249 = EDGE_LOOP('',(#13250,#13271,#13272,#13273));
#13250 = ORIENTED_EDGE('',*,*,#13251,.F.);
#13251 = EDGE_CURVE('',#13113,#13252,#13254,.T.);
#13252 = VERTEX_POINT('',#13253);
#13253 = CARTESIAN_POINT('',(6.,0.,7.));
#13254 = SEAM_CURVE('',#13255,(#13259,#13265),.PCURVE_S1.);
#13255 = LINE('',#13256,#13257);
#13256 = CARTESIAN_POINT('',(7.,0.,6.));
#13257 = VECTOR('',#13258,1.);
#13258 = DIRECTION('',(-0.707106781187,0.,0.707106781187));
#13259 = PCURVE('',#13155,#13260);
#13260 = DEFINITIONAL_REPRESENTATION('',(#13261),#13264);
#13261 = B_SPLINE_CURVE_WITH_KNOTS('',1,(#13262,#13263),.UNSPECIFIED.,
  .F.,.F.,(2,2),(0.,1.414213562373),.PIECEWISE_BEZIER_KNOTS.);
#13262 = CARTESIAN_POINT('',(0.,0.));
#13263 = CARTESIAN_POINT('',(0.,-1.));
#13264 = ( GEOMETRIC_REPRESENTATION_CONTEXT(2) 
PARAMETRIC_REPRESENTATION_CONTEXT() REPRESENTATION_CONTEXT('2D SPACE',''
  ) );
#13265 = PCURVE('',#13155,#13266);
#13266 = DEFINITIONAL_REPRESENTATION('',(#13267),#13270);
#13267 = B_SPLINE_CURVE_WITH_KNOTS('',1,(#13268,#13269),.UNSPECIFIED.,
  .F.,.F.,(2,2),(0.,1.414213562373),.PIECEWISE_BEZIER_KNOTS.);
#13268 = CARTESIAN_POINT('',(-6.28318530718,0.));
#13269 = CARTESIAN_POINT('',(-6.28318530718,-1.));
#13270 = ( GEOMETRIC_REPRESENTATION_CONTEXT(2) 
PARAMETRIC_REPRESENTATION_CONTEXT() REPRESENTATION_CONTEXT('2D SPACE',''
  ) );
#13271 = ORIENTED_EDGE('',*,*,#13140,.T.);
#13272 = ORIENTED_EDGE('',*,*,#13251,.T.);
#13273 = ORIENTED_EDGE('',*,*,#13274,.F.);
#13274 = EDGE_CURVE('',#13252,#13252,#13275,.T.);
#13275 = SURFACE_CURVE('',#13276,(#13281,#13288),.PCURVE_S1.);
#13276 = CIRCLE('',#13277,6.);
#13277 = AXIS2_PLACEMENT_3D('',#13278,#13279,#13280);
#13278 = CARTESIAN_POINT('',(0.,0.,7.));
#13279 = DIRECTION('',(0.,0.,1.));
#13280 = DIRECTION('',(1.,0.,-0.));
#13281 = PCURVE('',#13155,#13282);
#13282 = DEFINITIONAL_REPRESENTATION('',(#13283),#13287);
#13283 = LINE('',#13284,#13285);
#13284 = CARTESIAN_POINT('',(-0.,-1.));
#13285 = VECTOR('',#13286,1.);
#13286 = DIRECTION('',(-1.,-0.));
#13287 = ( GEOMETRIC_REPRESENTATION_CONTEXT(2) 
PARAMETRIC_REPRESENTATION_CONTEXT() REPRESENTATION_CONTEXT('2D SPACE',''
  ) );
#13288 = PCURVE('',#13289,#13294);
#13289 = PLANE('',#13290);
#13290 = AXIS2_PLACEMENT_3D('',#13291,#13292,#13293);
#13291 = CARTESIAN_POINT('',(0.,0.,7.));
#13292 = DIRECTION('',(0.,0.,1.));
#13293 = DIRECTION('',(1.,0.,0.));
#13294 = DEFINITIONAL_REPRESENTATION('',(#13295),#13299);
#13295 = CIRCLE('',#13296,6.);
#13296 = AXIS2_PLACEMENT_2D('',#13297,#13298);
#13297 = CARTESIAN_POINT('',(0.,0.));
#13298 = DIRECTION('',(1.,0.));
#13299 = ( GEOMETRIC_REPRESENTATION_CONTEXT(2) 
PARAMETRIC_REPRESENTATION_CONTEXT() REPRESENTATION_CONTEXT('2D SPACE',''
  ) );
#13300 = ADVANCED_FACE('',(#13301),#13236,.F.);
#13301 = FACE_BOUND('',#13302,.F.);
#13302 = EDGE_LOOP('',(#13303));
#13303 = ORIENTED_EDGE('',*,*,#13221,.T.);
#13304 = ADVANCED_FACE('',(#13305),#13289,.T.);
#13305 = FACE_BOUND('',#13306,.T.);
#13306 = EDGE_LOOP('',(#13307));
#13307 = ORIENTED_EDGE('',*,*,#13274,.T.);
#13308 = ( GEOMETRIC_REPRESENTATION_CONTEXT(3) 
GLOBAL_UNCERTAINTY_ASSIGNED_CONTEXT((#13312)) 
GLOBAL_UNIT_ASSIGNED_CONTEXT((#13309,#13310,#13311)) 
REPRESENTATION_CONTEXT('Context #1',
  '3D Context with UNIT and UNCERTAINTY') );
#13309 = ( LENGTH_UNIT() NAMED_UNIT(*) SI_UNIT(.MILLI.,.METRE.) );
#13310 = ( NAMED_UNIT(*) PLANE_ANGLE_UNIT() SI_UNIT($,.RADIAN.) );
#13311 = ( NAMED_UNIT(*) SI_UNIT($,.STERADIAN.) SOLID_ANGLE_UNIT() );
#13312 = UNCERTAINTY_MEASURE_WITH_UNIT(LENGTH_MEASURE(1.E-07),#13309,
  'distance_accuracy_value','confusion accuracy');
#13313 = CONTEXT_DEPENDENT_SHAPE_REPRESENTATION(#13314,#13316);
#13314 = ( REPRESENTATION_RELATIONSHIP('','',#13103,#10) 
REPRESENTATION_RELATIONSHIP_WITH_TRANSFORMATION(#13315) 
SHAPE_REPRESENTATION_RELATIONSHIP() );
#13315 = ITEM_DEFINED_TRANSFORMATION('','',#11,#155);
#13316 = PRODUCT_DEFINITION_SHAPE('Placement','Placement of an item',
  #13317);
#13317 = NEXT_ASSEMBLY_USAGE_OCCURRENCE('36','seed_medium_15','',#5,
  #13098,$);
#13318 = PRODUCT_RELATED_PRODUCT_CATEGORY('part',$,(#13100));
#13319 = SHAPE_DEFINITION_REPRESENTATION(#13320,#13326);
#13320 = PRODUCT_DEFINITION_SHAPE('','',#13321);
#13321 = PRODUCT_DEFINITION('design','',#13322,#13325);
#13322 = PRODUCT_DEFINITION_FORMATION('','',#13323);
#13323 = PRODUCT('seed_medium_16','seed_medium_16','',(#13324));
#13324 = PRODUCT_CONTEXT('',#2,'mechanical');
#13325 = PRODUCT_DEFINITION_CONTEXT('part definition',#2,'design');
#13326 = ADVANCED_BREP_SHAPE_REPRESENTATION('',(#11,#13327),#13531);
#13327 = MANIFOLD_SOLID_BREP('',#13328);
#13328 = CLOSED_SHELL('',(#13329,#13417,#13470,#13523,#13527));
#13329 = ADVANCED_FACE('',(#13330),#13344,.T.);
#13330 = FACE_BOUND('',#13331,.T.);
#13331 = EDGE_LOOP('',(#13332,#13362,#13389,#13390));
#13332 = ORIENTED_EDGE('',*,*,#13333,.T.);
#13333 = EDGE_CURVE('',#13334,#13336,#13338,.T.);
#13334 = VERTEX_POINT('',#13335);
#13335 = CARTESIAN_POINT('',(7.,0.,1.));
#13336 = VERTEX_POINT('',#13337);
#13337 = CARTESIAN_POINT('',(7.,0.,6.));
#13338 = SEAM_CURVE('',#13339,(#13343,#13355),.PCURVE_S1.);
#13339 = LINE('',#13340,#13341);
#13340 = CARTESIAN_POINT('',(7.,-1.714505518806E-15,0.));
#13341 = VECTOR('',#13342,1.);
#13342 = DIRECTION('',(0.,0.,1.));
#13343 = PCURVE('',#13344,#13349);
#13344 = CYLINDRICAL_SURFACE('',#13345,7.);
#13345 = AXIS2_PLACEMENT_3D('',#13346,#13347,#13348);
#13346 = CARTESIAN_POINT('',(0.,0.,0.));
#13347 = DIRECTION('',(0.,0.,1.));
#13348 = DIRECTION('',(1.,0.,0.));
#13349 = DEFINITIONAL_REPRESENTATION('',(#13350),#13354);
#13350 = LINE('',#13351,#13352);
#13351 = CARTESIAN_POINT('',(6.28318530718,-0.));
#13352 = VECTOR('',#13353,1.);
#13353 = DIRECTION('',(0.,1.));
#13354 = ( GEOMETRIC_REPRESENTATION_CONTEXT(2) 
PARAMETRIC_REPRESENTATION_CONTEXT() REPRESENTATION_CONTEXT('2D SPACE',''
  ) );
#13355 = PCURVE('',#13344,#13356);
#13356 = DEFINITIONAL_REPRESENTATION('',(#13357),#13361);
#13357 = LINE('',#13358,#13359);
#13358 = CARTESIAN_POINT('',(0.,-0.));
#13359 = VECTOR('',#13360,1.);
#13360 = DIRECTION('',(0.,1.));
#13361 = ( GEOMETRIC_REPRESENTATION_CONTEXT(2) 
PARAMETRIC_REPRESENTATION_CONTEXT() REPRESENTATION_CONTEXT('2D SPACE',''
  ) );
#13362 = ORIENTED_EDGE('',*,*,#13363,.F.);
#13363 = EDGE_CURVE('',#13336,#13336,#13364,.T.);
#13364 = SURFACE_CURVE('',#13365,(#13370,#13377),.PCURVE_S1.);
#13365 = CIRCLE('',#13366,7.);
#13366 = AXIS2_PLACEMENT_3D('',#13367,#13368,#13369);
#13367 = CARTESIAN_POINT('',(0.,0.,6.));
#13368 = DIRECTION('',(0.,0.,1.));
#13369 = DIRECTION('',(1.,0.,-0.));
#13370 = PCURVE('',#13344,#13371);
#13371 = DEFINITIONAL_REPRESENTATION('',(#13372),#13376);
#13372 = LINE('',#13373,#13374);
#13373 = CARTESIAN_POINT('',(0.,6.));
#13374 = VECTOR('',#13375,1.);
#13375 = DIRECTION('',(1.,0.));
#13376 = ( GEOMETRIC_REPRESENTATION_CONTEXT(2) 
PARAMETRIC_REPRESENTATION_CONTEXT() REPRESENTATION_CONTEXT('2D SPACE',''
  ) );
#13377 = PCURVE('',#13378,#13383);
#13378 = CONICAL_SURFACE('',#13379,7.,0.785398163397);
#13379 = AXIS2_PLACEMENT_3D('',#13380,#13381,#13382);
#13380 = CARTESIAN_POINT('',(0.,0.,6.));
#13381 = DIRECTION('',(-0.,-0.,-1.));
#13382 = DIRECTION('',(1.,0.,0.));
#13383 = DEFINITIONAL_REPRESENTATION('',(#13384),#13388);
#13384 = LINE('',#13385,#13386);
#13385 = CARTESIAN_POINT('',(-0.,-0.));
#13386 = VECTOR('',#13387,1.);
#13387 = DIRECTION('',(-1.,-0.));
#13388 = ( GEOMETRIC_REPRESENTATION_CONTEXT(2) 
PARAMETRIC_REPRESENTATION_CONTEXT() REPRESENTATION_CONTEXT('2D SPACE',''
  ) );
#13389 = ORIENTED_EDGE('',*,*,#13333,.F.);
#13390 = ORIENTED_EDGE('',*,*,#13391,.T.);
#13391 = EDGE_CURVE('',#13334,#13334,#13392,.T.);
#13392 = SURFACE_CURVE('',#13393,(#13398,#13405),.PCURVE_S1.);
#13393 = CIRCLE('',#13394,7.);
#13394 = AXIS2_PLACEMENT_3D('',#13395,#13396,#13397);
#13395 = CARTESIAN_POINT('',(0.,0.,1.));
#13396 = DIRECTION('',(0.,0.,1.));
#13397 = DIRECTION('',(1.,0.,-0.));
#13398 = PCURVE('',#13344,#13399);
#13399 = DEFINITIONAL_REPRESENTATION('',(#13400),#13404);
#13400 = LINE('',#13401,#13402);
#13401 = CARTESIAN_POINT('',(0.,1.));
#13402 = VECTOR('',#13403,1.);
#13403 = DIRECTION('',(1.,0.));
#13404 = ( GEOMETRIC_REPRESENTATION_CONTEXT(2) 
PARAMETRIC_REPRESENTATION_CONTEXT() REPRESENTATION_CONTEXT('2D SPACE',''
  ) );
#13405 = PCURVE('',#13406,#13411);
#13406 = CONICAL_SURFACE('',#13407,7.,0.785398163397);
#13407 = AXIS2_PLACEMENT_3D('',#13408,#13409,#13410);
#13408 = CARTESIAN_POINT('',(0.,0.,1.));
#13409 = DIRECTION('',(0.,0.,1.));
#13410 = DIRECTION('',(1.,0.,-0.));
#13411 = DEFINITIONAL_REPRESENTATION('',(#13412),#13416);
#13412 = LINE('',#13413,#13414);
#13413 = CARTESIAN_POINT('',(0.,-0.));
#13414 = VECTOR('',#13415,1.);
#13415 = DIRECTION('',(1.,-0.));
#13416 = ( GEOMETRIC_REPRESENTATION_CONTEXT(2) 
PARAMETRIC_REPRESENTATION_CONTEXT() REPRESENTATION_CONTEXT('2D SPACE',''
  ) );
#13417 = ADVANCED_FACE('',(#13418),#13406,.T.);
#13418 = FACE_BOUND('',#13419,.F.);
#13419 = EDGE_LOOP('',(#13420,#13441,#13442,#13443));
#13420 = ORIENTED_EDGE('',*,*,#13421,.F.);
#13421 = EDGE_CURVE('',#13334,#13422,#13424,.T.);
#13422 = VERTEX_POINT('',#13423);
#13423 = CARTESIAN_POINT('',(6.,0.,0.));
#13424 = SEAM_CURVE('',#13425,(#13429,#13435),.PCURVE_S1.);
#13425 = LINE('',#13426,#13427);
#13426 = CARTESIAN_POINT('',(7.,0.,1.));
#13427 = VECTOR('',#13428,1.);
#13428 = DIRECTION('',(-0.707106781187,-0.,-0.707106781187));
#13429 = PCURVE('',#13406,#13430);
#13430 = DEFINITIONAL_REPRESENTATION('',(#13431),#13434);
#13431 = B_SPLINE_CURVE_WITH_KNOTS('',1,(#13432,#13433),.UNSPECIFIED.,
  .F.,.F.,(2,2),(0.,1.414213562373),.PIECEWISE_BEZIER_KNOTS.);
#13432 = CARTESIAN_POINT('',(0.,0.));
#13433 = CARTESIAN_POINT('',(0.,-1.));
#13434 = ( GEOMETRIC_REPRESENTATION_CONTEXT(2) 
PARAMETRIC_REPRESENTATION_CONTEXT() REPRESENTATION_CONTEXT('2D SPACE',''
  ) );
#13435 = PCURVE('',#13406,#13436);
#13436 = DEFINITIONAL_REPRESENTATION('',(#13437),#13440);
#13437 = B_SPLINE_CURVE_WITH_KNOTS('',1,(#13438,#13439),.UNSPECIFIED.,
  .F.,.F.,(2,2),(0.,1.414213562373),.PIECEWISE_BEZIER_KNOTS.);
#13438 = CARTESIAN_POINT('',(6.28318530718,0.));
#13439 = CARTESIAN_POINT('',(6.28318530718,-1.));
#13440 = ( GEOMETRIC_REPRESENTATION_CONTEXT(2) 
PARAMETRIC_REPRESENTATION_CONTEXT() REPRESENTATION_CONTEXT('2D SPACE',''
  ) );
#13441 = ORIENTED_EDGE('',*,*,#13391,.T.);
#13442 = ORIENTED_EDGE('',*,*,#13421,.T.);
#13443 = ORIENTED_EDGE('',*,*,#13444,.F.);
#13444 = EDGE_CURVE('',#13422,#13422,#13445,.T.);
#13445 = SURFACE_CURVE('',#13446,(#13451,#13458),.PCURVE_S1.);
#13446 = CIRCLE('',#13447,6.);
#13447 = AXIS2_PLACEMENT_3D('',#13448,#13449,#13450);
#13448 = CARTESIAN_POINT('',(0.,0.,0.));
#13449 = DIRECTION('',(0.,0.,1.));
#13450 = DIRECTION('',(1.,0.,-0.));
#13451 = PCURVE('',#13406,#13452);
#13452 = DEFINITIONAL_REPRESENTATION('',(#13453),#13457);
#13453 = LINE('',#13454,#13455);
#13454 = CARTESIAN_POINT('',(0.,-1.));
#13455 = VECTOR('',#13456,1.);
#13456 = DIRECTION('',(1.,-0.));
#13457 = ( GEOMETRIC_REPRESENTATION_CONTEXT(2) 
PARAMETRIC_REPRESENTATION_CONTEXT() REPRESENTATION_CONTEXT('2D SPACE',''
  ) );
#13458 = PCURVE('',#13459,#13464);
#13459 = PLANE('',#13460);
#13460 = AXIS2_PLACEMENT_3D('',#13461,#13462,#13463);
#13461 = CARTESIAN_POINT('',(0.,0.,0.));
#13462 = DIRECTION('',(0.,0.,1.));
#13463 = DIRECTION('',(1.,0.,0.));
#13464 = DEFINITIONAL_REPRESENTATION('',(#13465),#13469);
#13465 = CIRCLE('',#13466,6.);
#13466 = AXIS2_PLACEMENT_2D('',#13467,#13468);
#13467 = CARTESIAN_POINT('',(0.,0.));
#13468 = DIRECTION('',(1.,0.));
#13469 = ( GEOMETRIC_REPRESENTATION_CONTEXT(2) 
PARAMETRIC_REPRESENTATION_CONTEXT() REPRESENTATION_CONTEXT('2D SPACE',''
  ) );
#13470 = ADVANCED_FACE('',(#13471),#13378,.T.);
#13471 = FACE_BOUND('',#13472,.T.);
#13472 = EDGE_LOOP('',(#13473,#13494,#13495,#13496));
#13473 = ORIENTED_EDGE('',*,*,#13474,.F.);
#13474 = EDGE_CURVE('',#13336,#13475,#13477,.T.);
#13475 = VERTEX_POINT('',#13476);
#13476 = CARTESIAN_POINT('',(6.,0.,7.));
#13477 = SEAM_CURVE('',#13478,(#13482,#13488),.PCURVE_S1.);
#13478 = LINE('',#13479,#13480);
#13479 = CARTESIAN_POINT('',(7.,0.,6.));
#13480 = VECTOR('',#13481,1.);
#13481 = DIRECTION('',(-0.707106781187,0.,0.707106781187));
#13482 = PCURVE('',#13378,#13483);
#13483 = DEFINITIONAL_REPRESENTATION('',(#13484),#13487);
#13484 = B_SPLINE_CURVE_WITH_KNOTS('',1,(#13485,#13486),.UNSPECIFIED.,
  .F.,.F.,(2,2),(0.,1.414213562373),.PIECEWISE_BEZIER_KNOTS.);
#13485 = CARTESIAN_POINT('',(0.,0.));
#13486 = CARTESIAN_POINT('',(0.,-1.));
#13487 = ( GEOMETRIC_REPRESENTATION_CONTEXT(2) 
PARAMETRIC_REPRESENTATION_CONTEXT() REPRESENTATION_CONTEXT('2D SPACE',''
  ) );
#13488 = PCURVE('',#13378,#13489);
#13489 = DEFINITIONAL_REPRESENTATION('',(#13490),#13493);
#13490 = B_SPLINE_CURVE_WITH_KNOTS('',1,(#13491,#13492),.UNSPECIFIED.,
  .F.,.F.,(2,2),(0.,1.414213562373),.PIECEWISE_BEZIER_KNOTS.);
#13491 = CARTESIAN_POINT('',(-6.28318530718,0.));
#13492 = CARTESIAN_POINT('',(-6.28318530718,-1.));
#13493 = ( GEOMETRIC_REPRESENTATION_CONTEXT(2) 
PARAMETRIC_REPRESENTATION_CONTEXT() REPRESENTATION_CONTEXT('2D SPACE',''
  ) );
#13494 = ORIENTED_EDGE('',*,*,#13363,.T.);
#13495 = ORIENTED_EDGE('',*,*,#13474,.T.);
#13496 = ORIENTED_EDGE('',*,*,#13497,.F.);
#13497 = EDGE_CURVE('',#13475,#13475,#13498,.T.);
#13498 = SURFACE_CURVE('',#13499,(#13504,#13511),.PCURVE_S1.);
#13499 = CIRCLE('',#13500,6.);
#13500 = AXIS2_PLACEMENT_3D('',#13501,#13502,#13503);
#13501 = CARTESIAN_POINT('',(0.,0.,7.));
#13502 = DIRECTION('',(0.,0.,1.));
#13503 = DIRECTION('',(1.,0.,-0.));
#13504 = PCURVE('',#13378,#13505);
#13505 = DEFINITIONAL_REPRESENTATION('',(#13506),#13510);
#13506 = LINE('',#13507,#13508);
#13507 = CARTESIAN_POINT('',(-0.,-1.));
#13508 = VECTOR('',#13509,1.);
#13509 = DIRECTION('',(-1.,-0.));
#13510 = ( GEOMETRIC_REPRESENTATION_CONTEXT(2) 
PARAMETRIC_REPRESENTATION_CONTEXT() REPRESENTATION_CONTEXT('2D SPACE',''
  ) );
#13511 = PCURVE('',#13512,#13517);
#13512 = PLANE('',#13513);
#13513 = AXIS2_PLACEMENT_3D('',#13514,#13515,#13516);
#13514 = CARTESIAN_POINT('',(0.,0.,7.));
#13515 = DIRECTION('',(0.,0.,1.));
#13516 = DIRECTION('',(1.,0.,0.));
#13517 = DEFINITIONAL_REPRESENTATION('',(#13518),#13522);
#13518 = CIRCLE('',#13519,6.);
#13519 = AXIS2_PLACEMENT_2D('',#13520,#13521);
#13520 = CARTESIAN_POINT('',(0.,0.));
#13521 = DIRECTION('',(1.,0.));
#13522 = ( GEOMETRIC_REPRESENTATION_CONTEXT(2) 
PARAMETRIC_REPRESENTATION_CONTEXT() REPRESENTATION_CONTEXT('2D SPACE',''
  ) );
#13523 = ADVANCED_FACE('',(#13524),#13459,.F.);
#13524 = FACE_BOUND('',#13525,.F.);
#13525 = EDGE_LOOP('',(#13526));
#13526 = ORIENTED_EDGE('',*,*,#13444,.T.);
#13527 = ADVANCED_FACE('',(#13528),#13512,.T.);
#13528 = FACE_BOUND('',#13529,.T.);
#13529 = EDGE_LOOP('',(#13530));
#13530 = ORIENTED_EDGE('',*,*,#13497,.T.);
#13531 = ( GEOMETRIC_REPRESENTATION_CONTEXT(3) 
GLOBAL_UNCERTAINTY_ASSIGNED_CONTEXT((#13535)) 
GLOBAL_UNIT_ASSIGNED_CONTEXT((#13532,#13533,#13534)) 
REPRESENTATION_CONTEXT('Context #1',
  '3D Context with UNIT and UNCERTAINTY') );
#13532 = ( LENGTH_UNIT() NAMED_UNIT(*) SI_UNIT(.MILLI.,.METRE.) );
#13533 = ( NAMED_UNIT(*) PLANE_ANGLE_UNIT() SI_UNIT($,.RADIAN.) );
#13534 = ( NAMED_UNIT(*) SI_UNIT($,.STERADIAN.) SOLID_ANGLE_UNIT() );
#13535 = UNCERTAINTY_MEASURE_WITH_UNIT(LENGTH_MEASURE(1.E-07),#13532,
  'distance_accuracy_value','confusion accuracy');
#13536 = CONTEXT_DEPENDENT_SHAPE_REPRESENTATION(#13537,#13539);
#13537 = ( REPRESENTATION_RELATIONSHIP('','',#13326,#10) 
REPRESENTATION_RELATIONSHIP_WITH_TRANSFORMATION(#13538) 
SHAPE_REPRESENTATION_RELATIONSHIP() );
#13538 = ITEM_DEFINED_TRANSFORMATION('','',#11,#159);
#13539 = PRODUCT_DEFINITION_SHAPE('Placement','Placement of an item',
  #13540);
#13540 = NEXT_ASSEMBLY_USAGE_OCCURRENCE('37','seed_medium_16','',#5,
  #13321,$);
#13541 = PRODUCT_RELATED_PRODUCT_CATEGORY('part',$,(#13323));
#13542 = SHAPE_DEFINITION_REPRESENTATION(#13543,#13549);
#13543 = PRODUCT_DEFINITION_SHAPE('','',#13544);
#13544 = PRODUCT_DEFINITION('design','',#13545,#13548);
#13545 = PRODUCT_DEFINITION_FORMATION('','',#13546);
#13546 = PRODUCT('seed_large_05','seed_large_05','',(#13547));
#13547 = PRODUCT_CONTEXT('',#2,'mechanical');
#13548 = PRODUCT_DEFINITION_CONTEXT('part definition',#2,'design');
#13549 = ADVANCED_BREP_SHAPE_REPRESENTATION('',(#11,#13550),#13754);
#13550 = MANIFOLD_SOLID_BREP('',#13551);
#13551 = CLOSED_SHELL('',(#13552,#13640,#13693,#13746,#13750));
#13552 = ADVANCED_FACE('',(#13553),#13567,.T.);
#13553 = FACE_BOUND('',#13554,.T.);
#13554 = EDGE_LOOP('',(#13555,#13585,#13612,#13613));
#13555 = ORIENTED_EDGE('',*,*,#13556,.T.);
#13556 = EDGE_CURVE('',#13557,#13559,#13561,.T.);
#13557 = VERTEX_POINT('',#13558);
#13558 = CARTESIAN_POINT('',(9.,0.,1.));
#13559 = VERTEX_POINT('',#13560);
#13560 = CARTESIAN_POINT('',(9.,0.,6.));
#13561 = SEAM_CURVE('',#13562,(#13566,#13578),.PCURVE_S1.);
#13562 = LINE('',#13563,#13564);
#13563 = CARTESIAN_POINT('',(9.,-2.204364238465E-15,0.));
#13564 = VECTOR('',#13565,1.);
#13565 = DIRECTION('',(0.,0.,1.));
#13566 = PCURVE('',#13567,#13572);
#13567 = CYLINDRICAL_SURFACE('',#13568,9.);
#13568 = AXIS2_PLACEMENT_3D('',#13569,#13570,#13571);
#13569 = CARTESIAN_POINT('',(0.,0.,0.));
#13570 = DIRECTION('',(0.,0.,1.));
#13571 = DIRECTION('',(1.,0.,0.));
#13572 = DEFINITIONAL_REPRESENTATION('',(#13573),#13577);
#13573 = LINE('',#13574,#13575);
#13574 = CARTESIAN_POINT('',(6.28318530718,-0.));
#13575 = VECTOR('',#13576,1.);
#13576 = DIRECTION('',(0.,1.));
#13577 = ( GEOMETRIC_REPRESENTATION_CONTEXT(2) 
PARAMETRIC_REPRESENTATION_CONTEXT() REPRESENTATION_CONTEXT('2D SPACE',''
  ) );
#13578 = PCURVE('',#13567,#13579);
#13579 = DEFINITIONAL_REPRESENTATION('',(#13580),#13584);
#13580 = LINE('',#13581,#13582);
#13581 = CARTESIAN_POINT('',(0.,-0.));
#13582 = VECTOR('',#13583,1.);
#13583 = DIRECTION('',(0.,1.));
#13584 = ( GEOMETRIC_REPRESENTATION_CONTEXT(2) 
PARAMETRIC_REPRESENTATION_CONTEXT() REPRESENTATION_CONTEXT('2D SPACE',''
  ) );
#13585 = ORIENTED_EDGE('',*,*,#13586,.F.);
#13586 = EDGE_CURVE('',#13559,#13559,#13587,.T.);
#13587 = SURFACE_CURVE('',#13588,(#13593,#13600),.PCURVE_S1.);
#13588 = CIRCLE('',#13589,9.);
#13589 = AXIS2_PLACEMENT_3D('',#13590,#13591,#13592);
#13590 = CARTESIAN_POINT('',(0.,0.,6.));
#13591 = DIRECTION('',(0.,0.,1.));
#13592 = DIRECTION('',(1.,0.,-0.));
#13593 = PCURVE('',#13567,#13594);
#13594 = DEFINITIONAL_REPRESENTATION('',(#13595),#13599);
#13595 = LINE('',#13596,#13597);
#13596 = CARTESIAN_POINT('',(0.,6.));
#13597 = VECTOR('',#13598,1.);
#13598 = DIRECTION('',(1.,0.));
#13599 = ( GEOMETRIC_REPRESENTATION_CONTEXT(2) 
PARAMETRIC_REPRESENTATION_CONTEXT() REPRESENTATION_CONTEXT('2D SPACE',''
  ) );
#13600 = PCURVE('',#13601,#13606);
#13601 = CONICAL_SURFACE('',#13602,9.,0.785398163397);
#13602 = AXIS2_PLACEMENT_3D('',#13603,#13604,#13605);
#13603 = CARTESIAN_POINT('',(0.,0.,6.));
#13604 = DIRECTION('',(-0.,-0.,-1.));
#13605 = DIRECTION('',(1.,0.,0.));
#13606 = DEFINITIONAL_REPRESENTATION('',(#13607),#13611);
#13607 = LINE('',#13608,#13609);
#13608 = CARTESIAN_POINT('',(-0.,-0.));
#13609 = VECTOR('',#13610,1.);
#13610 = DIRECTION('',(-1.,-0.));
#13611 = ( GEOMETRIC_REPRESENTATION_CONTEXT(2) 
PARAMETRIC_REPRESENTATION_CONTEXT() REPRESENTATION_CONTEXT('2D SPACE',''
  ) );
#13612 = ORIENTED_EDGE('',*,*,#13556,.F.);
#13613 = ORIENTED_EDGE('',*,*,#13614,.T.);
#13614 = EDGE_CURVE('',#13557,#13557,#13615,.T.);
#13615 = SURFACE_CURVE('',#13616,(#13621,#13628),.PCURVE_S1.);
#13616 = CIRCLE('',#13617,9.);
#13617 = AXIS2_PLACEMENT_3D('',#13618,#13619,#13620);
#13618 = CARTESIAN_POINT('',(0.,0.,1.));
#13619 = DIRECTION('',(0.,0.,1.));
#13620 = DIRECTION('',(1.,0.,-0.));
#13621 = PCURVE('',#13567,#13622);
#13622 = DEFINITIONAL_REPRESENTATION('',(#13623),#13627);
#13623 = LINE('',#13624,#13625);
#13624 = CARTESIAN_POINT('',(0.,1.));
#13625 = VECTOR('',#13626,1.);
#13626 = DIRECTION('',(1.,0.));
#13627 = ( GEOMETRIC_REPRESENTATION_CONTEXT(2) 
PARAMETRIC_REPRESENTATION_CONTEXT() REPRESENTATION_CONTEXT('2D SPACE',''
  ) );
#13628 = PCURVE('',#13629,#13634);
#13629 = CONICAL_SURFACE('',#13630,9.,0.785398163397);
#13630 = AXIS2_PLACEMENT_3D('',#13631,#13632,#13633);
#13631 = CARTESIAN_POINT('',(0.,0.,1.));
#13632 = DIRECTION('',(0.,0.,1.));
#13633 = DIRECTION('',(1.,0.,-0.));
#13634 = DEFINITIONAL_REPRESENTATION('',(#13635),#13639);
#13635 = LINE('',#13636,#13637);
#13636 = CARTESIAN_POINT('',(0.,-0.));
#13637 = VECTOR('',#13638,1.);
#13638 = DIRECTION('',(1.,-0.));
#13639 = ( GEOMETRIC_REPRESENTATION_CONTEXT(2) 
PARAMETRIC_REPRESENTATION_CONTEXT() REPRESENTATION_CONTEXT('2D SPACE',''
  ) );
#13640 = ADVANCED_FACE('',(#13641),#13629,.T.);
#13641 = FACE_BOUND('',#13642,.F.);
#13642 = EDGE_LOOP('',(#13643,#13664,#13665,#13666));
#13643 = ORIENTED_EDGE('',*,*,#13644,.F.);
#13644 = EDGE_CURVE('',#13557,#13645,#13647,.T.);
#13645 = VERTEX_POINT('',#13646);
#13646 = CARTESIAN_POINT('',(8.,0.,0.));
#13647 = SEAM_CURVE('',#13648,(#13652,#13658),.PCURVE_S1.);
#13648 = LINE('',#13649,#13650);
#13649 = CARTESIAN_POINT('',(9.,0.,1.));
#13650 = VECTOR('',#13651,1.);
#13651 = DIRECTION('',(-0.707106781187,-0.,-0.707106781187));
#13652 = PCURVE('',#13629,#13653);
#13653 = DEFINITIONAL_REPRESENTATION('',(#13654),#13657);
#13654 = B_SPLINE_CURVE_WITH_KNOTS('',1,(#13655,#13656),.UNSPECIFIED.,
  .F.,.F.,(2,2),(0.,1.414213562373),.PIECEWISE_BEZIER_KNOTS.);
#13655 = CARTESIAN_POINT('',(0.,0.));
#13656 = CARTESIAN_POINT('',(0.,-1.));
#13657 = ( GEOMETRIC_REPRESENTATION_CONTEXT(2) 
PARAMETRIC_REPRESENTATION_CONTEXT() REPRESENTATION_CONTEXT('2D SPACE',''
  ) );
#13658 = PCURVE('',#13629,#13659);
#13659 = DEFINITIONAL_REPRESENTATION('',(#13660),#13663);
#13660 = B_SPLINE_CURVE_WITH_KNOTS('',1,(#13661,#13662),.UNSPECIFIED.,
  .F.,.F.,(2,2),(0.,1.414213562373),.PIECEWISE_BEZIER_KNOTS.);
#13661 = CARTESIAN_POINT('',(6.28318530718,0.));
#13662 = CARTESIAN_POINT('',(6.28318530718,-1.));
#13663 = ( GEOMETRIC_REPRESENTATION_CONTEXT(2) 
PARAMETRIC_REPRESENTATION_CONTEXT() REPRESENTATION_CONTEXT('2D SPACE',''
  ) );
#13664 = ORIENTED_EDGE('',*,*,#13614,.T.);
#13665 = ORIENTED_EDGE('',*,*,#13644,.T.);
#13666 = ORIENTED_EDGE('',*,*,#13667,.F.);
#13667 = EDGE_CURVE('',#13645,#13645,#13668,.T.);
#13668 = SURFACE_CURVE('',#13669,(#13674,#13681),.PCURVE_S1.);
#13669 = CIRCLE('',#13670,8.);
#13670 = AXIS2_PLACEMENT_3D('',#13671,#13672,#13673);
#13671 = CARTESIAN_POINT('',(0.,0.,0.));
#13672 = DIRECTION('',(0.,0.,1.));
#13673 = DIRECTION('',(1.,0.,-0.));
#13674 = PCURVE('',#13629,#13675);
#13675 = DEFINITIONAL_REPRESENTATION('',(#13676),#13680);
#13676 = LINE('',#13677,#13678);
#13677 = CARTESIAN_POINT('',(0.,-1.));
#13678 = VECTOR('',#13679,1.);
#13679 = DIRECTION('',(1.,-0.));
#13680 = ( GEOMETRIC_REPRESENTATION_CONTEXT(2) 
PARAMETRIC_REPRESENTATION_CONTEXT() REPRESENTATION_CONTEXT('2D SPACE',''
  ) );
#13681 = PCURVE('',#13682,#13687);
#13682 = PLANE('',#13683);
#13683 = AXIS2_PLACEMENT_3D('',#13684,#13685,#13686);
#13684 = CARTESIAN_POINT('',(0.,0.,0.));
#13685 = DIRECTION('',(0.,0.,1.));
#13686 = DIRECTION('',(1.,0.,0.));
#13687 = DEFINITIONAL_REPRESENTATION('',(#13688),#13692);
#13688 = CIRCLE('',#13689,8.);
#13689 = AXIS2_PLACEMENT_2D('',#13690,#13691);
#13690 = CARTESIAN_POINT('',(0.,0.));
#13691 = DIRECTION('',(1.,0.));
#13692 = ( GEOMETRIC_REPRESENTATION_CONTEXT(2) 
PARAMETRIC_REPRESENTATION_CONTEXT() REPRESENTATION_CONTEXT('2D SPACE',''
  ) );
#13693 = ADVANCED_FACE('',(#13694),#13601,.T.);
#13694 = FACE_BOUND('',#13695,.T.);
#13695 = EDGE_LOOP('',(#13696,#13717,#13718,#13719));
#13696 = ORIENTED_EDGE('',*,*,#13697,.F.);
#13697 = EDGE_CURVE('',#13559,#13698,#13700,.T.);
#13698 = VERTEX_POINT('',#13699);
#13699 = CARTESIAN_POINT('',(8.,0.,7.));
#13700 = SEAM_CURVE('',#13701,(#13705,#13711),.PCURVE_S1.);
#13701 = LINE('',#13702,#13703);
#13702 = CARTESIAN_POINT('',(9.,0.,6.));
#13703 = VECTOR('',#13704,1.);
#13704 = DIRECTION('',(-0.707106781187,0.,0.707106781187));
#13705 = PCURVE('',#13601,#13706);
#13706 = DEFINITIONAL_REPRESENTATION('',(#13707),#13710);
#13707 = B_SPLINE_CURVE_WITH_KNOTS('',1,(#13708,#13709),.UNSPECIFIED.,
  .F.,.F.,(2,2),(0.,1.414213562373),.PIECEWISE_BEZIER_KNOTS.);
#13708 = CARTESIAN_POINT('',(0.,0.));
#13709 = CARTESIAN_POINT('',(0.,-1.));
#13710 = ( GEOMETRIC_REPRESENTATION_CONTEXT(2) 
PARAMETRIC_REPRESENTATION_CONTEXT() REPRESENTATION_CONTEXT('2D SPACE',''
  ) );
#13711 = PCURVE('',#13601,#13712);
#13712 = DEFINITIONAL_REPRESENTATION('',(#13713),#13716);
#13713 = B_SPLINE_CURVE_WITH_KNOTS('',1,(#13714,#13715),.UNSPECIFIED.,
  .F.,.F.,(2,2),(0.,1.414213562373),.PIECEWISE_BEZIER_KNOTS.);
#13714 = CARTESIAN_POINT('',(-6.28318530718,0.));
#13715 = CARTESIAN_POINT('',(-6.28318530718,-1.));
#13716 = ( GEOMETRIC_REPRESENTATION_CONTEXT(2) 
PARAMETRIC_REPRESENTATION_CONTEXT() REPRESENTATION_CONTEXT('2D SPACE',''
  ) );
#13717 = ORIENTED_EDGE('',*,*,#13586,.T.);
#13718 = ORIENTED_EDGE('',*,*,#13697,.T.);
#13719 = ORIENTED_EDGE('',*,*,#13720,.F.);
#13720 = EDGE_CURVE('',#13698,#13698,#13721,.T.);
#13721 = SURFACE_CURVE('',#13722,(#13727,#13734),.PCURVE_S1.);
#13722 = CIRCLE('',#13723,8.);
#13723 = AXIS2_PLACEMENT_3D('',#13724,#13725,#13726);
#13724 = CARTESIAN_POINT('',(0.,0.,7.));
#13725 = DIRECTION('',(0.,0.,1.));
#13726 = DIRECTION('',(1.,0.,-0.));
#13727 = PCURVE('',#13601,#13728);
#13728 = DEFINITIONAL_REPRESENTATION('',(#13729),#13733);
#13729 = LINE('',#13730,#13731);
#13730 = CARTESIAN_POINT('',(-0.,-1.));
#13731 = VECTOR('',#13732,1.);
#13732 = DIRECTION('',(-1.,-0.));
#13733 = ( GEOMETRIC_REPRESENTATION_CONTEXT(2) 
PARAMETRIC_REPRESENTATION_CONTEXT() REPRESENTATION_CONTEXT('2D SPACE',''
  ) );
#13734 = PCURVE('',#13735,#13740);
#13735 = PLANE('',#13736);
#13736 = AXIS2_PLACEMENT_3D('',#13737,#13738,#13739);
#13737 = CARTESIAN_POINT('',(0.,0.,7.));
#13738 = DIRECTION('',(0.,0.,1.));
#13739 = DIRECTION('',(1.,0.,0.));
#13740 = DEFINITIONAL_REPRESENTATION('',(#13741),#13745);
#13741 = CIRCLE('',#13742,8.);
#13742 = AXIS2_PLACEMENT_2D('',#13743,#13744);
#13743 = CARTESIAN_POINT('',(0.,0.));
#13744 = DIRECTION('',(1.,0.));
#13745 = ( GEOMETRIC_REPRESENTATION_CONTEXT(2) 
PARAMETRIC_REPRESENTATION_CONTEXT() REPRESENTATION_CONTEXT('2D SPACE',''
  ) );
#13746 = ADVANCED_FACE('',(#13747),#13682,.F.);
#13747 = FACE_BOUND('',#13748,.F.);
#13748 = EDGE_LOOP('',(#13749));
#13749 = ORIENTED_EDGE('',*,*,#13667,.T.);
#13750 = ADVANCED_FACE('',(#13751),#13735,.T.);
#13751 = FACE_BOUND('',#13752,.T.);
#13752 = EDGE_LOOP('',(#13753));
#13753 = ORIENTED_EDGE('',*,*,#13720,.T.);
#13754 = ( GEOMETRIC_REPRESENTATION_CONTEXT(3) 
GLOBAL_UNCERTAINTY_ASSIGNED_CONTEXT((#13758)) 
GLOBAL_UNIT_ASSIGNED_CONTEXT((#13755,#13756,#13757)) 
REPRESENTATION_CONTEXT('Context #1',
  '3D Context with UNIT and UNCERTAINTY') );
#13755 = ( LENGTH_UNIT() NAMED_UNIT(*) SI_UNIT(.MILLI.,.METRE.) );
#13756 = ( NAMED_UNIT(*) PLANE_ANGLE_UNIT() SI_UNIT($,.RADIAN.) );
#13757 = ( NAMED_UNIT(*) SI_UNIT($,.STERADIAN.) SOLID_ANGLE_UNIT() );
#13758 = UNCERTAINTY_MEASURE_WITH_UNIT(LENGTH_MEASURE(1.E-07),#13755,
  'distance_accuracy_value','confusion accuracy');
#13759 = CONTEXT_DEPENDENT_SHAPE_REPRESENTATION(#13760,#13762);
#13760 = ( REPRESENTATION_RELATIONSHIP('','',#13549,#10) 
REPRESENTATION_RELATIONSHIP_WITH_TRANSFORMATION(#13761) 
SHAPE_REPRESENTATION_RELATIONSHIP() );
#13761 = ITEM_DEFINED_TRANSFORMATION('','',#11,#163);
#13762 = PRODUCT_DEFINITION_SHAPE('Placement','Placement of an item',
  #13763);
#13763 = NEXT_ASSEMBLY_USAGE_OCCURRENCE('38','seed_large_05','',#5,
  #13544,$);
#13764 = PRODUCT_RELATED_PRODUCT_CATEGORY('part',$,(#13546));
#13765 = SHAPE_DEFINITION_REPRESENTATION(#13766,#13772);
#13766 = PRODUCT_DEFINITION_SHAPE('','',#13767);
#13767 = PRODUCT_DEFINITION('design','',#13768,#13771);
#13768 = PRODUCT_DEFINITION_FORMATION('','',#13769);
#13769 = PRODUCT('seed_large_06','seed_large_06','',(#13770));
#13770 = PRODUCT_CONTEXT('',#2,'mechanical');
#13771 = PRODUCT_DEFINITION_CONTEXT('part definition',#2,'design');
#13772 = ADVANCED_BREP_SHAPE_REPRESENTATION('',(#11,#13773),#13977);
#13773 = MANIFOLD_SOLID_BREP('',#13774);
#13774 = CLOSED_SHELL('',(#13775,#13863,#13916,#13969,#13973));
#13775 = ADVANCED_FACE('',(#13776),#13790,.T.);
#13776 = FACE_BOUND('',#13777,.T.);
#13777 = EDGE_LOOP('',(#13778,#13808,#13835,#13836));
#13778 = ORIENTED_EDGE('',*,*,#13779,.T.);
#13779 = EDGE_CURVE('',#13780,#13782,#13784,.T.);
#13780 = VERTEX_POINT('',#13781);
#13781 = CARTESIAN_POINT('',(9.,0.,1.));
#13782 = VERTEX_POINT('',#13783);
#13783 = CARTESIAN_POINT('',(9.,0.,6.));
#13784 = SEAM_CURVE('',#13785,(#13789,#13801),.PCURVE_S1.);
#13785 = LINE('',#13786,#13787);
#13786 = CARTESIAN_POINT('',(9.,-2.204364238465E-15,0.));
#13787 = VECTOR('',#13788,1.);
#13788 = DIRECTION('',(0.,0.,1.));
#13789 = PCURVE('',#13790,#13795);
#13790 = CYLINDRICAL_SURFACE('',#13791,9.);
#13791 = AXIS2_PLACEMENT_3D('',#13792,#13793,#13794);
#13792 = CARTESIAN_POINT('',(0.,0.,0.));
#13793 = DIRECTION('',(0.,0.,1.));
#13794 = DIRECTION('',(1.,0.,0.));
#13795 = DEFINITIONAL_REPRESENTATION('',(#13796),#13800);
#13796 = LINE('',#13797,#13798);
#13797 = CARTESIAN_POINT('',(6.28318530718,-0.));
#13798 = VECTOR('',#13799,1.);
#13799 = DIRECTION('',(0.,1.));
#13800 = ( GEOMETRIC_REPRESENTATION_CONTEXT(2) 
PARAMETRIC_REPRESENTATION_CONTEXT() REPRESENTATION_CONTEXT('2D SPACE',''
  ) );
#13801 = PCURVE('',#13790,#13802);
#13802 = DEFINITIONAL_REPRESENTATION('',(#13803),#13807);
#13803 = LINE('',#13804,#13805);
#13804 = CARTESIAN_POINT('',(0.,-0.));
#13805 = VECTOR('',#13806,1.);
#13806 = DIRECTION('',(0.,1.));
#13807 = ( GEOMETRIC_REPRESENTATION_CONTEXT(2) 
PARAMETRIC_REPRESENTATION_CONTEXT() REPRESENTATION_CONTEXT('2D SPACE',''
  ) );
#13808 = ORIENTED_EDGE('',*,*,#13809,.F.);
#13809 = EDGE_CURVE('',#13782,#13782,#13810,.T.);
#13810 = SURFACE_CURVE('',#13811,(#13816,#13823),.PCURVE_S1.);
#13811 = CIRCLE('',#13812,9.);
#13812 = AXIS2_PLACEMENT_3D('',#13813,#13814,#13815);
#13813 = CARTESIAN_POINT('',(0.,0.,6.));
#13814 = DIRECTION('',(0.,0.,1.));
#13815 = DIRECTION('',(1.,0.,-0.));
#13816 = PCURVE('',#13790,#13817);
#13817 = DEFINITIONAL_REPRESENTATION('',(#13818),#13822);
#13818 = LINE('',#13819,#13820);
#13819 = CARTESIAN_POINT('',(0.,6.));
#13820 = VECTOR('',#13821,1.);
#13821 = DIRECTION('',(1.,0.));
#13822 = ( GEOMETRIC_REPRESENTATION_CONTEXT(2) 
PARAMETRIC_REPRESENTATION_CONTEXT() REPRESENTATION_CONTEXT('2D SPACE',''
  ) );
#13823 = PCURVE('',#13824,#13829);
#13824 = CONICAL_SURFACE('',#13825,9.,0.785398163397);
#13825 = AXIS2_PLACEMENT_3D('',#13826,#13827,#13828);
#13826 = CARTESIAN_POINT('',(0.,0.,6.));
#13827 = DIRECTION('',(-0.,-0.,-1.));
#13828 = DIRECTION('',(1.,0.,0.));
#13829 = DEFINITIONAL_REPRESENTATION('',(#13830),#13834);
#13830 = LINE('',#13831,#13832);
#13831 = CARTESIAN_POINT('',(-0.,-0.));
#13832 = VECTOR('',#13833,1.);
#13833 = DIRECTION('',(-1.,-0.));
#13834 = ( GEOMETRIC_REPRESENTATION_CONTEXT(2) 
PARAMETRIC_REPRESENTATION_CONTEXT() REPRESENTATION_CONTEXT('2D SPACE',''
  ) );
#13835 = ORIENTED_EDGE('',*,*,#13779,.F.);
#13836 = ORIENTED_EDGE('',*,*,#13837,.T.);
#13837 = EDGE_CURVE('',#13780,#13780,#13838,.T.);
#13838 = SURFACE_CURVE('',#13839,(#13844,#13851),.PCURVE_S1.);
#13839 = CIRCLE('',#13840,9.);
#13840 = AXIS2_PLACEMENT_3D('',#13841,#13842,#13843);
#13841 = CARTESIAN_POINT('',(0.,0.,1.));
#13842 = DIRECTION('',(0.,0.,1.));
#13843 = DIRECTION('',(1.,0.,-0.));
#13844 = PCURVE('',#13790,#13845);
#13845 = DEFINITIONAL_REPRESENTATION('',(#13846),#13850);
#13846 = LINE('',#13847,#13848);
#13847 = CARTESIAN_POINT('',(0.,1.));
#13848 = VECTOR('',#13849,1.);
#13849 = DIRECTION('',(1.,0.));
#13850 = ( GEOMETRIC_REPRESENTATION_CONTEXT(2) 
PARAMETRIC_REPRESENTATION_CONTEXT() REPRESENTATION_CONTEXT('2D SPACE',''
  ) );
#13851 = PCURVE('',#13852,#13857);
#13852 = CONICAL_SURFACE('',#13853,9.,0.785398163397);
#13853 = AXIS2_PLACEMENT_3D('',#13854,#13855,#13856);
#13854 = CARTESIAN_POINT('',(0.,0.,1.));
#13855 = DIRECTION('',(0.,0.,1.));
#13856 = DIRECTION('',(1.,0.,-0.));
#13857 = DEFINITIONAL_REPRESENTATION('',(#13858),#13862);
#13858 = LINE('',#13859,#13860);
#13859 = CARTESIAN_POINT('',(0.,-0.));
#13860 = VECTOR('',#13861,1.);
#13861 = DIRECTION('',(1.,-0.));
#13862 = ( GEOMETRIC_REPRESENTATION_CONTEXT(2) 
PARAMETRIC_REPRESENTATION_CONTEXT() REPRESENTATION_CONTEXT('2D SPACE',''
  ) );
#13863 = ADVANCED_FACE('',(#13864),#13852,.T.);
#13864 = FACE_BOUND('',#13865,.F.);
#13865 = EDGE_LOOP('',(#13866,#13887,#13888,#13889));
#13866 = ORIENTED_EDGE('',*,*,#13867,.F.);
#13867 = EDGE_CURVE('',#13780,#13868,#13870,.T.);
#13868 = VERTEX_POINT('',#13869);
#13869 = CARTESIAN_POINT('',(8.,0.,0.));
#13870 = SEAM_CURVE('',#13871,(#13875,#13881),.PCURVE_S1.);
#13871 = LINE('',#13872,#13873);
#13872 = CARTESIAN_POINT('',(9.,0.,1.));
#13873 = VECTOR('',#13874,1.);
#13874 = DIRECTION('',(-0.707106781187,-0.,-0.707106781187));
#13875 = PCURVE('',#13852,#13876);
#13876 = DEFINITIONAL_REPRESENTATION('',(#13877),#13880);
#13877 = B_SPLINE_CURVE_WITH_KNOTS('',1,(#13878,#13879),.UNSPECIFIED.,
  .F.,.F.,(2,2),(0.,1.414213562373),.PIECEWISE_BEZIER_KNOTS.);
#13878 = CARTESIAN_POINT('',(0.,0.));
#13879 = CARTESIAN_POINT('',(0.,-1.));
#13880 = ( GEOMETRIC_REPRESENTATION_CONTEXT(2) 
PARAMETRIC_REPRESENTATION_CONTEXT() REPRESENTATION_CONTEXT('2D SPACE',''
  ) );
#13881 = PCURVE('',#13852,#13882);
#13882 = DEFINITIONAL_REPRESENTATION('',(#13883),#13886);
#13883 = B_SPLINE_CURVE_WITH_KNOTS('',1,(#13884,#13885),.UNSPECIFIED.,
  .F.,.F.,(2,2),(0.,1.414213562373),.PIECEWISE_BEZIER_KNOTS.);
#13884 = CARTESIAN_POINT('',(6.28318530718,0.));
#13885 = CARTESIAN_POINT('',(6.28318530718,-1.));
#13886 = ( GEOMETRIC_REPRESENTATION_CONTEXT(2) 
PARAMETRIC_REPRESENTATION_CONTEXT() REPRESENTATION_CONTEXT('2D SPACE',''
  ) );
#13887 = ORIENTED_EDGE('',*,*,#13837,.T.);
#13888 = ORIENTED_EDGE('',*,*,#13867,.T.);
#13889 = ORIENTED_EDGE('',*,*,#13890,.F.);
#13890 = EDGE_CURVE('',#13868,#13868,#13891,.T.);
#13891 = SURFACE_CURVE('',#13892,(#13897,#13904),.PCURVE_S1.);
#13892 = CIRCLE('',#13893,8.);
#13893 = AXIS2_PLACEMENT_3D('',#13894,#13895,#13896);
#13894 = CARTESIAN_POINT('',(0.,0.,0.));
#13895 = DIRECTION('',(0.,0.,1.));
#13896 = DIRECTION('',(1.,0.,-0.));
#13897 = PCURVE('',#13852,#13898);
#13898 = DEFINITIONAL_REPRESENTATION('',(#13899),#13903);
#13899 = LINE('',#13900,#13901);
#13900 = CARTESIAN_POINT('',(0.,-1.));
#13901 = VECTOR('',#13902,1.);
#13902 = DIRECTION('',(1.,-0.));
#13903 = ( GEOMETRIC_REPRESENTATION_CONTEXT(2) 
PARAMETRIC_REPRESENTATION_CONTEXT() REPRESENTATION_CONTEXT('2D SPACE',''
  ) );
#13904 = PCURVE('',#13905,#13910);
#13905 = PLANE('',#13906);
#13906 = AXIS2_PLACEMENT_3D('',#13907,#13908,#13909);
#13907 = CARTESIAN_POINT('',(0.,0.,0.));
#13908 = DIRECTION('',(0.,0.,1.));
#13909 = DIRECTION('',(1.,0.,0.));
#13910 = DEFINITIONAL_REPRESENTATION('',(#13911),#13915);
#13911 = CIRCLE('',#13912,8.);
#13912 = AXIS2_PLACEMENT_2D('',#13913,#13914);
#13913 = CARTESIAN_POINT('',(0.,0.));
#13914 = DIRECTION('',(1.,0.));
#13915 = ( GEOMETRIC_REPRESENTATION_CONTEXT(2) 
PARAMETRIC_REPRESENTATION_CONTEXT() REPRESENTATION_CONTEXT('2D SPACE',''
  ) );
#13916 = ADVANCED_FACE('',(#13917),#13824,.T.);
#13917 = FACE_BOUND('',#13918,.T.);
#13918 = EDGE_LOOP('',(#13919,#13940,#13941,#13942));
#13919 = ORIENTED_EDGE('',*,*,#13920,.F.);
#13920 = EDGE_CURVE('',#13782,#13921,#13923,.T.);
#13921 = VERTEX_POINT('',#13922);
#13922 = CARTESIAN_POINT('',(8.,0.,7.));
#13923 = SEAM_CURVE('',#13924,(#13928,#13934),.PCURVE_S1.);
#13924 = LINE('',#13925,#13926);
#13925 = CARTESIAN_POINT('',(9.,0.,6.));
#13926 = VECTOR('',#13927,1.);
#13927 = DIRECTION('',(-0.707106781187,0.,0.707106781187));
#13928 = PCURVE('',#13824,#13929);
#13929 = DEFINITIONAL_REPRESENTATION('',(#13930),#13933);
#13930 = B_SPLINE_CURVE_WITH_KNOTS('',1,(#13931,#13932),.UNSPECIFIED.,
  .F.,.F.,(2,2),(0.,1.414213562373),.PIECEWISE_BEZIER_KNOTS.);
#13931 = CARTESIAN_POINT('',(0.,0.));
#13932 = CARTESIAN_POINT('',(0.,-1.));
#13933 = ( GEOMETRIC_REPRESENTATION_CONTEXT(2) 
PARAMETRIC_REPRESENTATION_CONTEXT() REPRESENTATION_CONTEXT('2D SPACE',''
  ) );
#13934 = PCURVE('',#13824,#13935);
#13935 = DEFINITIONAL_REPRESENTATION('',(#13936),#13939);
#13936 = B_SPLINE_CURVE_WITH_KNOTS('',1,(#13937,#13938),.UNSPECIFIED.,
  .F.,.F.,(2,2),(0.,1.414213562373),.PIECEWISE_BEZIER_KNOTS.);
#13937 = CARTESIAN_POINT('',(-6.28318530718,0.));
#13938 = CARTESIAN_POINT('',(-6.28318530718,-1.));
#13939 = ( GEOMETRIC_REPRESENTATION_CONTEXT(2) 
PARAMETRIC_REPRESENTATION_CONTEXT() REPRESENTATION_CONTEXT('2D SPACE',''
  ) );
#13940 = ORIENTED_EDGE('',*,*,#13809,.T.);
#13941 = ORIENTED_EDGE('',*,*,#13920,.T.);
#13942 = ORIENTED_EDGE('',*,*,#13943,.F.);
#13943 = EDGE_CURVE('',#13921,#13921,#13944,.T.);
#13944 = SURFACE_CURVE('',#13945,(#13950,#13957),.PCURVE_S1.);
#13945 = CIRCLE('',#13946,8.);
#13946 = AXIS2_PLACEMENT_3D('',#13947,#13948,#13949);
#13947 = CARTESIAN_POINT('',(0.,0.,7.));
#13948 = DIRECTION('',(0.,0.,1.));
#13949 = DIRECTION('',(1.,0.,-0.));
#13950 = PCURVE('',#13824,#13951);
#13951 = DEFINITIONAL_REPRESENTATION('',(#13952),#13956);
#13952 = LINE('',#13953,#13954);
#13953 = CARTESIAN_POINT('',(-0.,-1.));
#13954 = VECTOR('',#13955,1.);
#13955 = DIRECTION('',(-1.,-0.));
#13956 = ( GEOMETRIC_REPRESENTATION_CONTEXT(2) 
PARAMETRIC_REPRESENTATION_CONTEXT() REPRESENTATION_CONTEXT('2D SPACE',''
  ) );
#13957 = PCURVE('',#13958,#13963);
#13958 = PLANE('',#13959);
#13959 = AXIS2_PLACEMENT_3D('',#13960,#13961,#13962);
#13960 = CARTESIAN_POINT('',(0.,0.,7.));
#13961 = DIRECTION('',(0.,0.,1.));
#13962 = DIRECTION('',(1.,0.,0.));
#13963 = DEFINITIONAL_REPRESENTATION('',(#13964),#13968);
#13964 = CIRCLE('',#13965,8.);
#13965 = AXIS2_PLACEMENT_2D('',#13966,#13967);
#13966 = CARTESIAN_POINT('',(0.,0.));
#13967 = DIRECTION('',(1.,0.));
#13968 = ( GEOMETRIC_REPRESENTATION_CONTEXT(2) 
PARAMETRIC_REPRESENTATION_CONTEXT() REPRESENTATION_CONTEXT('2D SPACE',''
  ) );
#13969 = ADVANCED_FACE('',(#13970),#13905,.F.);
#13970 = FACE_BOUND('',#13971,.F.);
#13971 = EDGE_LOOP('',(#13972));
#13972 = ORIENTED_EDGE('',*,*,#13890,.T.);
#13973 = ADVANCED_FACE('',(#13974),#13958,.T.);
#13974 = FACE_BOUND('',#13975,.T.);
#13975 = EDGE_LOOP('',(#13976));
#13976 = ORIENTED_EDGE('',*,*,#13943,.T.);
#13977 = ( GEOMETRIC_REPRESENTATION_CONTEXT(3) 
GLOBAL_UNCERTAINTY_ASSIGNED_CONTEXT((#13981)) 
GLOBAL_UNIT_ASSIGNED_CONTEXT((#13978,#13979,#13980)) 
REPRESENTATION_CONTEXT('Context #1',
  '3D Context with UNIT and UNCERTAINTY') );
#13978 = ( LENGTH_UNIT() NAMED_UNIT(*) SI_UNIT(.MILLI.,.METRE.) );
#13979 = ( NAMED_UNIT(*) PLANE_ANGLE_UNIT() SI_UNIT($,.RADIAN.) );
#13980 = ( NAMED_UNIT(*) SI_UNIT($,.STERADIAN.) SOLID_ANGLE_UNIT() );
#13981 = UNCERTAINTY_MEASURE_WITH_UNIT(LENGTH_MEASURE(1.E-07),#13978,
  'distance_accuracy_value','confusion accuracy');
#13982 = CONTEXT_DEPENDENT_SHAPE_REPRESENTATION(#13983,#13985);
#13983 = ( REPRESENTATION_RELATIONSHIP('','',#13772,#10) 
REPRESENTATION_RELATIONSHIP_WITH_TRANSFORMATION(#13984) 
SHAPE_REPRESENTATION_RELATIONSHIP() );
#13984 = ITEM_DEFINED_TRANSFORMATION('','',#11,#167);
#13985 = PRODUCT_DEFINITION_SHAPE('Placement','Placement of an item',
  #13986);
#13986 = NEXT_ASSEMBLY_USAGE_OCCURRENCE('39','seed_large_06','',#5,
  #13767,$);
#13987 = PRODUCT_RELATED_PRODUCT_CATEGORY('part',$,(#13769));
#13988 = SHAPE_DEFINITION_REPRESENTATION(#13989,#13995);
#13989 = PRODUCT_DEFINITION_SHAPE('','',#13990);
#13990 = PRODUCT_DEFINITION('design','',#13991,#13994);
#13991 = PRODUCT_DEFINITION_FORMATION('','',#13992);
#13992 = PRODUCT('seed_large_07','seed_large_07','',(#13993));
#13993 = PRODUCT_CONTEXT('',#2,'mechanical');
#13994 = PRODUCT_DEFINITION_CONTEXT('part definition',#2,'design');
#13995 = ADVANCED_BREP_SHAPE_REPRESENTATION('',(#11,#13996),#14200);
#13996 = MANIFOLD_SOLID_BREP('',#13997);
#13997 = CLOSED_SHELL('',(#13998,#14086,#14139,#14192,#14196));
#13998 = ADVANCED_FACE('',(#13999),#14013,.T.);
#13999 = FACE_BOUND('',#14000,.T.);
#14000 = EDGE_LOOP('',(#14001,#14031,#14058,#14059));
#14001 = ORIENTED_EDGE('',*,*,#14002,.T.);
#14002 = EDGE_CURVE('',#14003,#14005,#14007,.T.);
#14003 = VERTEX_POINT('',#14004);
#14004 = CARTESIAN_POINT('',(9.,0.,1.));
#14005 = VERTEX_POINT('',#14006);
#14006 = CARTESIAN_POINT('',(9.,0.,6.));
#14007 = SEAM_CURVE('',#14008,(#14012,#14024),.PCURVE_S1.);
#14008 = LINE('',#14009,#14010);
#14009 = CARTESIAN_POINT('',(9.,-2.204364238465E-15,0.));
#14010 = VECTOR('',#14011,1.);
#14011 = DIRECTION('',(0.,0.,1.));
#14012 = PCURVE('',#14013,#14018);
#14013 = CYLINDRICAL_SURFACE('',#14014,9.);
#14014 = AXIS2_PLACEMENT_3D('',#14015,#14016,#14017);
#14015 = CARTESIAN_POINT('',(0.,0.,0.));
#14016 = DIRECTION('',(0.,0.,1.));
#14017 = DIRECTION('',(1.,0.,0.));
#14018 = DEFINITIONAL_REPRESENTATION('',(#14019),#14023);
#14019 = LINE('',#14020,#14021);
#14020 = CARTESIAN_POINT('',(6.28318530718,-0.));
#14021 = VECTOR('',#14022,1.);
#14022 = DIRECTION('',(0.,1.));
#14023 = ( GEOMETRIC_REPRESENTATION_CONTEXT(2) 
PARAMETRIC_REPRESENTATION_CONTEXT() REPRESENTATION_CONTEXT('2D SPACE',''
  ) );
#14024 = PCURVE('',#14013,#14025);
#14025 = DEFINITIONAL_REPRESENTATION('',(#14026),#14030);
#14026 = LINE('',#14027,#14028);
#14027 = CARTESIAN_POINT('',(0.,-0.));
#14028 = VECTOR('',#14029,1.);
#14029 = DIRECTION('',(0.,1.));
#14030 = ( GEOMETRIC_REPRESENTATION_CONTEXT(2) 
PARAMETRIC_REPRESENTATION_CONTEXT() REPRESENTATION_CONTEXT('2D SPACE',''
  ) );
#14031 = ORIENTED_EDGE('',*,*,#14032,.F.);
#14032 = EDGE_CURVE('',#14005,#14005,#14033,.T.);
#14033 = SURFACE_CURVE('',#14034,(#14039,#14046),.PCURVE_S1.);
#14034 = CIRCLE('',#14035,9.);
#14035 = AXIS2_PLACEMENT_3D('',#14036,#14037,#14038);
#14036 = CARTESIAN_POINT('',(0.,0.,6.));
#14037 = DIRECTION('',(0.,0.,1.));
#14038 = DIRECTION('',(1.,0.,-0.));
#14039 = PCURVE('',#14013,#14040);
#14040 = DEFINITIONAL_REPRESENTATION('',(#14041),#14045);
#14041 = LINE('',#14042,#14043);
#14042 = CARTESIAN_POINT('',(0.,6.));
#14043 = VECTOR('',#14044,1.);
#14044 = DIRECTION('',(1.,0.));
#14045 = ( GEOMETRIC_REPRESENTATION_CONTEXT(2) 
PARAMETRIC_REPRESENTATION_CONTEXT() REPRESENTATION_CONTEXT('2D SPACE',''
  ) );
#14046 = PCURVE('',#14047,#14052);
#14047 = CONICAL_SURFACE('',#14048,9.,0.785398163397);
#14048 = AXIS2_PLACEMENT_3D('',#14049,#14050,#14051);
#14049 = CARTESIAN_POINT('',(0.,0.,6.));
#14050 = DIRECTION('',(-0.,-0.,-1.));
#14051 = DIRECTION('',(1.,0.,0.));
#14052 = DEFINITIONAL_REPRESENTATION('',(#14053),#14057);
#14053 = LINE('',#14054,#14055);
#14054 = CARTESIAN_POINT('',(-0.,-0.));
#14055 = VECTOR('',#14056,1.);
#14056 = DIRECTION('',(-1.,-0.));
#14057 = ( GEOMETRIC_REPRESENTATION_CONTEXT(2) 
PARAMETRIC_REPRESENTATION_CONTEXT() REPRESENTATION_CONTEXT('2D SPACE',''
  ) );
#14058 = ORIENTED_EDGE('',*,*,#14002,.F.);
#14059 = ORIENTED_EDGE('',*,*,#14060,.T.);
#14060 = EDGE_CURVE('',#14003,#14003,#14061,.T.);
#14061 = SURFACE_CURVE('',#14062,(#14067,#14074),.PCURVE_S1.);
#14062 = CIRCLE('',#14063,9.);
#14063 = AXIS2_PLACEMENT_3D('',#14064,#14065,#14066);
#14064 = CARTESIAN_POINT('',(0.,0.,1.));
#14065 = DIRECTION('',(0.,0.,1.));
#14066 = DIRECTION('',(1.,0.,-0.));
#14067 = PCURVE('',#14013,#14068);
#14068 = DEFINITIONAL_REPRESENTATION('',(#14069),#14073);
#14069 = LINE('',#14070,#14071);
#14070 = CARTESIAN_POINT('',(0.,1.));
#14071 = VECTOR('',#14072,1.);
#14072 = DIRECTION('',(1.,0.));
#14073 = ( GEOMETRIC_REPRESENTATION_CONTEXT(2) 
PARAMETRIC_REPRESENTATION_CONTEXT() REPRESENTATION_CONTEXT('2D SPACE',''
  ) );
#14074 = PCURVE('',#14075,#14080);
#14075 = CONICAL_SURFACE('',#14076,9.,0.785398163397);
#14076 = AXIS2_PLACEMENT_3D('',#14077,#14078,#14079);
#14077 = CARTESIAN_POINT('',(0.,0.,1.));
#14078 = DIRECTION('',(0.,0.,1.));
#14079 = DIRECTION('',(1.,0.,-0.));
#14080 = DEFINITIONAL_REPRESENTATION('',(#14081),#14085);
#14081 = LINE('',#14082,#14083);
#14082 = CARTESIAN_POINT('',(0.,-0.));
#14083 = VECTOR('',#14084,1.);
#14084 = DIRECTION('',(1.,-0.));
#14085 = ( GEOMETRIC_REPRESENTATION_CONTEXT(2) 
PARAMETRIC_REPRESENTATION_CONTEXT() REPRESENTATION_CONTEXT('2D SPACE',''
  ) );
#14086 = ADVANCED_FACE('',(#14087),#14075,.T.);
#14087 = FACE_BOUND('',#14088,.F.);
#14088 = EDGE_LOOP('',(#14089,#14110,#14111,#14112));
#14089 = ORIENTED_EDGE('',*,*,#14090,.F.);
#14090 = EDGE_CURVE('',#14003,#14091,#14093,.T.);
#14091 = VERTEX_POINT('',#14092);
#14092 = CARTESIAN_POINT('',(8.,0.,0.));
#14093 = SEAM_CURVE('',#14094,(#14098,#14104),.PCURVE_S1.);
#14094 = LINE('',#14095,#14096);
#14095 = CARTESIAN_POINT('',(9.,0.,1.));
#14096 = VECTOR('',#14097,1.);
#14097 = DIRECTION('',(-0.707106781187,-0.,-0.707106781187));
#14098 = PCURVE('',#14075,#14099);
#14099 = DEFINITIONAL_REPRESENTATION('',(#14100),#14103);
#14100 = B_SPLINE_CURVE_WITH_KNOTS('',1,(#14101,#14102),.UNSPECIFIED.,
  .F.,.F.,(2,2),(0.,1.414213562373),.PIECEWISE_BEZIER_KNOTS.);
#14101 = CARTESIAN_POINT('',(0.,0.));
#14102 = CARTESIAN_POINT('',(0.,-1.));
#14103 = ( GEOMETRIC_REPRESENTATION_CONTEXT(2) 
PARAMETRIC_REPRESENTATION_CONTEXT() REPRESENTATION_CONTEXT('2D SPACE',''
  ) );
#14104 = PCURVE('',#14075,#14105);
#14105 = DEFINITIONAL_REPRESENTATION('',(#14106),#14109);
#14106 = B_SPLINE_CURVE_WITH_KNOTS('',1,(#14107,#14108),.UNSPECIFIED.,
  .F.,.F.,(2,2),(0.,1.414213562373),.PIECEWISE_BEZIER_KNOTS.);
#14107 = CARTESIAN_POINT('',(6.28318530718,0.));
#14108 = CARTESIAN_POINT('',(6.28318530718,-1.));
#14109 = ( GEOMETRIC_REPRESENTATION_CONTEXT(2) 
PARAMETRIC_REPRESENTATION_CONTEXT() REPRESENTATION_CONTEXT('2D SPACE',''
  ) );
#14110 = ORIENTED_EDGE('',*,*,#14060,.T.);
#14111 = ORIENTED_EDGE('',*,*,#14090,.T.);
#14112 = ORIENTED_EDGE('',*,*,#14113,.F.);
#14113 = EDGE_CURVE('',#14091,#14091,#14114,.T.);
#14114 = SURFACE_CURVE('',#14115,(#14120,#14127),.PCURVE_S1.);
#14115 = CIRCLE('',#14116,8.);
#14116 = AXIS2_PLACEMENT_3D('',#14117,#14118,#14119);
#14117 = CARTESIAN_POINT('',(0.,0.,0.));
#14118 = DIRECTION('',(0.,0.,1.));
#14119 = DIRECTION('',(1.,0.,-0.));
#14120 = PCURVE('',#14075,#14121);
#14121 = DEFINITIONAL_REPRESENTATION('',(#14122),#14126);
#14122 = LINE('',#14123,#14124);
#14123 = CARTESIAN_POINT('',(0.,-1.));
#14124 = VECTOR('',#14125,1.);
#14125 = DIRECTION('',(1.,-0.));
#14126 = ( GEOMETRIC_REPRESENTATION_CONTEXT(2) 
PARAMETRIC_REPRESENTATION_CONTEXT() REPRESENTATION_CONTEXT('2D SPACE',''
  ) );
#14127 = PCURVE('',#14128,#14133);
#14128 = PLANE('',#14129);
#14129 = AXIS2_PLACEMENT_3D('',#14130,#14131,#14132);
#14130 = CARTESIAN_POINT('',(0.,0.,0.));
#14131 = DIRECTION('',(0.,0.,1.));
#14132 = DIRECTION('',(1.,0.,0.));
#14133 = DEFINITIONAL_REPRESENTATION('',(#14134),#14138);
#14134 = CIRCLE('',#14135,8.);
#14135 = AXIS2_PLACEMENT_2D('',#14136,#14137);
#14136 = CARTESIAN_POINT('',(0.,0.));
#14137 = DIRECTION('',(1.,0.));
#14138 = ( GEOMETRIC_REPRESENTATION_CONTEXT(2) 
PARAMETRIC_REPRESENTATION_CONTEXT() REPRESENTATION_CONTEXT('2D SPACE',''
  ) );
#14139 = ADVANCED_FACE('',(#14140),#14047,.T.);
#14140 = FACE_BOUND('',#14141,.T.);
#14141 = EDGE_LOOP('',(#14142,#14163,#14164,#14165));
#14142 = ORIENTED_EDGE('',*,*,#14143,.F.);
#14143 = EDGE_CURVE('',#14005,#14144,#14146,.T.);
#14144 = VERTEX_POINT('',#14145);
#14145 = CARTESIAN_POINT('',(8.,0.,7.));
#14146 = SEAM_CURVE('',#14147,(#14151,#14157),.PCURVE_S1.);
#14147 = LINE('',#14148,#14149);
#14148 = CARTESIAN_POINT('',(9.,0.,6.));
#14149 = VECTOR('',#14150,1.);
#14150 = DIRECTION('',(-0.707106781187,0.,0.707106781187));
#14151 = PCURVE('',#14047,#14152);
#14152 = DEFINITIONAL_REPRESENTATION('',(#14153),#14156);
#14153 = B_SPLINE_CURVE_WITH_KNOTS('',1,(#14154,#14155),.UNSPECIFIED.,
  .F.,.F.,(2,2),(0.,1.414213562373),.PIECEWISE_BEZIER_KNOTS.);
#14154 = CARTESIAN_POINT('',(0.,0.));
#14155 = CARTESIAN_POINT('',(0.,-1.));
#14156 = ( GEOMETRIC_REPRESENTATION_CONTEXT(2) 
PARAMETRIC_REPRESENTATION_CONTEXT() REPRESENTATION_CONTEXT('2D SPACE',''
  ) );
#14157 = PCURVE('',#14047,#14158);
#14158 = DEFINITIONAL_REPRESENTATION('',(#14159),#14162);
#14159 = B_SPLINE_CURVE_WITH_KNOTS('',1,(#14160,#14161),.UNSPECIFIED.,
  .F.,.F.,(2,2),(0.,1.414213562373),.PIECEWISE_BEZIER_KNOTS.);
#14160 = CARTESIAN_POINT('',(-6.28318530718,0.));
#14161 = CARTESIAN_POINT('',(-6.28318530718,-1.));
#14162 = ( GEOMETRIC_REPRESENTATION_CONTEXT(2) 
PARAMETRIC_REPRESENTATION_CONTEXT() REPRESENTATION_CONTEXT('2D SPACE',''
  ) );
#14163 = ORIENTED_EDGE('',*,*,#14032,.T.);
#14164 = ORIENTED_EDGE('',*,*,#14143,.T.);
#14165 = ORIENTED_EDGE('',*,*,#14166,.F.);
#14166 = EDGE_CURVE('',#14144,#14144,#14167,.T.);
#14167 = SURFACE_CURVE('',#14168,(#14173,#14180),.PCURVE_S1.);
#14168 = CIRCLE('',#14169,8.);
#14169 = AXIS2_PLACEMENT_3D('',#14170,#14171,#14172);
#14170 = CARTESIAN_POINT('',(0.,0.,7.));
#14171 = DIRECTION('',(0.,0.,1.));
#14172 = DIRECTION('',(1.,0.,-0.));
#14173 = PCURVE('',#14047,#14174);
#14174 = DEFINITIONAL_REPRESENTATION('',(#14175),#14179);
#14175 = LINE('',#14176,#14177);
#14176 = CARTESIAN_POINT('',(-0.,-1.));
#14177 = VECTOR('',#14178,1.);
#14178 = DIRECTION('',(-1.,-0.));
#14179 = ( GEOMETRIC_REPRESENTATION_CONTEXT(2) 
PARAMETRIC_REPRESENTATION_CONTEXT() REPRESENTATION_CONTEXT('2D SPACE',''
  ) );
#14180 = PCURVE('',#14181,#14186);
#14181 = PLANE('',#14182);
#14182 = AXIS2_PLACEMENT_3D('',#14183,#14184,#14185);
#14183 = CARTESIAN_POINT('',(0.,0.,7.));
#14184 = DIRECTION('',(0.,0.,1.));
#14185 = DIRECTION('',(1.,0.,0.));
#14186 = DEFINITIONAL_REPRESENTATION('',(#14187),#14191);
#14187 = CIRCLE('',#14188,8.);
#14188 = AXIS2_PLACEMENT_2D('',#14189,#14190);
#14189 = CARTESIAN_POINT('',(0.,0.));
#14190 = DIRECTION('',(1.,0.));
#14191 = ( GEOMETRIC_REPRESENTATION_CONTEXT(2) 
PARAMETRIC_REPRESENTATION_CONTEXT() REPRESENTATION_CONTEXT('2D SPACE',''
  ) );
#14192 = ADVANCED_FACE('',(#14193),#14128,.F.);
#14193 = FACE_BOUND('',#14194,.F.);
#14194 = EDGE_LOOP('',(#14195));
#14195 = ORIENTED_EDGE('',*,*,#14113,.T.);
#14196 = ADVANCED_FACE('',(#14197),#14181,.T.);
#14197 = FACE_BOUND('',#14198,.T.);
#14198 = EDGE_LOOP('',(#14199));
#14199 = ORIENTED_EDGE('',*,*,#14166,.T.);
#14200 = ( GEOMETRIC_REPRESENTATION_CONTEXT(3) 
GLOBAL_UNCERTAINTY_ASSIGNED_CONTEXT((#14204)) 
GLOBAL_UNIT_ASSIGNED_CONTEXT((#14201,#14202,#14203)) 
REPRESENTATION_CONTEXT('Context #1',
  '3D Context with UNIT and UNCERTAINTY') );
#14201 = ( LENGTH_UNIT() NAMED_UNIT(*) SI_UNIT(.MILLI.,.METRE.) );
#14202 = ( NAMED_UNIT(*) PLANE_ANGLE_UNIT() SI_UNIT($,.RADIAN.) );
#14203 = ( NAMED_UNIT(*) SI_UNIT($,.STERADIAN.) SOLID_ANGLE_UNIT() );
#14204 = UNCERTAINTY_MEASURE_WITH_UNIT(LENGTH_MEASURE(1.E-07),#14201,
  'distance_accuracy_value','confusion accuracy');
#14205 = CONTEXT_DEPENDENT_SHAPE_REPRESENTATION(#14206,#14208);
#14206 = ( REPRESENTATION_RELATIONSHIP('','',#13995,#10) 
REPRESENTATION_RELATIONSHIP_WITH_TRANSFORMATION(#14207) 
SHAPE_REPRESENTATION_RELATIONSHIP() );
#14207 = ITEM_DEFINED_TRANSFORMATION('','',#11,#171);
#14208 = PRODUCT_DEFINITION_SHAPE('Placement','Placement of an item',
  #14209);
#14209 = NEXT_ASSEMBLY_USAGE_OCCURRENCE('40','seed_large_07','',#5,
  #13990,$);
#14210 = PRODUCT_RELATED_PRODUCT_CATEGORY('part',$,(#13992));
#14211 = SHAPE_DEFINITION_REPRESENTATION(#14212,#14218);
#14212 = PRODUCT_DEFINITION_SHAPE('','',#14213);
#14213 = PRODUCT_DEFINITION('design','',#14214,#14217);
#14214 = PRODUCT_DEFINITION_FORMATION('','',#14215);
#14215 = PRODUCT('seed_large_08','seed_large_08','',(#14216));
#14216 = PRODUCT_CONTEXT('',#2,'mechanical');
#14217 = PRODUCT_DEFINITION_CONTEXT('part definition',#2,'design');
#14218 = ADVANCED_BREP_SHAPE_REPRESENTATION('',(#11,#14219),#14423);
#14219 = MANIFOLD_SOLID_BREP('',#14220);
#14220 = CLOSED_SHELL('',(#14221,#14309,#14362,#14415,#14419));
#14221 = ADVANCED_FACE('',(#14222),#14236,.T.);
#14222 = FACE_BOUND('',#14223,.T.);
#14223 = EDGE_LOOP('',(#14224,#14254,#14281,#14282));
#14224 = ORIENTED_EDGE('',*,*,#14225,.T.);
#14225 = EDGE_CURVE('',#14226,#14228,#14230,.T.);
#14226 = VERTEX_POINT('',#14227);
#14227 = CARTESIAN_POINT('',(9.,0.,1.));
#14228 = VERTEX_POINT('',#14229);
#14229 = CARTESIAN_POINT('',(9.,0.,6.));
#14230 = SEAM_CURVE('',#14231,(#14235,#14247),.PCURVE_S1.);
#14231 = LINE('',#14232,#14233);
#14232 = CARTESIAN_POINT('',(9.,-2.204364238465E-15,0.));
#14233 = VECTOR('',#14234,1.);
#14234 = DIRECTION('',(0.,0.,1.));
#14235 = PCURVE('',#14236,#14241);
#14236 = CYLINDRICAL_SURFACE('',#14237,9.);
#14237 = AXIS2_PLACEMENT_3D('',#14238,#14239,#14240);
#14238 = CARTESIAN_POINT('',(0.,0.,0.));
#14239 = DIRECTION('',(0.,0.,1.));
#14240 = DIRECTION('',(1.,0.,0.));
#14241 = DEFINITIONAL_REPRESENTATION('',(#14242),#14246);
#14242 = LINE('',#14243,#14244);
#14243 = CARTESIAN_POINT('',(6.28318530718,-0.));
#14244 = VECTOR('',#14245,1.);
#14245 = DIRECTION('',(0.,1.));
#14246 = ( GEOMETRIC_REPRESENTATION_CONTEXT(2) 
PARAMETRIC_REPRESENTATION_CONTEXT() REPRESENTATION_CONTEXT('2D SPACE',''
  ) );
#14247 = PCURVE('',#14236,#14248);
#14248 = DEFINITIONAL_REPRESENTATION('',(#14249),#14253);
#14249 = LINE('',#14250,#14251);
#14250 = CARTESIAN_POINT('',(0.,-0.));
#14251 = VECTOR('',#14252,1.);
#14252 = DIRECTION('',(0.,1.));
#14253 = ( GEOMETRIC_REPRESENTATION_CONTEXT(2) 
PARAMETRIC_REPRESENTATION_CONTEXT() REPRESENTATION_CONTEXT('2D SPACE',''
  ) );
#14254 = ORIENTED_EDGE('',*,*,#14255,.F.);
#14255 = EDGE_CURVE('',#14228,#14228,#14256,.T.);
#14256 = SURFACE_CURVE('',#14257,(#14262,#14269),.PCURVE_S1.);
#14257 = CIRCLE('',#14258,9.);
#14258 = AXIS2_PLACEMENT_3D('',#14259,#14260,#14261);
#14259 = CARTESIAN_POINT('',(0.,0.,6.));
#14260 = DIRECTION('',(0.,0.,1.));
#14261 = DIRECTION('',(1.,0.,-0.));
#14262 = PCURVE('',#14236,#14263);
#14263 = DEFINITIONAL_REPRESENTATION('',(#14264),#14268);
#14264 = LINE('',#14265,#14266);
#14265 = CARTESIAN_POINT('',(0.,6.));
#14266 = VECTOR('',#14267,1.);
#14267 = DIRECTION('',(1.,0.));
#14268 = ( GEOMETRIC_REPRESENTATION_CONTEXT(2) 
PARAMETRIC_REPRESENTATION_CONTEXT() REPRESENTATION_CONTEXT('2D SPACE',''
  ) );
#14269 = PCURVE('',#14270,#14275);
#14270 = CONICAL_SURFACE('',#14271,9.,0.785398163397);
#14271 = AXIS2_PLACEMENT_3D('',#14272,#14273,#14274);
#14272 = CARTESIAN_POINT('',(0.,0.,6.));
#14273 = DIRECTION('',(-0.,-0.,-1.));
#14274 = DIRECTION('',(1.,0.,0.));
#14275 = DEFINITIONAL_REPRESENTATION('',(#14276),#14280);
#14276 = LINE('',#14277,#14278);
#14277 = CARTESIAN_POINT('',(-0.,-0.));
#14278 = VECTOR('',#14279,1.);
#14279 = DIRECTION('',(-1.,-0.));
#14280 = ( GEOMETRIC_REPRESENTATION_CONTEXT(2) 
PARAMETRIC_REPRESENTATION_CONTEXT() REPRESENTATION_CONTEXT('2D SPACE',''
  ) );
#14281 = ORIENTED_EDGE('',*,*,#14225,.F.);
#14282 = ORIENTED_EDGE('',*,*,#14283,.T.);
#14283 = EDGE_CURVE('',#14226,#14226,#14284,.T.);
#14284 = SURFACE_CURVE('',#14285,(#14290,#14297),.PCURVE_S1.);
#14285 = CIRCLE('',#14286,9.);
#14286 = AXIS2_PLACEMENT_3D('',#14287,#14288,#14289);
#14287 = CARTESIAN_POINT('',(0.,0.,1.));
#14288 = DIRECTION('',(0.,0.,1.));
#14289 = DIRECTION('',(1.,0.,-0.));
#14290 = PCURVE('',#14236,#14291);
#14291 = DEFINITIONAL_REPRESENTATION('',(#14292),#14296);
#14292 = LINE('',#14293,#14294);
#14293 = CARTESIAN_POINT('',(0.,1.));
#14294 = VECTOR('',#14295,1.);
#14295 = DIRECTION('',(1.,0.));
#14296 = ( GEOMETRIC_REPRESENTATION_CONTEXT(2) 
PARAMETRIC_REPRESENTATION_CONTEXT() REPRESENTATION_CONTEXT('2D SPACE',''
  ) );
#14297 = PCURVE('',#14298,#14303);
#14298 = CONICAL_SURFACE('',#14299,9.,0.785398163397);
#14299 = AXIS2_PLACEMENT_3D('',#14300,#14301,#14302);
#14300 = CARTESIAN_POINT('',(0.,0.,1.));
#14301 = DIRECTION('',(0.,0.,1.));
#14302 = DIRECTION('',(1.,0.,-0.));
#14303 = DEFINITIONAL_REPRESENTATION('',(#14304),#14308);
#14304 = LINE('',#14305,#14306);
#14305 = CARTESIAN_POINT('',(0.,-0.));
#14306 = VECTOR('',#14307,1.);
#14307 = DIRECTION('',(1.,-0.));
#14308 = ( GEOMETRIC_REPRESENTATION_CONTEXT(2) 
PARAMETRIC_REPRESENTATION_CONTEXT() REPRESENTATION_CONTEXT('2D SPACE',''
  ) );
#14309 = ADVANCED_FACE('',(#14310),#14298,.T.);
#14310 = FACE_BOUND('',#14311,.F.);
#14311 = EDGE_LOOP('',(#14312,#14333,#14334,#14335));
#14312 = ORIENTED_EDGE('',*,*,#14313,.F.);
#14313 = EDGE_CURVE('',#14226,#14314,#14316,.T.);
#14314 = VERTEX_POINT('',#14315);
#14315 = CARTESIAN_POINT('',(8.,0.,0.));
#14316 = SEAM_CURVE('',#14317,(#14321,#14327),.PCURVE_S1.);
#14317 = LINE('',#14318,#14319);
#14318 = CARTESIAN_POINT('',(9.,0.,1.));
#14319 = VECTOR('',#14320,1.);
#14320 = DIRECTION('',(-0.707106781187,-0.,-0.707106781187));
#14321 = PCURVE('',#14298,#14322);
#14322 = DEFINITIONAL_REPRESENTATION('',(#14323),#14326);
#14323 = B_SPLINE_CURVE_WITH_KNOTS('',1,(#14324,#14325),.UNSPECIFIED.,
  .F.,.F.,(2,2),(0.,1.414213562373),.PIECEWISE_BEZIER_KNOTS.);
#14324 = CARTESIAN_POINT('',(0.,0.));
#14325 = CARTESIAN_POINT('',(0.,-1.));
#14326 = ( GEOMETRIC_REPRESENTATION_CONTEXT(2) 
PARAMETRIC_REPRESENTATION_CONTEXT() REPRESENTATION_CONTEXT('2D SPACE',''
  ) );
#14327 = PCURVE('',#14298,#14328);
#14328 = DEFINITIONAL_REPRESENTATION('',(#14329),#14332);
#14329 = B_SPLINE_CURVE_WITH_KNOTS('',1,(#14330,#14331),.UNSPECIFIED.,
  .F.,.F.,(2,2),(0.,1.414213562373),.PIECEWISE_BEZIER_KNOTS.);
#14330 = CARTESIAN_POINT('',(6.28318530718,0.));
#14331 = CARTESIAN_POINT('',(6.28318530718,-1.));
#14332 = ( GEOMETRIC_REPRESENTATION_CONTEXT(2) 
PARAMETRIC_REPRESENTATION_CONTEXT() REPRESENTATION_CONTEXT('2D SPACE',''
  ) );
#14333 = ORIENTED_EDGE('',*,*,#14283,.T.);
#14334 = ORIENTED_EDGE('',*,*,#14313,.T.);
#14335 = ORIENTED_EDGE('',*,*,#14336,.F.);
#14336 = EDGE_CURVE('',#14314,#14314,#14337,.T.);
#14337 = SURFACE_CURVE('',#14338,(#14343,#14350),.PCURVE_S1.);
#14338 = CIRCLE('',#14339,8.);
#14339 = AXIS2_PLACEMENT_3D('',#14340,#14341,#14342);
#14340 = CARTESIAN_POINT('',(0.,0.,0.));
#14341 = DIRECTION('',(0.,0.,1.));
#14342 = DIRECTION('',(1.,0.,-0.));
#14343 = PCURVE('',#14298,#14344);
#14344 = DEFINITIONAL_REPRESENTATION('',(#14345),#14349);
#14345 = LINE('',#14346,#14347);
#14346 = CARTESIAN_POINT('',(0.,-1.));
#14347 = VECTOR('',#14348,1.);
#14348 = DIRECTION('',(1.,-0.));
#14349 = ( GEOMETRIC_REPRESENTATION_CONTEXT(2) 
PARAMETRIC_REPRESENTATION_CONTEXT() REPRESENTATION_CONTEXT('2D SPACE',''
  ) );
#14350 = PCURVE('',#14351,#14356);
#14351 = PLANE('',#14352);
#14352 = AXIS2_PLACEMENT_3D('',#14353,#14354,#14355);
#14353 = CARTESIAN_POINT('',(0.,0.,0.));
#14354 = DIRECTION('',(0.,0.,1.));
#14355 = DIRECTION('',(1.,0.,0.));
#14356 = DEFINITIONAL_REPRESENTATION('',(#14357),#14361);
#14357 = CIRCLE('',#14358,8.);
#14358 = AXIS2_PLACEMENT_2D('',#14359,#14360);
#14359 = CARTESIAN_POINT('',(0.,0.));
#14360 = DIRECTION('',(1.,0.));
#14361 = ( GEOMETRIC_REPRESENTATION_CONTEXT(2) 
PARAMETRIC_REPRESENTATION_CONTEXT() REPRESENTATION_CONTEXT('2D SPACE',''
  ) );
#14362 = ADVANCED_FACE('',(#14363),#14270,.T.);
#14363 = FACE_BOUND('',#14364,.T.);
#14364 = EDGE_LOOP('',(#14365,#14386,#14387,#14388));
#14365 = ORIENTED_EDGE('',*,*,#14366,.F.);
#14366 = EDGE_CURVE('',#14228,#14367,#14369,.T.);
#14367 = VERTEX_POINT('',#14368);
#14368 = CARTESIAN_POINT('',(8.,0.,7.));
#14369 = SEAM_CURVE('',#14370,(#14374,#14380),.PCURVE_S1.);
#14370 = LINE('',#14371,#14372);
#14371 = CARTESIAN_POINT('',(9.,0.,6.));
#14372 = VECTOR('',#14373,1.);
#14373 = DIRECTION('',(-0.707106781187,0.,0.707106781187));
#14374 = PCURVE('',#14270,#14375);
#14375 = DEFINITIONAL_REPRESENTATION('',(#14376),#14379);
#14376 = B_SPLINE_CURVE_WITH_KNOTS('',1,(#14377,#14378),.UNSPECIFIED.,
  .F.,.F.,(2,2),(0.,1.414213562373),.PIECEWISE_BEZIER_KNOTS.);
#14377 = CARTESIAN_POINT('',(0.,0.));
#14378 = CARTESIAN_POINT('',(0.,-1.));
#14379 = ( GEOMETRIC_REPRESENTATION_CONTEXT(2) 
PARAMETRIC_REPRESENTATION_CONTEXT() REPRESENTATION_CONTEXT('2D SPACE',''
  ) );
#14380 = PCURVE('',#14270,#14381);
#14381 = DEFINITIONAL_REPRESENTATION('',(#14382),#14385);
#14382 = B_SPLINE_CURVE_WITH_KNOTS('',1,(#14383,#14384),.UNSPECIFIED.,
  .F.,.F.,(2,2),(0.,1.414213562373),.PIECEWISE_BEZIER_KNOTS.);
#14383 = CARTESIAN_POINT('',(-6.28318530718,0.));
#14384 = CARTESIAN_POINT('',(-6.28318530718,-1.));
#14385 = ( GEOMETRIC_REPRESENTATION_CONTEXT(2) 
PARAMETRIC_REPRESENTATION_CONTEXT() REPRESENTATION_CONTEXT('2D SPACE',''
  ) );
#14386 = ORIENTED_EDGE('',*,*,#14255,.T.);
#14387 = ORIENTED_EDGE('',*,*,#14366,.T.);
#14388 = ORIENTED_EDGE('',*,*,#14389,.F.);
#14389 = EDGE_CURVE('',#14367,#14367,#14390,.T.);
#14390 = SURFACE_CURVE('',#14391,(#14396,#14403),.PCURVE_S1.);
#14391 = CIRCLE('',#14392,8.);
#14392 = AXIS2_PLACEMENT_3D('',#14393,#14394,#14395);
#14393 = CARTESIAN_POINT('',(0.,0.,7.));
#14394 = DIRECTION('',(0.,0.,1.));
#14395 = DIRECTION('',(1.,0.,-0.));
#14396 = PCURVE('',#14270,#14397);
#14397 = DEFINITIONAL_REPRESENTATION('',(#14398),#14402);
#14398 = LINE('',#14399,#14400);
#14399 = CARTESIAN_POINT('',(-0.,-1.));
#14400 = VECTOR('',#14401,1.);
#14401 = DIRECTION('',(-1.,-0.));
#14402 = ( GEOMETRIC_REPRESENTATION_CONTEXT(2) 
PARAMETRIC_REPRESENTATION_CONTEXT() REPRESENTATION_CONTEXT('2D SPACE',''
  ) );
#14403 = PCURVE('',#14404,#14409);
#14404 = PLANE('',#14405);
#14405 = AXIS2_PLACEMENT_3D('',#14406,#14407,#14408);
#14406 = CARTESIAN_POINT('',(0.,0.,7.));
#14407 = DIRECTION('',(0.,0.,1.));
#14408 = DIRECTION('',(1.,0.,0.));
#14409 = DEFINITIONAL_REPRESENTATION('',(#14410),#14414);
#14410 = CIRCLE('',#14411,8.);
#14411 = AXIS2_PLACEMENT_2D('',#14412,#14413);
#14412 = CARTESIAN_POINT('',(0.,0.));
#14413 = DIRECTION('',(1.,0.));
#14414 = ( GEOMETRIC_REPRESENTATION_CONTEXT(2) 
PARAMETRIC_REPRESENTATION_CONTEXT() REPRESENTATION_CONTEXT('2D SPACE',''
  ) );
#14415 = ADVANCED_FACE('',(#14416),#14351,.F.);
#14416 = FACE_BOUND('',#14417,.F.);
#14417 = EDGE_LOOP('',(#14418));
#14418 = ORIENTED_EDGE('',*,*,#14336,.T.);
#14419 = ADVANCED_FACE('',(#14420),#14404,.T.);
#14420 = FACE_BOUND('',#14421,.T.);
#14421 = EDGE_LOOP('',(#14422));
#14422 = ORIENTED_EDGE('',*,*,#14389,.T.);
#14423 = ( GEOMETRIC_REPRESENTATION_CONTEXT(3) 
GLOBAL_UNCERTAINTY_ASSIGNED_CONTEXT((#14427)) 
GLOBAL_UNIT_ASSIGNED_CONTEXT((#14424,#14425,#14426)) 
REPRESENTATION_CONTEXT('Context #1',
  '3D Context with UNIT and UNCERTAINTY') );
#14424 = ( LENGTH_UNIT() NAMED_UNIT(*) SI_UNIT(.MILLI.,.METRE.) );
#14425 = ( NAMED_UNIT(*) PLANE_ANGLE_UNIT() SI_UNIT($,.RADIAN.) );
#14426 = ( NAMED_UNIT(*) SI_UNIT($,.STERADIAN.) SOLID_ANGLE_UNIT() );
#14427 = UNCERTAINTY_MEASURE_WITH_UNIT(LENGTH_MEASURE(1.E-07),#14424,
  'distance_accuracy_value','confusion accuracy');
#14428 = CONTEXT_DEPENDENT_SHAPE_REPRESENTATION(#14429,#14431);
#14429 = ( REPRESENTATION_RELATIONSHIP('','',#14218,#10) 
REPRESENTATION_RELATIONSHIP_WITH_TRANSFORMATION(#14430) 
SHAPE_REPRESENTATION_RELATIONSHIP() );
#14430 = ITEM_DEFINED_TRANSFORMATION('','',#11,#175);
#14431 = PRODUCT_DEFINITION_SHAPE('Placement','Placement of an item',
  #14432);
#14432 = NEXT_ASSEMBLY_USAGE_OCCURRENCE('41','seed_large_08','',#5,
  #14213,$);
#14433 = PRODUCT_RELATED_PRODUCT_CATEGORY('part',$,(#14215));
#14434 = SHAPE_DEFINITION_REPRESENTATION(#14435,#14441);
#14435 = PRODUCT_DEFINITION_SHAPE('','',#14436);
#14436 = PRODUCT_DEFINITION('design','',#14437,#14440);
#14437 = PRODUCT_DEFINITION_FORMATION('','',#14438);
#14438 = PRODUCT('seed_large_09','seed_large_09','',(#14439));
#14439 = PRODUCT_CONTEXT('',#2,'mechanical');
#14440 = PRODUCT_DEFINITION_CONTEXT('part definition',#2,'design');
#14441 = ADVANCED_BREP_SHAPE_REPRESENTATION('',(#11,#14442),#14646);
#14442 = MANIFOLD_SOLID_BREP('',#14443);
#14443 = CLOSED_SHELL('',(#14444,#14532,#14585,#14638,#14642));
#14444 = ADVANCED_FACE('',(#14445),#14459,.T.);
#14445 = FACE_BOUND('',#14446,.T.);
#14446 = EDGE_LOOP('',(#14447,#14477,#14504,#14505));
#14447 = ORIENTED_EDGE('',*,*,#14448,.T.);
#14448 = EDGE_CURVE('',#14449,#14451,#14453,.T.);
#14449 = VERTEX_POINT('',#14450);
#14450 = CARTESIAN_POINT('',(9.,0.,1.));
#14451 = VERTEX_POINT('',#14452);
#14452 = CARTESIAN_POINT('',(9.,0.,6.));
#14453 = SEAM_CURVE('',#14454,(#14458,#14470),.PCURVE_S1.);
#14454 = LINE('',#14455,#14456);
#14455 = CARTESIAN_POINT('',(9.,-2.204364238465E-15,0.));
#14456 = VECTOR('',#14457,1.);
#14457 = DIRECTION('',(0.,0.,1.));
#14458 = PCURVE('',#14459,#14464);
#14459 = CYLINDRICAL_SURFACE('',#14460,9.);
#14460 = AXIS2_PLACEMENT_3D('',#14461,#14462,#14463);
#14461 = CARTESIAN_POINT('',(0.,0.,0.));
#14462 = DIRECTION('',(0.,0.,1.));
#14463 = DIRECTION('',(1.,0.,0.));
#14464 = DEFINITIONAL_REPRESENTATION('',(#14465),#14469);
#14465 = LINE('',#14466,#14467);
#14466 = CARTESIAN_POINT('',(6.28318530718,-0.));
#14467 = VECTOR('',#14468,1.);
#14468 = DIRECTION('',(0.,1.));
#14469 = ( GEOMETRIC_REPRESENTATION_CONTEXT(2) 
PARAMETRIC_REPRESENTATION_CONTEXT() REPRESENTATION_CONTEXT('2D SPACE',''
  ) );
#14470 = PCURVE('',#14459,#14471);
#14471 = DEFINITIONAL_REPRESENTATION('',(#14472),#14476);
#14472 = LINE('',#14473,#14474);
#14473 = CARTESIAN_POINT('',(0.,-0.));
#14474 = VECTOR('',#14475,1.);
#14475 = DIRECTION('',(0.,1.));
#14476 = ( GEOMETRIC_REPRESENTATION_CONTEXT(2) 
PARAMETRIC_REPRESENTATION_CONTEXT() REPRESENTATION_CONTEXT('2D SPACE',''
  ) );
#14477 = ORIENTED_EDGE('',*,*,#14478,.F.);
#14478 = EDGE_CURVE('',#14451,#14451,#14479,.T.);
#14479 = SURFACE_CURVE('',#14480,(#14485,#14492),.PCURVE_S1.);
#14480 = CIRCLE('',#14481,9.);
#14481 = AXIS2_PLACEMENT_3D('',#14482,#14483,#14484);
#14482 = CARTESIAN_POINT('',(0.,0.,6.));
#14483 = DIRECTION('',(0.,0.,1.));
#14484 = DIRECTION('',(1.,0.,-0.));
#14485 = PCURVE('',#14459,#14486);
#14486 = DEFINITIONAL_REPRESENTATION('',(#14487),#14491);
#14487 = LINE('',#14488,#14489);
#14488 = CARTESIAN_POINT('',(0.,6.));
#14489 = VECTOR('',#14490,1.);
#14490 = DIRECTION('',(1.,0.));
#14491 = ( GEOMETRIC_REPRESENTATION_CONTEXT(2) 
PARAMETRIC_REPRESENTATION_CONTEXT() REPRESENTATION_CONTEXT('2D SPACE',''
  ) );
#14492 = PCURVE('',#14493,#14498);
#14493 = CONICAL_SURFACE('',#14494,9.,0.785398163397);
#14494 = AXIS2_PLACEMENT_3D('',#14495,#14496,#14497);
#14495 = CARTESIAN_POINT('',(0.,0.,6.));
#14496 = DIRECTION('',(-0.,-0.,-1.));
#14497 = DIRECTION('',(1.,0.,0.));
#14498 = DEFINITIONAL_REPRESENTATION('',(#14499),#14503);
#14499 = LINE('',#14500,#14501);
#14500 = CARTESIAN_POINT('',(-0.,-0.));
#14501 = VECTOR('',#14502,1.);
#14502 = DIRECTION('',(-1.,-0.));
#14503 = ( GEOMETRIC_REPRESENTATION_CONTEXT(2) 
PARAMETRIC_REPRESENTATION_CONTEXT() REPRESENTATION_CONTEXT('2D SPACE',''
  ) );
#14504 = ORIENTED_EDGE('',*,*,#14448,.F.);
#14505 = ORIENTED_EDGE('',*,*,#14506,.T.);
#14506 = EDGE_CURVE('',#14449,#14449,#14507,.T.);
#14507 = SURFACE_CURVE('',#14508,(#14513,#14520),.PCURVE_S1.);
#14508 = CIRCLE('',#14509,9.);
#14509 = AXIS2_PLACEMENT_3D('',#14510,#14511,#14512);
#14510 = CARTESIAN_POINT('',(0.,0.,1.));
#14511 = DIRECTION('',(0.,0.,1.));
#14512 = DIRECTION('',(1.,0.,-0.));
#14513 = PCURVE('',#14459,#14514);
#14514 = DEFINITIONAL_REPRESENTATION('',(#14515),#14519);
#14515 = LINE('',#14516,#14517);
#14516 = CARTESIAN_POINT('',(0.,1.));
#14517 = VECTOR('',#14518,1.);
#14518 = DIRECTION('',(1.,0.));
#14519 = ( GEOMETRIC_REPRESENTATION_CONTEXT(2) 
PARAMETRIC_REPRESENTATION_CONTEXT() REPRESENTATION_CONTEXT('2D SPACE',''
  ) );
#14520 = PCURVE('',#14521,#14526);
#14521 = CONICAL_SURFACE('',#14522,9.,0.785398163397);
#14522 = AXIS2_PLACEMENT_3D('',#14523,#14524,#14525);
#14523 = CARTESIAN_POINT('',(0.,0.,1.));
#14524 = DIRECTION('',(0.,0.,1.));
#14525 = DIRECTION('',(1.,0.,-0.));
#14526 = DEFINITIONAL_REPRESENTATION('',(#14527),#14531);
#14527 = LINE('',#14528,#14529);
#14528 = CARTESIAN_POINT('',(0.,-0.));
#14529 = VECTOR('',#14530,1.);
#14530 = DIRECTION('',(1.,-0.));
#14531 = ( GEOMETRIC_REPRESENTATION_CONTEXT(2) 
PARAMETRIC_REPRESENTATION_CONTEXT() REPRESENTATION_CONTEXT('2D SPACE',''
  ) );
#14532 = ADVANCED_FACE('',(#14533),#14521,.T.);
#14533 = FACE_BOUND('',#14534,.F.);
#14534 = EDGE_LOOP('',(#14535,#14556,#14557,#14558));
#14535 = ORIENTED_EDGE('',*,*,#14536,.F.);
#14536 = EDGE_CURVE('',#14449,#14537,#14539,.T.);
#14537 = VERTEX_POINT('',#14538);
#14538 = CARTESIAN_POINT('',(8.,0.,0.));
#14539 = SEAM_CURVE('',#14540,(#14544,#14550),.PCURVE_S1.);
#14540 = LINE('',#14541,#14542);
#14541 = CARTESIAN_POINT('',(9.,0.,1.));
#14542 = VECTOR('',#14543,1.);
#14543 = DIRECTION('',(-0.707106781187,-0.,-0.707106781187));
#14544 = PCURVE('',#14521,#14545);
#14545 = DEFINITIONAL_REPRESENTATION('',(#14546),#14549);
#14546 = B_SPLINE_CURVE_WITH_KNOTS('',1,(#14547,#14548),.UNSPECIFIED.,
  .F.,.F.,(2,2),(0.,1.414213562373),.PIECEWISE_BEZIER_KNOTS.);
#14547 = CARTESIAN_POINT('',(0.,0.));
#14548 = CARTESIAN_POINT('',(0.,-1.));
#14549 = ( GEOMETRIC_REPRESENTATION_CONTEXT(2) 
PARAMETRIC_REPRESENTATION_CONTEXT() REPRESENTATION_CONTEXT('2D SPACE',''
  ) );
#14550 = PCURVE('',#14521,#14551);
#14551 = DEFINITIONAL_REPRESENTATION('',(#14552),#14555);
#14552 = B_SPLINE_CURVE_WITH_KNOTS('',1,(#14553,#14554),.UNSPECIFIED.,
  .F.,.F.,(2,2),(0.,1.414213562373),.PIECEWISE_BEZIER_KNOTS.);
#14553 = CARTESIAN_POINT('',(6.28318530718,0.));
#14554 = CARTESIAN_POINT('',(6.28318530718,-1.));
#14555 = ( GEOMETRIC_REPRESENTATION_CONTEXT(2) 
PARAMETRIC_REPRESENTATION_CONTEXT() REPRESENTATION_CONTEXT('2D SPACE',''
  ) );
#14556 = ORIENTED_EDGE('',*,*,#14506,.T.);
#14557 = ORIENTED_EDGE('',*,*,#14536,.T.);
#14558 = ORIENTED_EDGE('',*,*,#14559,.F.);
#14559 = EDGE_CURVE('',#14537,#14537,#14560,.T.);
#14560 = SURFACE_CURVE('',#14561,(#14566,#14573),.PCURVE_S1.);
#14561 = CIRCLE('',#14562,8.);
#14562 = AXIS2_PLACEMENT_3D('',#14563,#14564,#14565);
#14563 = CARTESIAN_POINT('',(0.,0.,0.));
#14564 = DIRECTION('',(0.,0.,1.));
#14565 = DIRECTION('',(1.,0.,-0.));
#14566 = PCURVE('',#14521,#14567);
#14567 = DEFINITIONAL_REPRESENTATION('',(#14568),#14572);
#14568 = LINE('',#14569,#14570);
#14569 = CARTESIAN_POINT('',(0.,-1.));
#14570 = VECTOR('',#14571,1.);
#14571 = DIRECTION('',(1.,-0.));
#14572 = ( GEOMETRIC_REPRESENTATION_CONTEXT(2) 
PARAMETRIC_REPRESENTATION_CONTEXT() REPRESENTATION_CONTEXT('2D SPACE',''
  ) );
#14573 = PCURVE('',#14574,#14579);
#14574 = PLANE('',#14575);
#14575 = AXIS2_PLACEMENT_3D('',#14576,#14577,#14578);
#14576 = CARTESIAN_POINT('',(0.,0.,0.));
#14577 = DIRECTION('',(0.,0.,1.));
#14578 = DIRECTION('',(1.,0.,0.));
#14579 = DEFINITIONAL_REPRESENTATION('',(#14580),#14584);
#14580 = CIRCLE('',#14581,8.);
#14581 = AXIS2_PLACEMENT_2D('',#14582,#14583);
#14582 = CARTESIAN_POINT('',(0.,0.));
#14583 = DIRECTION('',(1.,0.));
#14584 = ( GEOMETRIC_REPRESENTATION_CONTEXT(2) 
PARAMETRIC_REPRESENTATION_CONTEXT() REPRESENTATION_CONTEXT('2D SPACE',''
  ) );
#14585 = ADVANCED_FACE('',(#14586),#14493,.T.);
#14586 = FACE_BOUND('',#14587,.T.);
#14587 = EDGE_LOOP('',(#14588,#14609,#14610,#14611));
#14588 = ORIENTED_EDGE('',*,*,#14589,.F.);
#14589 = EDGE_CURVE('',#14451,#14590,#14592,.T.);
#14590 = VERTEX_POINT('',#14591);
#14591 = CARTESIAN_POINT('',(8.,0.,7.));
#14592 = SEAM_CURVE('',#14593,(#14597,#14603),.PCURVE_S1.);
#14593 = LINE('',#14594,#14595);
#14594 = CARTESIAN_POINT('',(9.,0.,6.));
#14595 = VECTOR('',#14596,1.);
#14596 = DIRECTION('',(-0.707106781187,0.,0.707106781187));
#14597 = PCURVE('',#14493,#14598);
#14598 = DEFINITIONAL_REPRESENTATION('',(#14599),#14602);
#14599 = B_SPLINE_CURVE_WITH_KNOTS('',1,(#14600,#14601),.UNSPECIFIED.,
  .F.,.F.,(2,2),(0.,1.414213562373),.PIECEWISE_BEZIER_KNOTS.);
#14600 = CARTESIAN_POINT('',(0.,0.));
#14601 = CARTESIAN_POINT('',(0.,-1.));
#14602 = ( GEOMETRIC_REPRESENTATION_CONTEXT(2) 
PARAMETRIC_REPRESENTATION_CONTEXT() REPRESENTATION_CONTEXT('2D SPACE',''
  ) );
#14603 = PCURVE('',#14493,#14604);
#14604 = DEFINITIONAL_REPRESENTATION('',(#14605),#14608);
#14605 = B_SPLINE_CURVE_WITH_KNOTS('',1,(#14606,#14607),.UNSPECIFIED.,
  .F.,.F.,(2,2),(0.,1.414213562373),.PIECEWISE_BEZIER_KNOTS.);
#14606 = CARTESIAN_POINT('',(-6.28318530718,0.));
#14607 = CARTESIAN_POINT('',(-6.28318530718,-1.));
#14608 = ( GEOMETRIC_REPRESENTATION_CONTEXT(2) 
PARAMETRIC_REPRESENTATION_CONTEXT() REPRESENTATION_CONTEXT('2D SPACE',''
  ) );
#14609 = ORIENTED_EDGE('',*,*,#14478,.T.);
#14610 = ORIENTED_EDGE('',*,*,#14589,.T.);
#14611 = ORIENTED_EDGE('',*,*,#14612,.F.);
#14612 = EDGE_CURVE('',#14590,#14590,#14613,.T.);
#14613 = SURFACE_CURVE('',#14614,(#14619,#14626),.PCURVE_S1.);
#14614 = CIRCLE('',#14615,8.);
#14615 = AXIS2_PLACEMENT_3D('',#14616,#14617,#14618);
#14616 = CARTESIAN_POINT('',(0.,0.,7.));
#14617 = DIRECTION('',(0.,0.,1.));
#14618 = DIRECTION('',(1.,0.,-0.));
#14619 = PCURVE('',#14493,#14620);
#14620 = DEFINITIONAL_REPRESENTATION('',(#14621),#14625);
#14621 = LINE('',#14622,#14623);
#14622 = CARTESIAN_POINT('',(-0.,-1.));
#14623 = VECTOR('',#14624,1.);
#14624 = DIRECTION('',(-1.,-0.));
#14625 = ( GEOMETRIC_REPRESENTATION_CONTEXT(2) 
PARAMETRIC_REPRESENTATION_CONTEXT() REPRESENTATION_CONTEXT('2D SPACE',''
  ) );
#14626 = PCURVE('',#14627,#14632);
#14627 = PLANE('',#14628);
#14628 = AXIS2_PLACEMENT_3D('',#14629,#14630,#14631);
#14629 = CARTESIAN_POINT('',(0.,0.,7.));
#14630 = DIRECTION('',(0.,0.,1.));
#14631 = DIRECTION('',(1.,0.,0.));
#14632 = DEFINITIONAL_REPRESENTATION('',(#14633),#14637);
#14633 = CIRCLE('',#14634,8.);
#14634 = AXIS2_PLACEMENT_2D('',#14635,#14636);
#14635 = CARTESIAN_POINT('',(0.,0.));
#14636 = DIRECTION('',(1.,0.));
#14637 = ( GEOMETRIC_REPRESENTATION_CONTEXT(2) 
PARAMETRIC_REPRESENTATION_CONTEXT() REPRESENTATION_CONTEXT('2D SPACE',''
  ) );
#14638 = ADVANCED_FACE('',(#14639),#14574,.F.);
#14639 = FACE_BOUND('',#14640,.F.);
#14640 = EDGE_LOOP('',(#14641));
#14641 = ORIENTED_EDGE('',*,*,#14559,.T.);
#14642 = ADVANCED_FACE('',(#14643),#14627,.T.);
#14643 = FACE_BOUND('',#14644,.T.);
#14644 = EDGE_LOOP('',(#14645));
#14645 = ORIENTED_EDGE('',*,*,#14612,.T.);
#14646 = ( GEOMETRIC_REPRESENTATION_CONTEXT(3) 
GLOBAL_UNCERTAINTY_ASSIGNED_CONTEXT((#14650)) 
GLOBAL_UNIT_ASSIGNED_CONTEXT((#14647,#14648,#14649)) 
REPRESENTATION_CONTEXT('Context #1',
  '3D Context with UNIT and UNCERTAINTY') );
#14647 = ( LENGTH_UNIT() NAMED_UNIT(*) SI_UNIT(.MILLI.,.METRE.) );
#14648 = ( NAMED_UNIT(*) PLANE_ANGLE_UNIT() SI_UNIT($,.RADIAN.) );
#14649 = ( NAMED_UNIT(*) SI_UNIT($,.STERADIAN.) SOLID_ANGLE_UNIT() );
#14650 = UNCERTAINTY_MEASURE_WITH_UNIT(LENGTH_MEASURE(1.E-07),#14647,
  'distance_accuracy_value','confusion accuracy');
#14651 = CONTEXT_DEPENDENT_SHAPE_REPRESENTATION(#14652,#14654);
#14652 = ( REPRESENTATION_RELATIONSHIP('','',#14441,#10) 
REPRESENTATION_RELATIONSHIP_WITH_TRANSFORMATION(#14653) 
SHAPE_REPRESENTATION_RELATIONSHIP() );
#14653 = ITEM_DEFINED_TRANSFORMATION('','',#11,#179);
#14654 = PRODUCT_DEFINITION_SHAPE('Placement','Placement of an item',
  #14655);
#14655 = NEXT_ASSEMBLY_USAGE_OCCURRENCE('42','seed_large_09','',#5,
  #14436,$);
#14656 = PRODUCT_RELATED_PRODUCT_CATEGORY('part',$,(#14438));
#14657 = SHAPE_DEFINITION_REPRESENTATION(#14658,#14664);
#14658 = PRODUCT_DEFINITION_SHAPE('','',#14659);
#14659 = PRODUCT_DEFINITION('design','',#14660,#14663);
#14660 = PRODUCT_DEFINITION_FORMATION('','',#14661);
#14661 = PRODUCT('seed_large_10','seed_large_10','',(#14662));
#14662 = PRODUCT_CONTEXT('',#2,'mechanical');
#14663 = PRODUCT_DEFINITION_CONTEXT('part definition',#2,'design');
#14664 = ADVANCED_BREP_SHAPE_REPRESENTATION('',(#11,#14665),#14869);
#14665 = MANIFOLD_SOLID_BREP('',#14666);
#14666 = CLOSED_SHELL('',(#14667,#14755,#14808,#14861,#14865));
#14667 = ADVANCED_FACE('',(#14668),#14682,.T.);
#14668 = FACE_BOUND('',#14669,.T.);
#14669 = EDGE_LOOP('',(#14670,#14700,#14727,#14728));
#14670 = ORIENTED_EDGE('',*,*,#14671,.T.);
#14671 = EDGE_CURVE('',#14672,#14674,#14676,.T.);
#14672 = VERTEX_POINT('',#14673);
#14673 = CARTESIAN_POINT('',(9.,0.,1.));
#14674 = VERTEX_POINT('',#14675);
#14675 = CARTESIAN_POINT('',(9.,0.,6.));
#14676 = SEAM_CURVE('',#14677,(#14681,#14693),.PCURVE_S1.);
#14677 = LINE('',#14678,#14679);
#14678 = CARTESIAN_POINT('',(9.,-2.204364238465E-15,0.));
#14679 = VECTOR('',#14680,1.);
#14680 = DIRECTION('',(0.,0.,1.));
#14681 = PCURVE('',#14682,#14687);
#14682 = CYLINDRICAL_SURFACE('',#14683,9.);
#14683 = AXIS2_PLACEMENT_3D('',#14684,#14685,#14686);
#14684 = CARTESIAN_POINT('',(0.,0.,0.));
#14685 = DIRECTION('',(0.,0.,1.));
#14686 = DIRECTION('',(1.,0.,0.));
#14687 = DEFINITIONAL_REPRESENTATION('',(#14688),#14692);
#14688 = LINE('',#14689,#14690);
#14689 = CARTESIAN_POINT('',(6.28318530718,-0.));
#14690 = VECTOR('',#14691,1.);
#14691 = DIRECTION('',(0.,1.));
#14692 = ( GEOMETRIC_REPRESENTATION_CONTEXT(2) 
PARAMETRIC_REPRESENTATION_CONTEXT() REPRESENTATION_CONTEXT('2D SPACE',''
  ) );
#14693 = PCURVE('',#14682,#14694);
#14694 = DEFINITIONAL_REPRESENTATION('',(#14695),#14699);
#14695 = LINE('',#14696,#14697);
#14696 = CARTESIAN_POINT('',(0.,-0.));
#14697 = VECTOR('',#14698,1.);
#14698 = DIRECTION('',(0.,1.));
#14699 = ( GEOMETRIC_REPRESENTATION_CONTEXT(2) 
PARAMETRIC_REPRESENTATION_CONTEXT() REPRESENTATION_CONTEXT('2D SPACE',''
  ) );
#14700 = ORIENTED_EDGE('',*,*,#14701,.F.);
#14701 = EDGE_CURVE('',#14674,#14674,#14702,.T.);
#14702 = SURFACE_CURVE('',#14703,(#14708,#14715),.PCURVE_S1.);
#14703 = CIRCLE('',#14704,9.);
#14704 = AXIS2_PLACEMENT_3D('',#14705,#14706,#14707);
#14705 = CARTESIAN_POINT('',(0.,0.,6.));
#14706 = DIRECTION('',(0.,0.,1.));
#14707 = DIRECTION('',(1.,0.,-0.));
#14708 = PCURVE('',#14682,#14709);
#14709 = DEFINITIONAL_REPRESENTATION('',(#14710),#14714);
#14710 = LINE('',#14711,#14712);
#14711 = CARTESIAN_POINT('',(0.,6.));
#14712 = VECTOR('',#14713,1.);
#14713 = DIRECTION('',(1.,0.));
#14714 = ( GEOMETRIC_REPRESENTATION_CONTEXT(2) 
PARAMETRIC_REPRESENTATION_CONTEXT() REPRESENTATION_CONTEXT('2D SPACE',''
  ) );
#14715 = PCURVE('',#14716,#14721);
#14716 = CONICAL_SURFACE('',#14717,9.,0.785398163397);
#14717 = AXIS2_PLACEMENT_3D('',#14718,#14719,#14720);
#14718 = CARTESIAN_POINT('',(0.,0.,6.));
#14719 = DIRECTION('',(-0.,-0.,-1.));
#14720 = DIRECTION('',(1.,0.,0.));
#14721 = DEFINITIONAL_REPRESENTATION('',(#14722),#14726);
#14722 = LINE('',#14723,#14724);
#14723 = CARTESIAN_POINT('',(-0.,-0.));
#14724 = VECTOR('',#14725,1.);
#14725 = DIRECTION('',(-1.,-0.));
#14726 = ( GEOMETRIC_REPRESENTATION_CONTEXT(2) 
PARAMETRIC_REPRESENTATION_CONTEXT() REPRESENTATION_CONTEXT('2D SPACE',''
  ) );
#14727 = ORIENTED_EDGE('',*,*,#14671,.F.);
#14728 = ORIENTED_EDGE('',*,*,#14729,.T.);
#14729 = EDGE_CURVE('',#14672,#14672,#14730,.T.);
#14730 = SURFACE_CURVE('',#14731,(#14736,#14743),.PCURVE_S1.);
#14731 = CIRCLE('',#14732,9.);
#14732 = AXIS2_PLACEMENT_3D('',#14733,#14734,#14735);
#14733 = CARTESIAN_POINT('',(0.,0.,1.));
#14734 = DIRECTION('',(0.,0.,1.));
#14735 = DIRECTION('',(1.,0.,-0.));
#14736 = PCURVE('',#14682,#14737);
#14737 = DEFINITIONAL_REPRESENTATION('',(#14738),#14742);
#14738 = LINE('',#14739,#14740);
#14739 = CARTESIAN_POINT('',(0.,1.));
#14740 = VECTOR('',#14741,1.);
#14741 = DIRECTION('',(1.,0.));
#14742 = ( GEOMETRIC_REPRESENTATION_CONTEXT(2) 
PARAMETRIC_REPRESENTATION_CONTEXT() REPRESENTATION_CONTEXT('2D SPACE',''
  ) );
#14743 = PCURVE('',#14744,#14749);
#14744 = CONICAL_SURFACE('',#14745,9.,0.785398163397);
#14745 = AXIS2_PLACEMENT_3D('',#14746,#14747,#14748);
#14746 = CARTESIAN_POINT('',(0.,0.,1.));
#14747 = DIRECTION('',(0.,0.,1.));
#14748 = DIRECTION('',(1.,0.,-0.));
#14749 = DEFINITIONAL_REPRESENTATION('',(#14750),#14754);
#14750 = LINE('',#14751,#14752);
#14751 = CARTESIAN_POINT('',(0.,-0.));
#14752 = VECTOR('',#14753,1.);
#14753 = DIRECTION('',(1.,-0.));
#14754 = ( GEOMETRIC_REPRESENTATION_CONTEXT(2) 
PARAMETRIC_REPRESENTATION_CONTEXT() REPRESENTATION_CONTEXT('2D SPACE',''
  ) );
#14755 = ADVANCED_FACE('',(#14756),#14744,.T.);
#14756 = FACE_BOUND('',#14757,.F.);
#14757 = EDGE_LOOP('',(#14758,#14779,#14780,#14781));
#14758 = ORIENTED_EDGE('',*,*,#14759,.F.);
#14759 = EDGE_CURVE('',#14672,#14760,#14762,.T.);
#14760 = VERTEX_POINT('',#14761);
#14761 = CARTESIAN_POINT('',(8.,0.,0.));
#14762 = SEAM_CURVE('',#14763,(#14767,#14773),.PCURVE_S1.);
#14763 = LINE('',#14764,#14765);
#14764 = CARTESIAN_POINT('',(9.,0.,1.));
#14765 = VECTOR('',#14766,1.);
#14766 = DIRECTION('',(-0.707106781187,-0.,-0.707106781187));
#14767 = PCURVE('',#14744,#14768);
#14768 = DEFINITIONAL_REPRESENTATION('',(#14769),#14772);
#14769 = B_SPLINE_CURVE_WITH_KNOTS('',1,(#14770,#14771),.UNSPECIFIED.,
  .F.,.F.,(2,2),(0.,1.414213562373),.PIECEWISE_BEZIER_KNOTS.);
#14770 = CARTESIAN_POINT('',(0.,0.));
#14771 = CARTESIAN_POINT('',(0.,-1.));
#14772 = ( GEOMETRIC_REPRESENTATION_CONTEXT(2) 
PARAMETRIC_REPRESENTATION_CONTEXT() REPRESENTATION_CONTEXT('2D SPACE',''
  ) );
#14773 = PCURVE('',#14744,#14774);
#14774 = DEFINITIONAL_REPRESENTATION('',(#14775),#14778);
#14775 = B_SPLINE_CURVE_WITH_KNOTS('',1,(#14776,#14777),.UNSPECIFIED.,
  .F.,.F.,(2,2),(0.,1.414213562373),.PIECEWISE_BEZIER_KNOTS.);
#14776 = CARTESIAN_POINT('',(6.28318530718,0.));
#14777 = CARTESIAN_POINT('',(6.28318530718,-1.));
#14778 = ( GEOMETRIC_REPRESENTATION_CONTEXT(2) 
PARAMETRIC_REPRESENTATION_CONTEXT() REPRESENTATION_CONTEXT('2D SPACE',''
  ) );
#14779 = ORIENTED_EDGE('',*,*,#14729,.T.);
#14780 = ORIENTED_EDGE('',*,*,#14759,.T.);
#14781 = ORIENTED_EDGE('',*,*,#14782,.F.);
#14782 = EDGE_CURVE('',#14760,#14760,#14783,.T.);
#14783 = SURFACE_CURVE('',#14784,(#14789,#14796),.PCURVE_S1.);
#14784 = CIRCLE('',#14785,8.);
#14785 = AXIS2_PLACEMENT_3D('',#14786,#14787,#14788);
#14786 = CARTESIAN_POINT('',(0.,0.,0.));
#14787 = DIRECTION('',(0.,0.,1.));
#14788 = DIRECTION('',(1.,0.,-0.));
#14789 = PCURVE('',#14744,#14790);
#14790 = DEFINITIONAL_REPRESENTATION('',(#14791),#14795);
#14791 = LINE('',#14792,#14793);
#14792 = CARTESIAN_POINT('',(0.,-1.));
#14793 = VECTOR('',#14794,1.);
#14794 = DIRECTION('',(1.,-0.));
#14795 = ( GEOMETRIC_REPRESENTATION_CONTEXT(2) 
PARAMETRIC_REPRESENTATION_CONTEXT() REPRESENTATION_CONTEXT('2D SPACE',''
  ) );
#14796 = PCURVE('',#14797,#14802);
#14797 = PLANE('',#14798);
#14798 = AXIS2_PLACEMENT_3D('',#14799,#14800,#14801);
#14799 = CARTESIAN_POINT('',(0.,0.,0.));
#14800 = DIRECTION('',(0.,0.,1.));
#14801 = DIRECTION('',(1.,0.,0.));
#14802 = DEFINITIONAL_REPRESENTATION('',(#14803),#14807);
#14803 = CIRCLE('',#14804,8.);
#14804 = AXIS2_PLACEMENT_2D('',#14805,#14806);
#14805 = CARTESIAN_POINT('',(0.,0.));
#14806 = DIRECTION('',(1.,0.));
#14807 = ( GEOMETRIC_REPRESENTATION_CONTEXT(2) 
PARAMETRIC_REPRESENTATION_CONTEXT() REPRESENTATION_CONTEXT('2D SPACE',''
  ) );
#14808 = ADVANCED_FACE('',(#14809),#14716,.T.);
#14809 = FACE_BOUND('',#14810,.T.);
#14810 = EDGE_LOOP('',(#14811,#14832,#14833,#14834));
#14811 = ORIENTED_EDGE('',*,*,#14812,.F.);
#14812 = EDGE_CURVE('',#14674,#14813,#14815,.T.);
#14813 = VERTEX_POINT('',#14814);
#14814 = CARTESIAN_POINT('',(8.,0.,7.));
#14815 = SEAM_CURVE('',#14816,(#14820,#14826),.PCURVE_S1.);
#14816 = LINE('',#14817,#14818);
#14817 = CARTESIAN_POINT('',(9.,0.,6.));
#14818 = VECTOR('',#14819,1.);
#14819 = DIRECTION('',(-0.707106781187,0.,0.707106781187));
#14820 = PCURVE('',#14716,#14821);
#14821 = DEFINITIONAL_REPRESENTATION('',(#14822),#14825);
#14822 = B_SPLINE_CURVE_WITH_KNOTS('',1,(#14823,#14824),.UNSPECIFIED.,
  .F.,.F.,(2,2),(0.,1.414213562373),.PIECEWISE_BEZIER_KNOTS.);
#14823 = CARTESIAN_POINT('',(0.,0.));
#14824 = CARTESIAN_POINT('',(0.,-1.));
#14825 = ( GEOMETRIC_REPRESENTATION_CONTEXT(2) 
PARAMETRIC_REPRESENTATION_CONTEXT() REPRESENTATION_CONTEXT('2D SPACE',''
  ) );
#14826 = PCURVE('',#14716,#14827);
#14827 = DEFINITIONAL_REPRESENTATION('',(#14828),#14831);
#14828 = B_SPLINE_CURVE_WITH_KNOTS('',1,(#14829,#14830),.UNSPECIFIED.,
  .F.,.F.,(2,2),(0.,1.414213562373),.PIECEWISE_BEZIER_KNOTS.);
#14829 = CARTESIAN_POINT('',(-6.28318530718,0.));
#14830 = CARTESIAN_POINT('',(-6.28318530718,-1.));
#14831 = ( GEOMETRIC_REPRESENTATION_CONTEXT(2) 
PARAMETRIC_REPRESENTATION_CONTEXT() REPRESENTATION_CONTEXT('2D SPACE',''
  ) );
#14832 = ORIENTED_EDGE('',*,*,#14701,.T.);
#14833 = ORIENTED_EDGE('',*,*,#14812,.T.);
#14834 = ORIENTED_EDGE('',*,*,#14835,.F.);
#14835 = EDGE_CURVE('',#14813,#14813,#14836,.T.);
#14836 = SURFACE_CURVE('',#14837,(#14842,#14849),.PCURVE_S1.);
#14837 = CIRCLE('',#14838,8.);
#14838 = AXIS2_PLACEMENT_3D('',#14839,#14840,#14841);
#14839 = CARTESIAN_POINT('',(0.,0.,7.));
#14840 = DIRECTION('',(0.,0.,1.));
#14841 = DIRECTION('',(1.,0.,-0.));
#14842 = PCURVE('',#14716,#14843);
#14843 = DEFINITIONAL_REPRESENTATION('',(#14844),#14848);
#14844 = LINE('',#14845,#14846);
#14845 = CARTESIAN_POINT('',(-0.,-1.));
#14846 = VECTOR('',#14847,1.);
#14847 = DIRECTION('',(-1.,-0.));
#14848 = ( GEOMETRIC_REPRESENTATION_CONTEXT(2) 
PARAMETRIC_REPRESENTATION_CONTEXT() REPRESENTATION_CONTEXT('2D SPACE',''
  ) );
#14849 = PCURVE('',#14850,#14855);
#14850 = PLANE('',#14851);
#14851 = AXIS2_PLACEMENT_3D('',#14852,#14853,#14854);
#14852 = CARTESIAN_POINT('',(0.,0.,7.));
#14853 = DIRECTION('',(0.,0.,1.));
#14854 = DIRECTION('',(1.,0.,0.));
#14855 = DEFINITIONAL_REPRESENTATION('',(#14856),#14860);
#14856 = CIRCLE('',#14857,8.);
#14857 = AXIS2_PLACEMENT_2D('',#14858,#14859);
#14858 = CARTESIAN_POINT('',(0.,0.));
#14859 = DIRECTION('',(1.,0.));
#14860 = ( GEOMETRIC_REPRESENTATION_CONTEXT(2) 
PARAMETRIC_REPRESENTATION_CONTEXT() REPRESENTATION_CONTEXT('2D SPACE',''
  ) );
#14861 = ADVANCED_FACE('',(#14862),#14797,.F.);
#14862 = FACE_BOUND('',#14863,.F.);
#14863 = EDGE_LOOP('',(#14864));
#14864 = ORIENTED_EDGE('',*,*,#14782,.T.);
#14865 = ADVANCED_FACE('',(#14866),#14850,.T.);
#14866 = FACE_BOUND('',#14867,.T.);
#14867 = EDGE_LOOP('',(#14868));
#14868 = ORIENTED_EDGE('',*,*,#14835,.T.);
#14869 = ( GEOMETRIC_REPRESENTATION_CONTEXT(3) 
GLOBAL_UNCERTAINTY_ASSIGNED_CONTEXT((#14873)) 
GLOBAL_UNIT_ASSIGNED_CONTEXT((#14870,#14871,#14872)) 
REPRESENTATION_CONTEXT('Context #1',
  '3D Context with UNIT and UNCERTAINTY') );
#14870 = ( LENGTH_UNIT() NAMED_UNIT(*) SI_UNIT(.MILLI.,.METRE.) );
#14871 = ( NAMED_UNIT(*) PLANE_ANGLE_UNIT() SI_UNIT($,.RADIAN.) );
#14872 = ( NAMED_UNIT(*) SI_UNIT($,.STERADIAN.) SOLID_ANGLE_UNIT() );
#14873 = UNCERTAINTY_MEASURE_WITH_UNIT(LENGTH_MEASURE(1.E-07),#14870,
  'distance_accuracy_value','confusion accuracy');
#14874 = CONTEXT_DEPENDENT_SHAPE_REPRESENTATION(#14875,#14877);
#14875 = ( REPRESENTATION_RELATIONSHIP('','',#14664,#10) 
REPRESENTATION_RELATIONSHIP_WITH_TRANSFORMATION(#14876) 
SHAPE_REPRESENTATION_RELATIONSHIP() );
#14876 = ITEM_DEFINED_TRANSFORMATION('','',#11,#183);
#14877 = PRODUCT_DEFINITION_SHAPE('Placement','Placement of an item',
  #14878);
#14878 = NEXT_ASSEMBLY_USAGE_OCCURRENCE('43','seed_large_10','',#5,
  #14659,$);
#14879 = PRODUCT_RELATED_PRODUCT_CATEGORY('part',$,(#14661));
#14880 = SHAPE_DEFINITION_REPRESENTATION(#14881,#14887);
#14881 = PRODUCT_DEFINITION_SHAPE('','',#14882);
#14882 = PRODUCT_DEFINITION('design','',#14883,#14886);
#14883 = PRODUCT_DEFINITION_FORMATION('','',#14884);
#14884 = PRODUCT('seed_large_11','seed_large_11','',(#14885));
#14885 = PRODUCT_CONTEXT('',#2,'mechanical');
#14886 = PRODUCT_DEFINITION_CONTEXT('part definition',#2,'design');
#14887 = ADVANCED_BREP_SHAPE_REPRESENTATION('',(#11,#14888),#15092);
#14888 = MANIFOLD_SOLID_BREP('',#14889);
#14889 = CLOSED_SHELL('',(#14890,#14978,#15031,#15084,#15088));
#14890 = ADVANCED_FACE('',(#14891),#14905,.T.);
#14891 = FACE_BOUND('',#14892,.T.);
#14892 = EDGE_LOOP('',(#14893,#14923,#14950,#14951));
#14893 = ORIENTED_EDGE('',*,*,#14894,.T.);
#14894 = EDGE_CURVE('',#14895,#14897,#14899,.T.);
#14895 = VERTEX_POINT('',#14896);
#14896 = CARTESIAN_POINT('',(9.,0.,1.));
#14897 = VERTEX_POINT('',#14898);
#14898 = CARTESIAN_POINT('',(9.,0.,6.));
#14899 = SEAM_CURVE('',#14900,(#14904,#14916),.PCURVE_S1.);
#14900 = LINE('',#14901,#14902);
#14901 = CARTESIAN_POINT('',(9.,-2.204364238465E-15,0.));
#14902 = VECTOR('',#14903,1.);
#14903 = DIRECTION('',(0.,0.,1.));
#14904 = PCURVE('',#14905,#14910);
#14905 = CYLINDRICAL_SURFACE('',#14906,9.);
#14906 = AXIS2_PLACEMENT_3D('',#14907,#14908,#14909);
#14907 = CARTESIAN_POINT('',(0.,0.,0.));
#14908 = DIRECTION('',(0.,0.,1.));
#14909 = DIRECTION('',(1.,0.,0.));
#14910 = DEFINITIONAL_REPRESENTATION('',(#14911),#14915);
#14911 = LINE('',#14912,#14913);
#14912 = CARTESIAN_POINT('',(6.28318530718,-0.));
#14913 = VECTOR('',#14914,1.);
#14914 = DIRECTION('',(0.,1.));
#14915 = ( GEOMETRIC_REPRESENTATION_CONTEXT(2) 
PARAMETRIC_REPRESENTATION_CONTEXT() REPRESENTATION_CONTEXT('2D SPACE',''
  ) );
#14916 = PCURVE('',#14905,#14917);
#14917 = DEFINITIONAL_REPRESENTATION('',(#14918),#14922);
#14918 = LINE('',#14919,#14920);
#14919 = CARTESIAN_POINT('',(0.,-0.));
#14920 = VECTOR('',#14921,1.);
#14921 = DIRECTION('',(0.,1.));
#14922 = ( GEOMETRIC_REPRESENTATION_CONTEXT(2) 
PARAMETRIC_REPRESENTATION_CONTEXT() REPRESENTATION_CONTEXT('2D SPACE',''
  ) );
#14923 = ORIENTED_EDGE('',*,*,#14924,.F.);
#14924 = EDGE_CURVE('',#14897,#14897,#14925,.T.);
#14925 = SURFACE_CURVE('',#14926,(#14931,#14938),.PCURVE_S1.);
#14926 = CIRCLE('',#14927,9.);
#14927 = AXIS2_PLACEMENT_3D('',#14928,#14929,#14930);
#14928 = CARTESIAN_POINT('',(0.,0.,6.));
#14929 = DIRECTION('',(0.,0.,1.));
#14930 = DIRECTION('',(1.,0.,-0.));
#14931 = PCURVE('',#14905,#14932);
#14932 = DEFINITIONAL_REPRESENTATION('',(#14933),#14937);
#14933 = LINE('',#14934,#14935);
#14934 = CARTESIAN_POINT('',(0.,6.));
#14935 = VECTOR('',#14936,1.);
#14936 = DIRECTION('',(1.,0.));
#14937 = ( GEOMETRIC_REPRESENTATION_CONTEXT(2) 
PARAMETRIC_REPRESENTATION_CONTEXT() REPRESENTATION_CONTEXT('2D SPACE',''
  ) );
#14938 = PCURVE('',#14939,#14944);
#14939 = CONICAL_SURFACE('',#14940,9.,0.785398163397);
#14940 = AXIS2_PLACEMENT_3D('',#14941,#14942,#14943);
#14941 = CARTESIAN_POINT('',(0.,0.,6.));
#14942 = DIRECTION('',(-0.,-0.,-1.));
#14943 = DIRECTION('',(1.,0.,0.));
#14944 = DEFINITIONAL_REPRESENTATION('',(#14945),#14949);
#14945 = LINE('',#14946,#14947);
#14946 = CARTESIAN_POINT('',(-0.,-0.));
#14947 = VECTOR('',#14948,1.);
#14948 = DIRECTION('',(-1.,-0.));
#14949 = ( GEOMETRIC_REPRESENTATION_CONTEXT(2) 
PARAMETRIC_REPRESENTATION_CONTEXT() REPRESENTATION_CONTEXT('2D SPACE',''
  ) );
#14950 = ORIENTED_EDGE('',*,*,#14894,.F.);
#14951 = ORIENTED_EDGE('',*,*,#14952,.T.);
#14952 = EDGE_CURVE('',#14895,#14895,#14953,.T.);
#14953 = SURFACE_CURVE('',#14954,(#14959,#14966),.PCURVE_S1.);
#14954 = CIRCLE('',#14955,9.);
#14955 = AXIS2_PLACEMENT_3D('',#14956,#14957,#14958);
#14956 = CARTESIAN_POINT('',(0.,0.,1.));
#14957 = DIRECTION('',(0.,0.,1.));
#14958 = DIRECTION('',(1.,0.,-0.));
#14959 = PCURVE('',#14905,#14960);
#14960 = DEFINITIONAL_REPRESENTATION('',(#14961),#14965);
#14961 = LINE('',#14962,#14963);
#14962 = CARTESIAN_POINT('',(0.,1.));
#14963 = VECTOR('',#14964,1.);
#14964 = DIRECTION('',(1.,0.));
#14965 = ( GEOMETRIC_REPRESENTATION_CONTEXT(2) 
PARAMETRIC_REPRESENTATION_CONTEXT() REPRESENTATION_CONTEXT('2D SPACE',''
  ) );
#14966 = PCURVE('',#14967,#14972);
#14967 = CONICAL_SURFACE('',#14968,9.,0.785398163397);
#14968 = AXIS2_PLACEMENT_3D('',#14969,#14970,#14971);
#14969 = CARTESIAN_POINT('',(0.,0.,1.));
#14970 = DIRECTION('',(0.,0.,1.));
#14971 = DIRECTION('',(1.,0.,-0.));
#14972 = DEFINITIONAL_REPRESENTATION('',(#14973),#14977);
#14973 = LINE('',#14974,#14975);
#14974 = CARTESIAN_POINT('',(0.,-0.));
#14975 = VECTOR('',#14976,1.);
#14976 = DIRECTION('',(1.,-0.));
#14977 = ( GEOMETRIC_REPRESENTATION_CONTEXT(2) 
PARAMETRIC_REPRESENTATION_CONTEXT() REPRESENTATION_CONTEXT('2D SPACE',''
  ) );
#14978 = ADVANCED_FACE('',(#14979),#14967,.T.);
#14979 = FACE_BOUND('',#14980,.F.);
#14980 = EDGE_LOOP('',(#14981,#15002,#15003,#15004));
#14981 = ORIENTED_EDGE('',*,*,#14982,.F.);
#14982 = EDGE_CURVE('',#14895,#14983,#14985,.T.);
#14983 = VERTEX_POINT('',#14984);
#14984 = CARTESIAN_POINT('',(8.,0.,0.));
#14985 = SEAM_CURVE('',#14986,(#14990,#14996),.PCURVE_S1.);
#14986 = LINE('',#14987,#14988);
#14987 = CARTESIAN_POINT('',(9.,0.,1.));
#14988 = VECTOR('',#14989,1.);
#14989 = DIRECTION('',(-0.707106781187,-0.,-0.707106781187));
#14990 = PCURVE('',#14967,#14991);
#14991 = DEFINITIONAL_REPRESENTATION('',(#14992),#14995);
#14992 = B_SPLINE_CURVE_WITH_KNOTS('',1,(#14993,#14994),.UNSPECIFIED.,
  .F.,.F.,(2,2),(0.,1.414213562373),.PIECEWISE_BEZIER_KNOTS.);
#14993 = CARTESIAN_POINT('',(0.,0.));
#14994 = CARTESIAN_POINT('',(0.,-1.));
#14995 = ( GEOMETRIC_REPRESENTATION_CONTEXT(2) 
PARAMETRIC_REPRESENTATION_CONTEXT() REPRESENTATION_CONTEXT('2D SPACE',''
  ) );
#14996 = PCURVE('',#14967,#14997);
#14997 = DEFINITIONAL_REPRESENTATION('',(#14998),#15001);
#14998 = B_SPLINE_CURVE_WITH_KNOTS('',1,(#14999,#15000),.UNSPECIFIED.,
  .F.,.F.,(2,2),(0.,1.414213562373),.PIECEWISE_BEZIER_KNOTS.);
#14999 = CARTESIAN_POINT('',(6.28318530718,0.));
#15000 = CARTESIAN_POINT('',(6.28318530718,-1.));
#15001 = ( GEOMETRIC_REPRESENTATION_CONTEXT(2) 
PARAMETRIC_REPRESENTATION_CONTEXT() REPRESENTATION_CONTEXT('2D SPACE',''
  ) );
#15002 = ORIENTED_EDGE('',*,*,#14952,.T.);
#15003 = ORIENTED_EDGE('',*,*,#14982,.T.);
#15004 = ORIENTED_EDGE('',*,*,#15005,.F.);
#15005 = EDGE_CURVE('',#14983,#14983,#15006,.T.);
#15006 = SURFACE_CURVE('',#15007,(#15012,#15019),.PCURVE_S1.);
#15007 = CIRCLE('',#15008,8.);
#15008 = AXIS2_PLACEMENT_3D('',#15009,#15010,#15011);
#15009 = CARTESIAN_POINT('',(0.,0.,0.));
#15010 = DIRECTION('',(0.,0.,1.));
#15011 = DIRECTION('',(1.,0.,-0.));
#15012 = PCURVE('',#14967,#15013);
#15013 = DEFINITIONAL_REPRESENTATION('',(#15014),#15018);
#15014 = LINE('',#15015,#15016);
#15015 = CARTESIAN_POINT('',(0.,-1.));
#15016 = VECTOR('',#15017,1.);
#15017 = DIRECTION('',(1.,-0.));
#15018 = ( GEOMETRIC_REPRESENTATION_CONTEXT(2) 
PARAMETRIC_REPRESENTATION_CONTEXT() REPRESENTATION_CONTEXT('2D SPACE',''
  ) );
#15019 = PCURVE('',#15020,#15025);
#15020 = PLANE('',#15021);
#15021 = AXIS2_PLACEMENT_3D('',#15022,#15023,#15024);
#15022 = CARTESIAN_POINT('',(0.,0.,0.));
#15023 = DIRECTION('',(0.,0.,1.));
#15024 = DIRECTION('',(1.,0.,0.));
#15025 = DEFINITIONAL_REPRESENTATION('',(#15026),#15030);
#15026 = CIRCLE('',#15027,8.);
#15027 = AXIS2_PLACEMENT_2D('',#15028,#15029);
#15028 = CARTESIAN_POINT('',(0.,0.));
#15029 = DIRECTION('',(1.,0.));
#15030 = ( GEOMETRIC_REPRESENTATION_CONTEXT(2) 
PARAMETRIC_REPRESENTATION_CONTEXT() REPRESENTATION_CONTEXT('2D SPACE',''
  ) );
#15031 = ADVANCED_FACE('',(#15032),#14939,.T.);
#15032 = FACE_BOUND('',#15033,.T.);
#15033 = EDGE_LOOP('',(#15034,#15055,#15056,#15057));
#15034 = ORIENTED_EDGE('',*,*,#15035,.F.);
#15035 = EDGE_CURVE('',#14897,#15036,#15038,.T.);
#15036 = VERTEX_POINT('',#15037);
#15037 = CARTESIAN_POINT('',(8.,0.,7.));
#15038 = SEAM_CURVE('',#15039,(#15043,#15049),.PCURVE_S1.);
#15039 = LINE('',#15040,#15041);
#15040 = CARTESIAN_POINT('',(9.,0.,6.));
#15041 = VECTOR('',#15042,1.);
#15042 = DIRECTION('',(-0.707106781187,0.,0.707106781187));
#15043 = PCURVE('',#14939,#15044);
#15044 = DEFINITIONAL_REPRESENTATION('',(#15045),#15048);
#15045 = B_SPLINE_CURVE_WITH_KNOTS('',1,(#15046,#15047),.UNSPECIFIED.,
  .F.,.F.,(2,2),(0.,1.414213562373),.PIECEWISE_BEZIER_KNOTS.);
#15046 = CARTESIAN_POINT('',(0.,0.));
#15047 = CARTESIAN_POINT('',(0.,-1.));
#15048 = ( GEOMETRIC_REPRESENTATION_CONTEXT(2) 
PARAMETRIC_REPRESENTATION_CONTEXT() REPRESENTATION_CONTEXT('2D SPACE',''
  ) );
#15049 = PCURVE('',#14939,#15050);
#15050 = DEFINITIONAL_REPRESENTATION('',(#15051),#15054);
#15051 = B_SPLINE_CURVE_WITH_KNOTS('',1,(#15052,#15053),.UNSPECIFIED.,
  .F.,.F.,(2,2),(0.,1.414213562373),.PIECEWISE_BEZIER_KNOTS.);
#15052 = CARTESIAN_POINT('',(-6.28318530718,0.));
#15053 = CARTESIAN_POINT('',(-6.28318530718,-1.));
#15054 = ( GEOMETRIC_REPRESENTATION_CONTEXT(2) 
PARAMETRIC_REPRESENTATION_CONTEXT() REPRESENTATION_CONTEXT('2D SPACE',''
  ) );
#15055 = ORIENTED_EDGE('',*,*,#14924,.T.);
#15056 = ORIENTED_EDGE('',*,*,#15035,.T.);
#15057 = ORIENTED_EDGE('',*,*,#15058,.F.);
#15058 = EDGE_CURVE('',#15036,#15036,#15059,.T.);
#15059 = SURFACE_CURVE('',#15060,(#15065,#15072),.PCURVE_S1.);
#15060 = CIRCLE('',#15061,8.);
#15061 = AXIS2_PLACEMENT_3D('',#15062,#15063,#15064);
#15062 = CARTESIAN_POINT('',(0.,0.,7.));
#15063 = DIRECTION('',(0.,0.,1.));
#15064 = DIRECTION('',(1.,0.,-0.));
#15065 = PCURVE('',#14939,#15066);
#15066 = DEFINITIONAL_REPRESENTATION('',(#15067),#15071);
#15067 = LINE('',#15068,#15069);
#15068 = CARTESIAN_POINT('',(-0.,-1.));
#15069 = VECTOR('',#15070,1.);
#15070 = DIRECTION('',(-1.,-0.));
#15071 = ( GEOMETRIC_REPRESENTATION_CONTEXT(2) 
PARAMETRIC_REPRESENTATION_CONTEXT() REPRESENTATION_CONTEXT('2D SPACE',''
  ) );
#15072 = PCURVE('',#15073,#15078);
#15073 = PLANE('',#15074);
#15074 = AXIS2_PLACEMENT_3D('',#15075,#15076,#15077);
#15075 = CARTESIAN_POINT('',(0.,0.,7.));
#15076 = DIRECTION('',(0.,0.,1.));
#15077 = DIRECTION('',(1.,0.,0.));
#15078 = DEFINITIONAL_REPRESENTATION('',(#15079),#15083);
#15079 = CIRCLE('',#15080,8.);
#15080 = AXIS2_PLACEMENT_2D('',#15081,#15082);
#15081 = CARTESIAN_POINT('',(0.,0.));
#15082 = DIRECTION('',(1.,0.));
#15083 = ( GEOMETRIC_REPRESENTATION_CONTEXT(2) 
PARAMETRIC_REPRESENTATION_CONTEXT() REPRESENTATION_CONTEXT('2D SPACE',''
  ) );
#15084 = ADVANCED_FACE('',(#15085),#15020,.F.);
#15085 = FACE_BOUND('',#15086,.F.);
#15086 = EDGE_LOOP('',(#15087));
#15087 = ORIENTED_EDGE('',*,*,#15005,.T.);
#15088 = ADVANCED_FACE('',(#15089),#15073,.T.);
#15089 = FACE_BOUND('',#15090,.T.);
#15090 = EDGE_LOOP('',(#15091));
#15091 = ORIENTED_EDGE('',*,*,#15058,.T.);
#15092 = ( GEOMETRIC_REPRESENTATION_CONTEXT(3) 
GLOBAL_UNCERTAINTY_ASSIGNED_CONTEXT((#15096)) 
GLOBAL_UNIT_ASSIGNED_CONTEXT((#15093,#15094,#15095)) 
REPRESENTATION_CONTEXT('Context #1',
  '3D Context with UNIT and UNCERTAINTY') );
#15093 = ( LENGTH_UNIT() NAMED_UNIT(*) SI_UNIT(.MILLI.,.METRE.) );
#15094 = ( NAMED_UNIT(*) PLANE_ANGLE_UNIT() SI_UNIT($,.RADIAN.) );
#15095 = ( NAMED_UNIT(*) SI_UNIT($,.STERADIAN.) SOLID_ANGLE_UNIT() );
#15096 = UNCERTAINTY_MEASURE_WITH_UNIT(LENGTH_MEASURE(1.E-07),#15093,
  'distance_accuracy_value','confusion accuracy');
#15097 = CONTEXT_DEPENDENT_SHAPE_REPRESENTATION(#15098,#15100);
#15098 = ( REPRESENTATION_RELATIONSHIP('','',#14887,#10) 
REPRESENTATION_RELATIONSHIP_WITH_TRANSFORMATION(#15099) 
SHAPE_REPRESENTATION_RELATIONSHIP() );
#15099 = ITEM_DEFINED_TRANSFORMATION('','',#11,#187);
#15100 = PRODUCT_DEFINITION_SHAPE('Placement','Placement of an item',
  #15101);
#15101 = NEXT_ASSEMBLY_USAGE_OCCURRENCE('44','seed_large_11','',#5,
  #14882,$);
#15102 = PRODUCT_RELATED_PRODUCT_CATEGORY('part',$,(#14884));
#15103 = SHAPE_DEFINITION_REPRESENTATION(#15104,#15110);
#15104 = PRODUCT_DEFINITION_SHAPE('','',#15105);
#15105 = PRODUCT_DEFINITION('design','',#15106,#15109);
#15106 = PRODUCT_DEFINITION_FORMATION('','',#15107);
#15107 = PRODUCT('seed_large_12','seed_large_12','',(#15108));
#15108 = PRODUCT_CONTEXT('',#2,'mechanical');
#15109 = PRODUCT_DEFINITION_CONTEXT('part definition',#2,'design');
#15110 = ADVANCED_BREP_SHAPE_REPRESENTATION('',(#11,#15111),#15315);
#15111 = MANIFOLD_SOLID_BREP('',#15112);
#15112 = CLOSED_SHELL('',(#15113,#15201,#15254,#15307,#15311));
#15113 = ADVANCED_FACE('',(#15114),#15128,.T.);
#15114 = FACE_BOUND('',#15115,.T.);
#15115 = EDGE_LOOP('',(#15116,#15146,#15173,#15174));
#15116 = ORIENTED_EDGE('',*,*,#15117,.T.);
#15117 = EDGE_CURVE('',#15118,#15120,#15122,.T.);
#15118 = VERTEX_POINT('',#15119);
#15119 = CARTESIAN_POINT('',(9.,0.,1.));
#15120 = VERTEX_POINT('',#15121);
#15121 = CARTESIAN_POINT('',(9.,0.,6.));
#15122 = SEAM_CURVE('',#15123,(#15127,#15139),.PCURVE_S1.);
#15123 = LINE('',#15124,#15125);
#15124 = CARTESIAN_POINT('',(9.,-2.204364238465E-15,0.));
#15125 = VECTOR('',#15126,1.);
#15126 = DIRECTION('',(0.,0.,1.));
#15127 = PCURVE('',#15128,#15133);
#15128 = CYLINDRICAL_SURFACE('',#15129,9.);
#15129 = AXIS2_PLACEMENT_3D('',#15130,#15131,#15132);
#15130 = CARTESIAN_POINT('',(0.,0.,0.));
#15131 = DIRECTION('',(0.,0.,1.));
#15132 = DIRECTION('',(1.,0.,0.));
#15133 = DEFINITIONAL_REPRESENTATION('',(#15134),#15138);
#15134 = LINE('',#15135,#15136);
#15135 = CARTESIAN_POINT('',(6.28318530718,-0.));
#15136 = VECTOR('',#15137,1.);
#15137 = DIRECTION('',(0.,1.));
#15138 = ( GEOMETRIC_REPRESENTATION_CONTEXT(2) 
PARAMETRIC_REPRESENTATION_CONTEXT() REPRESENTATION_CONTEXT('2D SPACE',''
  ) );
#15139 = PCURVE('',#15128,#15140);
#15140 = DEFINITIONAL_REPRESENTATION('',(#15141),#15145);
#15141 = LINE('',#15142,#15143);
#15142 = CARTESIAN_POINT('',(0.,-0.));
#15143 = VECTOR('',#15144,1.);
#15144 = DIRECTION('',(0.,1.));
#15145 = ( GEOMETRIC_REPRESENTATION_CONTEXT(2) 
PARAMETRIC_REPRESENTATION_CONTEXT() REPRESENTATION_CONTEXT('2D SPACE',''
  ) );
#15146 = ORIENTED_EDGE('',*,*,#15147,.F.);
#15147 = EDGE_CURVE('',#15120,#15120,#15148,.T.);
#15148 = SURFACE_CURVE('',#15149,(#15154,#15161),.PCURVE_S1.);
#15149 = CIRCLE('',#15150,9.);
#15150 = AXIS2_PLACEMENT_3D('',#15151,#15152,#15153);
#15151 = CARTESIAN_POINT('',(0.,0.,6.));
#15152 = DIRECTION('',(0.,0.,1.));
#15153 = DIRECTION('',(1.,0.,-0.));
#15154 = PCURVE('',#15128,#15155);
#15155 = DEFINITIONAL_REPRESENTATION('',(#15156),#15160);
#15156 = LINE('',#15157,#15158);
#15157 = CARTESIAN_POINT('',(0.,6.));
#15158 = VECTOR('',#15159,1.);
#15159 = DIRECTION('',(1.,0.));
#15160 = ( GEOMETRIC_REPRESENTATION_CONTEXT(2) 
PARAMETRIC_REPRESENTATION_CONTEXT() REPRESENTATION_CONTEXT('2D SPACE',''
  ) );
#15161 = PCURVE('',#15162,#15167);
#15162 = CONICAL_SURFACE('',#15163,9.,0.785398163397);
#15163 = AXIS2_PLACEMENT_3D('',#15164,#15165,#15166);
#15164 = CARTESIAN_POINT('',(0.,0.,6.));
#15165 = DIRECTION('',(-0.,-0.,-1.));
#15166 = DIRECTION('',(1.,0.,0.));
#15167 = DEFINITIONAL_REPRESENTATION('',(#15168),#15172);
#15168 = LINE('',#15169,#15170);
#15169 = CARTESIAN_POINT('',(-0.,-0.));
#15170 = VECTOR('',#15171,1.);
#15171 = DIRECTION('',(-1.,-0.));
#15172 = ( GEOMETRIC_REPRESENTATION_CONTEXT(2) 
PARAMETRIC_REPRESENTATION_CONTEXT() REPRESENTATION_CONTEXT('2D SPACE',''
  ) );
#15173 = ORIENTED_EDGE('',*,*,#15117,.F.);
#15174 = ORIENTED_EDGE('',*,*,#15175,.T.);
#15175 = EDGE_CURVE('',#15118,#15118,#15176,.T.);
#15176 = SURFACE_CURVE('',#15177,(#15182,#15189),.PCURVE_S1.);
#15177 = CIRCLE('',#15178,9.);
#15178 = AXIS2_PLACEMENT_3D('',#15179,#15180,#15181);
#15179 = CARTESIAN_POINT('',(0.,0.,1.));
#15180 = DIRECTION('',(0.,0.,1.));
#15181 = DIRECTION('',(1.,0.,-0.));
#15182 = PCURVE('',#15128,#15183);
#15183 = DEFINITIONAL_REPRESENTATION('',(#15184),#15188);
#15184 = LINE('',#15185,#15186);
#15185 = CARTESIAN_POINT('',(0.,1.));
#15186 = VECTOR('',#15187,1.);
#15187 = DIRECTION('',(1.,0.));
#15188 = ( GEOMETRIC_REPRESENTATION_CONTEXT(2) 
PARAMETRIC_REPRESENTATION_CONTEXT() REPRESENTATION_CONTEXT('2D SPACE',''
  ) );
#15189 = PCURVE('',#15190,#15195);
#15190 = CONICAL_SURFACE('',#15191,9.,0.785398163397);
#15191 = AXIS2_PLACEMENT_3D('',#15192,#15193,#15194);
#15192 = CARTESIAN_POINT('',(0.,0.,1.));
#15193 = DIRECTION('',(0.,0.,1.));
#15194 = DIRECTION('',(1.,0.,-0.));
#15195 = DEFINITIONAL_REPRESENTATION('',(#15196),#15200);
#15196 = LINE('',#15197,#15198);
#15197 = CARTESIAN_POINT('',(0.,-0.));
#15198 = VECTOR('',#15199,1.);
#15199 = DIRECTION('',(1.,-0.));
#15200 = ( GEOMETRIC_REPRESENTATION_CONTEXT(2) 
PARAMETRIC_REPRESENTATION_CONTEXT() REPRESENTATION_CONTEXT('2D SPACE',''
  ) );
#15201 = ADVANCED_FACE('',(#15202),#15190,.T.);
#15202 = FACE_BOUND('',#15203,.F.);
#15203 = EDGE_LOOP('',(#15204,#15225,#15226,#15227));
#15204 = ORIENTED_EDGE('',*,*,#15205,.F.);
#15205 = EDGE_CURVE('',#15118,#15206,#15208,.T.);
#15206 = VERTEX_POINT('',#15207);
#15207 = CARTESIAN_POINT('',(8.,0.,0.));
#15208 = SEAM_CURVE('',#15209,(#15213,#15219),.PCURVE_S1.);
#15209 = LINE('',#15210,#15211);
#15210 = CARTESIAN_POINT('',(9.,0.,1.));
#15211 = VECTOR('',#15212,1.);
#15212 = DIRECTION('',(-0.707106781187,-0.,-0.707106781187));
#15213 = PCURVE('',#15190,#15214);
#15214 = DEFINITIONAL_REPRESENTATION('',(#15215),#15218);
#15215 = B_SPLINE_CURVE_WITH_KNOTS('',1,(#15216,#15217),.UNSPECIFIED.,
  .F.,.F.,(2,2),(0.,1.414213562373),.PIECEWISE_BEZIER_KNOTS.);
#15216 = CARTESIAN_POINT('',(0.,0.));
#15217 = CARTESIAN_POINT('',(0.,-1.));
#15218 = ( GEOMETRIC_REPRESENTATION_CONTEXT(2) 
PARAMETRIC_REPRESENTATION_CONTEXT() REPRESENTATION_CONTEXT('2D SPACE',''
  ) );
#15219 = PCURVE('',#15190,#15220);
#15220 = DEFINITIONAL_REPRESENTATION('',(#15221),#15224);
#15221 = B_SPLINE_CURVE_WITH_KNOTS('',1,(#15222,#15223),.UNSPECIFIED.,
  .F.,.F.,(2,2),(0.,1.414213562373),.PIECEWISE_BEZIER_KNOTS.);
#15222 = CARTESIAN_POINT('',(6.28318530718,0.));
#15223 = CARTESIAN_POINT('',(6.28318530718,-1.));
#15224 = ( GEOMETRIC_REPRESENTATION_CONTEXT(2) 
PARAMETRIC_REPRESENTATION_CONTEXT() REPRESENTATION_CONTEXT('2D SPACE',''
  ) );
#15225 = ORIENTED_EDGE('',*,*,#15175,.T.);
#15226 = ORIENTED_EDGE('',*,*,#15205,.T.);
#15227 = ORIENTED_EDGE('',*,*,#15228,.F.);
#15228 = EDGE_CURVE('',#15206,#15206,#15229,.T.);
#15229 = SURFACE_CURVE('',#15230,(#15235,#15242),.PCURVE_S1.);
#15230 = CIRCLE('',#15231,8.);
#15231 = AXIS2_PLACEMENT_3D('',#15232,#15233,#15234);
#15232 = CARTESIAN_POINT('',(0.,0.,0.));
#15233 = DIRECTION('',(0.,0.,1.));
#15234 = DIRECTION('',(1.,0.,-0.));
#15235 = PCURVE('',#15190,#15236);
#15236 = DEFINITIONAL_REPRESENTATION('',(#15237),#15241);
#15237 = LINE('',#15238,#15239);
#15238 = CARTESIAN_POINT('',(0.,-1.));
#15239 = VECTOR('',#15240,1.);
#15240 = DIRECTION('',(1.,-0.));
#15241 = ( GEOMETRIC_REPRESENTATION_CONTEXT(2) 
PARAMETRIC_REPRESENTATION_CONTEXT() REPRESENTATION_CONTEXT('2D SPACE',''
  ) );
#15242 = PCURVE('',#15243,#15248);
#15243 = PLANE('',#15244);
#15244 = AXIS2_PLACEMENT_3D('',#15245,#15246,#15247);
#15245 = CARTESIAN_POINT('',(0.,0.,0.));
#15246 = DIRECTION('',(0.,0.,1.));
#15247 = DIRECTION('',(1.,0.,0.));
#15248 = DEFINITIONAL_REPRESENTATION('',(#15249),#15253);
#15249 = CIRCLE('',#15250,8.);
#15250 = AXIS2_PLACEMENT_2D('',#15251,#15252);
#15251 = CARTESIAN_POINT('',(0.,0.));
#15252 = DIRECTION('',(1.,0.));
#15253 = ( GEOMETRIC_REPRESENTATION_CONTEXT(2) 
PARAMETRIC_REPRESENTATION_CONTEXT() REPRESENTATION_CONTEXT('2D SPACE',''
  ) );
#15254 = ADVANCED_FACE('',(#15255),#15162,.T.);
#15255 = FACE_BOUND('',#15256,.T.);
#15256 = EDGE_LOOP('',(#15257,#15278,#15279,#15280));
#15257 = ORIENTED_EDGE('',*,*,#15258,.F.);
#15258 = EDGE_CURVE('',#15120,#15259,#15261,.T.);
#15259 = VERTEX_POINT('',#15260);
#15260 = CARTESIAN_POINT('',(8.,0.,7.));
#15261 = SEAM_CURVE('',#15262,(#15266,#15272),.PCURVE_S1.);
#15262 = LINE('',#15263,#15264);
#15263 = CARTESIAN_POINT('',(9.,0.,6.));
#15264 = VECTOR('',#15265,1.);
#15265 = DIRECTION('',(-0.707106781187,0.,0.707106781187));
#15266 = PCURVE('',#15162,#15267);
#15267 = DEFINITIONAL_REPRESENTATION('',(#15268),#15271);
#15268 = B_SPLINE_CURVE_WITH_KNOTS('',1,(#15269,#15270),.UNSPECIFIED.,
  .F.,.F.,(2,2),(0.,1.414213562373),.PIECEWISE_BEZIER_KNOTS.);
#15269 = CARTESIAN_POINT('',(0.,0.));
#15270 = CARTESIAN_POINT('',(0.,-1.));
#15271 = ( GEOMETRIC_REPRESENTATION_CONTEXT(2) 
PARAMETRIC_REPRESENTATION_CONTEXT() REPRESENTATION_CONTEXT('2D SPACE',''
  ) );
#15272 = PCURVE('',#15162,#15273);
#15273 = DEFINITIONAL_REPRESENTATION('',(#15274),#15277);
#15274 = B_SPLINE_CURVE_WITH_KNOTS('',1,(#15275,#15276),.UNSPECIFIED.,
  .F.,.F.,(2,2),(0.,1.414213562373),.PIECEWISE_BEZIER_KNOTS.);
#15275 = CARTESIAN_POINT('',(-6.28318530718,0.));
#15276 = CARTESIAN_POINT('',(-6.28318530718,-1.));
#15277 = ( GEOMETRIC_REPRESENTATION_CONTEXT(2) 
PARAMETRIC_REPRESENTATION_CONTEXT() REPRESENTATION_CONTEXT('2D SPACE',''
  ) );
#15278 = ORIENTED_EDGE('',*,*,#15147,.T.);
#15279 = ORIENTED_EDGE('',*,*,#15258,.T.);
#15280 = ORIENTED_EDGE('',*,*,#15281,.F.);
#15281 = EDGE_CURVE('',#15259,#15259,#15282,.T.);
#15282 = SURFACE_CURVE('',#15283,(#15288,#15295),.PCURVE_S1.);
#15283 = CIRCLE('',#15284,8.);
#15284 = AXIS2_PLACEMENT_3D('',#15285,#15286,#15287);
#15285 = CARTESIAN_POINT('',(0.,0.,7.));
#15286 = DIRECTION('',(0.,0.,1.));
#15287 = DIRECTION('',(1.,0.,-0.));
#15288 = PCURVE('',#15162,#15289);
#15289 = DEFINITIONAL_REPRESENTATION('',(#15290),#15294);
#15290 = LINE('',#15291,#15292);
#15291 = CARTESIAN_POINT('',(-0.,-1.));
#15292 = VECTOR('',#15293,1.);
#15293 = DIRECTION('',(-1.,-0.));
#15294 = ( GEOMETRIC_REPRESENTATION_CONTEXT(2) 
PARAMETRIC_REPRESENTATION_CONTEXT() REPRESENTATION_CONTEXT('2D SPACE',''
  ) );
#15295 = PCURVE('',#15296,#15301);
#15296 = PLANE('',#15297);
#15297 = AXIS2_PLACEMENT_3D('',#15298,#15299,#15300);
#15298 = CARTESIAN_POINT('',(0.,0.,7.));
#15299 = DIRECTION('',(0.,0.,1.));
#15300 = DIRECTION('',(1.,0.,0.));
#15301 = DEFINITIONAL_REPRESENTATION('',(#15302),#15306);
#15302 = CIRCLE('',#15303,8.);
#15303 = AXIS2_PLACEMENT_2D('',#15304,#15305);
#15304 = CARTESIAN_POINT('',(0.,0.));
#15305 = DIRECTION('',(1.,0.));
#15306 = ( GEOMETRIC_REPRESENTATION_CONTEXT(2) 
PARAMETRIC_REPRESENTATION_CONTEXT() REPRESENTATION_CONTEXT('2D SPACE',''
  ) );
#15307 = ADVANCED_FACE('',(#15308),#15243,.F.);
#15308 = FACE_BOUND('',#15309,.F.);
#15309 = EDGE_LOOP('',(#15310));
#15310 = ORIENTED_EDGE('',*,*,#15228,.T.);
#15311 = ADVANCED_FACE('',(#15312),#15296,.T.);
#15312 = FACE_BOUND('',#15313,.T.);
#15313 = EDGE_LOOP('',(#15314));
#15314 = ORIENTED_EDGE('',*,*,#15281,.T.);
#15315 = ( GEOMETRIC_REPRESENTATION_CONTEXT(3) 
GLOBAL_UNCERTAINTY_ASSIGNED_CONTEXT((#15319)) 
GLOBAL_UNIT_ASSIGNED_CONTEXT((#15316,#15317,#15318)) 
REPRESENTATION_CONTEXT('Context #1',
  '3D Context with UNIT and UNCERTAINTY') );
#15316 = ( LENGTH_UNIT() NAMED_UNIT(*) SI_UNIT(.MILLI.,.METRE.) );
#15317 = ( NAMED_UNIT(*) PLANE_ANGLE_UNIT() SI_UNIT($,.RADIAN.) );
#15318 = ( NAMED_UNIT(*) SI_UNIT($,.STERADIAN.) SOLID_ANGLE_UNIT() );
#15319 = UNCERTAINTY_MEASURE_WITH_UNIT(LENGTH_MEASURE(1.E-07),#15316,
  'distance_accuracy_value','confusion accuracy');
#15320 = CONTEXT_DEPENDENT_SHAPE_REPRESENTATION(#15321,#15323);
#15321 = ( REPRESENTATION_RELATIONSHIP('','',#15110,#10) 
REPRESENTATION_RELATIONSHIP_WITH_TRANSFORMATION(#15322) 
SHAPE_REPRESENTATION_RELATIONSHIP() );
#15322 = ITEM_DEFINED_TRANSFORMATION('','',#11,#191);
#15323 = PRODUCT_DEFINITION_SHAPE('Placement','Placement of an item',
  #15324);
#15324 = NEXT_ASSEMBLY_USAGE_OCCURRENCE('45','seed_large_12','',#5,
  #15105,$);
#15325 = PRODUCT_RELATED_PRODUCT_CATEGORY('part',$,(#15107));
#15326 = SHAPE_DEFINITION_REPRESENTATION(#15327,#15333);
#15327 = PRODUCT_DEFINITION_SHAPE('','',#15328);
#15328 = PRODUCT_DEFINITION('design','',#15329,#15332);
#15329 = PRODUCT_DEFINITION_FORMATION('','',#15330);
#15330 = PRODUCT('seed_large_13','seed_large_13','',(#15331));
#15331 = PRODUCT_CONTEXT('',#2,'mechanical');
#15332 = PRODUCT_DEFINITION_CONTEXT('part definition',#2,'design');
#15333 = ADVANCED_BREP_SHAPE_REPRESENTATION('',(#11,#15334),#15538);
#15334 = MANIFOLD_SOLID_BREP('',#15335);
#15335 = CLOSED_SHELL('',(#15336,#15424,#15477,#15530,#15534));
#15336 = ADVANCED_FACE('',(#15337),#15351,.T.);
#15337 = FACE_BOUND('',#15338,.T.);
#15338 = EDGE_LOOP('',(#15339,#15369,#15396,#15397));
#15339 = ORIENTED_EDGE('',*,*,#15340,.T.);
#15340 = EDGE_CURVE('',#15341,#15343,#15345,.T.);
#15341 = VERTEX_POINT('',#15342);
#15342 = CARTESIAN_POINT('',(9.,0.,1.));
#15343 = VERTEX_POINT('',#15344);
#15344 = CARTESIAN_POINT('',(9.,0.,6.));
#15345 = SEAM_CURVE('',#15346,(#15350,#15362),.PCURVE_S1.);
#15346 = LINE('',#15347,#15348);
#15347 = CARTESIAN_POINT('',(9.,-2.204364238465E-15,0.));
#15348 = VECTOR('',#15349,1.);
#15349 = DIRECTION('',(0.,0.,1.));
#15350 = PCURVE('',#15351,#15356);
#15351 = CYLINDRICAL_SURFACE('',#15352,9.);
#15352 = AXIS2_PLACEMENT_3D('',#15353,#15354,#15355);
#15353 = CARTESIAN_POINT('',(0.,0.,0.));
#15354 = DIRECTION('',(0.,0.,1.));
#15355 = DIRECTION('',(1.,0.,0.));
#15356 = DEFINITIONAL_REPRESENTATION('',(#15357),#15361);
#15357 = LINE('',#15358,#15359);
#15358 = CARTESIAN_POINT('',(6.28318530718,-0.));
#15359 = VECTOR('',#15360,1.);
#15360 = DIRECTION('',(0.,1.));
#15361 = ( GEOMETRIC_REPRESENTATION_CONTEXT(2) 
PARAMETRIC_REPRESENTATION_CONTEXT() REPRESENTATION_CONTEXT('2D SPACE',''
  ) );
#15362 = PCURVE('',#15351,#15363);
#15363 = DEFINITIONAL_REPRESENTATION('',(#15364),#15368);
#15364 = LINE('',#15365,#15366);
#15365 = CARTESIAN_POINT('',(0.,-0.));
#15366 = VECTOR('',#15367,1.);
#15367 = DIRECTION('',(0.,1.));
#15368 = ( GEOMETRIC_REPRESENTATION_CONTEXT(2) 
PARAMETRIC_REPRESENTATION_CONTEXT() REPRESENTATION_CONTEXT('2D SPACE',''
  ) );
#15369 = ORIENTED_EDGE('',*,*,#15370,.F.);
#15370 = EDGE_CURVE('',#15343,#15343,#15371,.T.);
#15371 = SURFACE_CURVE('',#15372,(#15377,#15384),.PCURVE_S1.);
#15372 = CIRCLE('',#15373,9.);
#15373 = AXIS2_PLACEMENT_3D('',#15374,#15375,#15376);
#15374 = CARTESIAN_POINT('',(0.,0.,6.));
#15375 = DIRECTION('',(0.,0.,1.));
#15376 = DIRECTION('',(1.,0.,-0.));
#15377 = PCURVE('',#15351,#15378);
#15378 = DEFINITIONAL_REPRESENTATION('',(#15379),#15383);
#15379 = LINE('',#15380,#15381);
#15380 = CARTESIAN_POINT('',(0.,6.));
#15381 = VECTOR('',#15382,1.);
#15382 = DIRECTION('',(1.,0.));
#15383 = ( GEOMETRIC_REPRESENTATION_CONTEXT(2) 
PARAMETRIC_REPRESENTATION_CONTEXT() REPRESENTATION_CONTEXT('2D SPACE',''
  ) );
#15384 = PCURVE('',#15385,#15390);
#15385 = CONICAL_SURFACE('',#15386,9.,0.785398163397);
#15386 = AXIS2_PLACEMENT_3D('',#15387,#15388,#15389);
#15387 = CARTESIAN_POINT('',(0.,0.,6.));
#15388 = DIRECTION('',(-0.,-0.,-1.));
#15389 = DIRECTION('',(1.,0.,0.));
#15390 = DEFINITIONAL_REPRESENTATION('',(#15391),#15395);
#15391 = LINE('',#15392,#15393);
#15392 = CARTESIAN_POINT('',(-0.,-0.));
#15393 = VECTOR('',#15394,1.);
#15394 = DIRECTION('',(-1.,-0.));
#15395 = ( GEOMETRIC_REPRESENTATION_CONTEXT(2) 
PARAMETRIC_REPRESENTATION_CONTEXT() REPRESENTATION_CONTEXT('2D SPACE',''
  ) );
#15396 = ORIENTED_EDGE('',*,*,#15340,.F.);
#15397 = ORIENTED_EDGE('',*,*,#15398,.T.);
#15398 = EDGE_CURVE('',#15341,#15341,#15399,.T.);
#15399 = SURFACE_CURVE('',#15400,(#15405,#15412),.PCURVE_S1.);
#15400 = CIRCLE('',#15401,9.);
#15401 = AXIS2_PLACEMENT_3D('',#15402,#15403,#15404);
#15402 = CARTESIAN_POINT('',(0.,0.,1.));
#15403 = DIRECTION('',(0.,0.,1.));
#15404 = DIRECTION('',(1.,0.,-0.));
#15405 = PCURVE('',#15351,#15406);
#15406 = DEFINITIONAL_REPRESENTATION('',(#15407),#15411);
#15407 = LINE('',#15408,#15409);
#15408 = CARTESIAN_POINT('',(0.,1.));
#15409 = VECTOR('',#15410,1.);
#15410 = DIRECTION('',(1.,0.));
#15411 = ( GEOMETRIC_REPRESENTATION_CONTEXT(2) 
PARAMETRIC_REPRESENTATION_CONTEXT() REPRESENTATION_CONTEXT('2D SPACE',''
  ) );
#15412 = PCURVE('',#15413,#15418);
#15413 = CONICAL_SURFACE('',#15414,9.,0.785398163397);
#15414 = AXIS2_PLACEMENT_3D('',#15415,#15416,#15417);
#15415 = CARTESIAN_POINT('',(0.,0.,1.));
#15416 = DIRECTION('',(0.,0.,1.));
#15417 = DIRECTION('',(1.,0.,-0.));
#15418 = DEFINITIONAL_REPRESENTATION('',(#15419),#15423);
#15419 = LINE('',#15420,#15421);
#15420 = CARTESIAN_POINT('',(0.,-0.));
#15421 = VECTOR('',#15422,1.);
#15422 = DIRECTION('',(1.,-0.));
#15423 = ( GEOMETRIC_REPRESENTATION_CONTEXT(2) 
PARAMETRIC_REPRESENTATION_CONTEXT() REPRESENTATION_CONTEXT('2D SPACE',''
  ) );
#15424 = ADVANCED_FACE('',(#15425),#15413,.T.);
#15425 = FACE_BOUND('',#15426,.F.);
#15426 = EDGE_LOOP('',(#15427,#15448,#15449,#15450));
#15427 = ORIENTED_EDGE('',*,*,#15428,.F.);
#15428 = EDGE_CURVE('',#15341,#15429,#15431,.T.);
#15429 = VERTEX_POINT('',#15430);
#15430 = CARTESIAN_POINT('',(8.,0.,0.));
#15431 = SEAM_CURVE('',#15432,(#15436,#15442),.PCURVE_S1.);
#15432 = LINE('',#15433,#15434);
#15433 = CARTESIAN_POINT('',(9.,0.,1.));
#15434 = VECTOR('',#15435,1.);
#15435 = DIRECTION('',(-0.707106781187,-0.,-0.707106781187));
#15436 = PCURVE('',#15413,#15437);
#15437 = DEFINITIONAL_REPRESENTATION('',(#15438),#15441);
#15438 = B_SPLINE_CURVE_WITH_KNOTS('',1,(#15439,#15440),.UNSPECIFIED.,
  .F.,.F.,(2,2),(0.,1.414213562373),.PIECEWISE_BEZIER_KNOTS.);
#15439 = CARTESIAN_POINT('',(0.,0.));
#15440 = CARTESIAN_POINT('',(0.,-1.));
#15441 = ( GEOMETRIC_REPRESENTATION_CONTEXT(2) 
PARAMETRIC_REPRESENTATION_CONTEXT() REPRESENTATION_CONTEXT('2D SPACE',''
  ) );
#15442 = PCURVE('',#15413,#15443);
#15443 = DEFINITIONAL_REPRESENTATION('',(#15444),#15447);
#15444 = B_SPLINE_CURVE_WITH_KNOTS('',1,(#15445,#15446),.UNSPECIFIED.,
  .F.,.F.,(2,2),(0.,1.414213562373),.PIECEWISE_BEZIER_KNOTS.);
#15445 = CARTESIAN_POINT('',(6.28318530718,0.));
#15446 = CARTESIAN_POINT('',(6.28318530718,-1.));
#15447 = ( GEOMETRIC_REPRESENTATION_CONTEXT(2) 
PARAMETRIC_REPRESENTATION_CONTEXT() REPRESENTATION_CONTEXT('2D SPACE',''
  ) );
#15448 = ORIENTED_EDGE('',*,*,#15398,.T.);
#15449 = ORIENTED_EDGE('',*,*,#15428,.T.);
#15450 = ORIENTED_EDGE('',*,*,#15451,.F.);
#15451 = EDGE_CURVE('',#15429,#15429,#15452,.T.);
#15452 = SURFACE_CURVE('',#15453,(#15458,#15465),.PCURVE_S1.);
#15453 = CIRCLE('',#15454,8.);
#15454 = AXIS2_PLACEMENT_3D('',#15455,#15456,#15457);
#15455 = CARTESIAN_POINT('',(0.,0.,0.));
#15456 = DIRECTION('',(0.,0.,1.));
#15457 = DIRECTION('',(1.,0.,-0.));
#15458 = PCURVE('',#15413,#15459);
#15459 = DEFINITIONAL_REPRESENTATION('',(#15460),#15464);
#15460 = LINE('',#15461,#15462);
#15461 = CARTESIAN_POINT('',(0.,-1.));
#15462 = VECTOR('',#15463,1.);
#15463 = DIRECTION('',(1.,-0.));
#15464 = ( GEOMETRIC_REPRESENTATION_CONTEXT(2) 
PARAMETRIC_REPRESENTATION_CONTEXT() REPRESENTATION_CONTEXT('2D SPACE',''
  ) );
#15465 = PCURVE('',#15466,#15471);
#15466 = PLANE('',#15467);
#15467 = AXIS2_PLACEMENT_3D('',#15468,#15469,#15470);
#15468 = CARTESIAN_POINT('',(0.,0.,0.));
#15469 = DIRECTION('',(0.,0.,1.));
#15470 = DIRECTION('',(1.,0.,0.));
#15471 = DEFINITIONAL_REPRESENTATION('',(#15472),#15476);
#15472 = CIRCLE('',#15473,8.);
#15473 = AXIS2_PLACEMENT_2D('',#15474,#15475);
#15474 = CARTESIAN_POINT('',(0.,0.));
#15475 = DIRECTION('',(1.,0.));
#15476 = ( GEOMETRIC_REPRESENTATION_CONTEXT(2) 
PARAMETRIC_REPRESENTATION_CONTEXT() REPRESENTATION_CONTEXT('2D SPACE',''
  ) );
#15477 = ADVANCED_FACE('',(#15478),#15385,.T.);
#15478 = FACE_BOUND('',#15479,.T.);
#15479 = EDGE_LOOP('',(#15480,#15501,#15502,#15503));
#15480 = ORIENTED_EDGE('',*,*,#15481,.F.);
#15481 = EDGE_CURVE('',#15343,#15482,#15484,.T.);
#15482 = VERTEX_POINT('',#15483);
#15483 = CARTESIAN_POINT('',(8.,0.,7.));
#15484 = SEAM_CURVE('',#15485,(#15489,#15495),.PCURVE_S1.);
#15485 = LINE('',#15486,#15487);
#15486 = CARTESIAN_POINT('',(9.,0.,6.));
#15487 = VECTOR('',#15488,1.);
#15488 = DIRECTION('',(-0.707106781187,0.,0.707106781187));
#15489 = PCURVE('',#15385,#15490);
#15490 = DEFINITIONAL_REPRESENTATION('',(#15491),#15494);
#15491 = B_SPLINE_CURVE_WITH_KNOTS('',1,(#15492,#15493),.UNSPECIFIED.,
  .F.,.F.,(2,2),(0.,1.414213562373),.PIECEWISE_BEZIER_KNOTS.);
#15492 = CARTESIAN_POINT('',(0.,0.));
#15493 = CARTESIAN_POINT('',(0.,-1.));
#15494 = ( GEOMETRIC_REPRESENTATION_CONTEXT(2) 
PARAMETRIC_REPRESENTATION_CONTEXT() REPRESENTATION_CONTEXT('2D SPACE',''
  ) );
#15495 = PCURVE('',#15385,#15496);
#15496 = DEFINITIONAL_REPRESENTATION('',(#15497),#15500);
#15497 = B_SPLINE_CURVE_WITH_KNOTS('',1,(#15498,#15499),.UNSPECIFIED.,
  .F.,.F.,(2,2),(0.,1.414213562373),.PIECEWISE_BEZIER_KNOTS.);
#15498 = CARTESIAN_POINT('',(-6.28318530718,0.));
#15499 = CARTESIAN_POINT('',(-6.28318530718,-1.));
#15500 = ( GEOMETRIC_REPRESENTATION_CONTEXT(2) 
PARAMETRIC_REPRESENTATION_CONTEXT() REPRESENTATION_CONTEXT('2D SPACE',''
  ) );
#15501 = ORIENTED_EDGE('',*,*,#15370,.T.);
#15502 = ORIENTED_EDGE('',*,*,#15481,.T.);
#15503 = ORIENTED_EDGE('',*,*,#15504,.F.);
#15504 = EDGE_CURVE('',#15482,#15482,#15505,.T.);
#15505 = SURFACE_CURVE('',#15506,(#15511,#15518),.PCURVE_S1.);
#15506 = CIRCLE('',#15507,8.);
#15507 = AXIS2_PLACEMENT_3D('',#15508,#15509,#15510);
#15508 = CARTESIAN_POINT('',(0.,0.,7.));
#15509 = DIRECTION('',(0.,0.,1.));
#15510 = DIRECTION('',(1.,0.,-0.));
#15511 = PCURVE('',#15385,#15512);
#15512 = DEFINITIONAL_REPRESENTATION('',(#15513),#15517);
#15513 = LINE('',#15514,#15515);
#15514 = CARTESIAN_POINT('',(-0.,-1.));
#15515 = VECTOR('',#15516,1.);
#15516 = DIRECTION('',(-1.,-0.));
#15517 = ( GEOMETRIC_REPRESENTATION_CONTEXT(2) 
PARAMETRIC_REPRESENTATION_CONTEXT() REPRESENTATION_CONTEXT('2D SPACE',''
  ) );
#15518 = PCURVE('',#15519,#15524);
#15519 = PLANE('',#15520);
#15520 = AXIS2_PLACEMENT_3D('',#15521,#15522,#15523);
#15521 = CARTESIAN_POINT('',(0.,0.,7.));
#15522 = DIRECTION('',(0.,0.,1.));
#15523 = DIRECTION('',(1.,0.,0.));
#15524 = DEFINITIONAL_REPRESENTATION('',(#15525),#15529);
#15525 = CIRCLE('',#15526,8.);
#15526 = AXIS2_PLACEMENT_2D('',#15527,#15528);
#15527 = CARTESIAN_POINT('',(0.,0.));
#15528 = DIRECTION('',(1.,0.));
#15529 = ( GEOMETRIC_REPRESENTATION_CONTEXT(2) 
PARAMETRIC_REPRESENTATION_CONTEXT() REPRESENTATION_CONTEXT('2D SPACE',''
  ) );
#15530 = ADVANCED_FACE('',(#15531),#15466,.F.);
#15531 = FACE_BOUND('',#15532,.F.);
#15532 = EDGE_LOOP('',(#15533));
#15533 = ORIENTED_EDGE('',*,*,#15451,.T.);
#15534 = ADVANCED_FACE('',(#15535),#15519,.T.);
#15535 = FACE_BOUND('',#15536,.T.);
#15536 = EDGE_LOOP('',(#15537));
#15537 = ORIENTED_EDGE('',*,*,#15504,.T.);
#15538 = ( GEOMETRIC_REPRESENTATION_CONTEXT(3) 
GLOBAL_UNCERTAINTY_ASSIGNED_CONTEXT((#15542)) 
GLOBAL_UNIT_ASSIGNED_CONTEXT((#15539,#15540,#15541)) 
REPRESENTATION_CONTEXT('Context #1',
  '3D Context with UNIT and UNCERTAINTY') );
#15539 = ( LENGTH_UNIT() NAMED_UNIT(*) SI_UNIT(.MILLI.,.METRE.) );
#15540 = ( NAMED_UNIT(*) PLANE_ANGLE_UNIT() SI_UNIT($,.RADIAN.) );
#15541 = ( NAMED_UNIT(*) SI_UNIT($,.STERADIAN.) SOLID_ANGLE_UNIT() );
#15542 = UNCERTAINTY_MEASURE_WITH_UNIT(LENGTH_MEASURE(1.E-07),#15539,
  'distance_accuracy_value','confusion accuracy');
#15543 = CONTEXT_DEPENDENT_SHAPE_REPRESENTATION(#15544,#15546);
#15544 = ( REPRESENTATION_RELATIONSHIP('','',#15333,#10) 
REPRESENTATION_RELATIONSHIP_WITH_TRANSFORMATION(#15545) 
SHAPE_REPRESENTATION_RELATIONSHIP() );
#15545 = ITEM_DEFINED_TRANSFORMATION('','',#11,#195);
#15546 = PRODUCT_DEFINITION_SHAPE('Placement','Placement of an item',
  #15547);
#15547 = NEXT_ASSEMBLY_USAGE_OCCURRENCE('46','seed_large_13','',#5,
  #15328,$);
#15548 = PRODUCT_RELATED_PRODUCT_CATEGORY('part',$,(#15330));
#15549 = SHAPE_DEFINITION_REPRESENTATION(#15550,#15556);
#15550 = PRODUCT_DEFINITION_SHAPE('','',#15551);
#15551 = PRODUCT_DEFINITION('design','',#15552,#15555);
#15552 = PRODUCT_DEFINITION_FORMATION('','',#15553);
#15553 = PRODUCT('seed_large_14','seed_large_14','',(#15554));
#15554 = PRODUCT_CONTEXT('',#2,'mechanical');
#15555 = PRODUCT_DEFINITION_CONTEXT('part definition',#2,'design');
#15556 = ADVANCED_BREP_SHAPE_REPRESENTATION('',(#11,#15557),#15761);
#15557 = MANIFOLD_SOLID_BREP('',#15558);
#15558 = CLOSED_SHELL('',(#15559,#15647,#15700,#15753,#15757));
#15559 = ADVANCED_FACE('',(#15560),#15574,.T.);
#15560 = FACE_BOUND('',#15561,.T.);
#15561 = EDGE_LOOP('',(#15562,#15592,#15619,#15620));
#15562 = ORIENTED_EDGE('',*,*,#15563,.T.);
#15563 = EDGE_CURVE('',#15564,#15566,#15568,.T.);
#15564 = VERTEX_POINT('',#15565);
#15565 = CARTESIAN_POINT('',(9.,0.,1.));
#15566 = VERTEX_POINT('',#15567);
#15567 = CARTESIAN_POINT('',(9.,0.,6.));
#15568 = SEAM_CURVE('',#15569,(#15573,#15585),.PCURVE_S1.);
#15569 = LINE('',#15570,#15571);
#15570 = CARTESIAN_POINT('',(9.,-2.204364238465E-15,0.));
#15571 = VECTOR('',#15572,1.);
#15572 = DIRECTION('',(0.,0.,1.));
#15573 = PCURVE('',#15574,#15579);
#15574 = CYLINDRICAL_SURFACE('',#15575,9.);
#15575 = AXIS2_PLACEMENT_3D('',#15576,#15577,#15578);
#15576 = CARTESIAN_POINT('',(0.,0.,0.));
#15577 = DIRECTION('',(0.,0.,1.));
#15578 = DIRECTION('',(1.,0.,0.));
#15579 = DEFINITIONAL_REPRESENTATION('',(#15580),#15584);
#15580 = LINE('',#15581,#15582);
#15581 = CARTESIAN_POINT('',(6.28318530718,-0.));
#15582 = VECTOR('',#15583,1.);
#15583 = DIRECTION('',(0.,1.));
#15584 = ( GEOMETRIC_REPRESENTATION_CONTEXT(2) 
PARAMETRIC_REPRESENTATION_CONTEXT() REPRESENTATION_CONTEXT('2D SPACE',''
  ) );
#15585 = PCURVE('',#15574,#15586);
#15586 = DEFINITIONAL_REPRESENTATION('',(#15587),#15591);
#15587 = LINE('',#15588,#15589);
#15588 = CARTESIAN_POINT('',(0.,-0.));
#15589 = VECTOR('',#15590,1.);
#15590 = DIRECTION('',(0.,1.));
#15591 = ( GEOMETRIC_REPRESENTATION_CONTEXT(2) 
PARAMETRIC_REPRESENTATION_CONTEXT() REPRESENTATION_CONTEXT('2D SPACE',''
  ) );
#15592 = ORIENTED_EDGE('',*,*,#15593,.F.);
#15593 = EDGE_CURVE('',#15566,#15566,#15594,.T.);
#15594 = SURFACE_CURVE('',#15595,(#15600,#15607),.PCURVE_S1.);
#15595 = CIRCLE('',#15596,9.);
#15596 = AXIS2_PLACEMENT_3D('',#15597,#15598,#15599);
#15597 = CARTESIAN_POINT('',(0.,0.,6.));
#15598 = DIRECTION('',(0.,0.,1.));
#15599 = DIRECTION('',(1.,0.,-0.));
#15600 = PCURVE('',#15574,#15601);
#15601 = DEFINITIONAL_REPRESENTATION('',(#15602),#15606);
#15602 = LINE('',#15603,#15604);
#15603 = CARTESIAN_POINT('',(0.,6.));
#15604 = VECTOR('',#15605,1.);
#15605 = DIRECTION('',(1.,0.));
#15606 = ( GEOMETRIC_REPRESENTATION_CONTEXT(2) 
PARAMETRIC_REPRESENTATION_CONTEXT() REPRESENTATION_CONTEXT('2D SPACE',''
  ) );
#15607 = PCURVE('',#15608,#15613);
#15608 = CONICAL_SURFACE('',#15609,9.,0.785398163397);
#15609 = AXIS2_PLACEMENT_3D('',#15610,#15611,#15612);
#15610 = CARTESIAN_POINT('',(0.,0.,6.));
#15611 = DIRECTION('',(-0.,-0.,-1.));
#15612 = DIRECTION('',(1.,0.,0.));
#15613 = DEFINITIONAL_REPRESENTATION('',(#15614),#15618);
#15614 = LINE('',#15615,#15616);
#15615 = CARTESIAN_POINT('',(-0.,-0.));
#15616 = VECTOR('',#15617,1.);
#15617 = DIRECTION('',(-1.,-0.));
#15618 = ( GEOMETRIC_REPRESENTATION_CONTEXT(2) 
PARAMETRIC_REPRESENTATION_CONTEXT() REPRESENTATION_CONTEXT('2D SPACE',''
  ) );
#15619 = ORIENTED_EDGE('',*,*,#15563,.F.);
#15620 = ORIENTED_EDGE('',*,*,#15621,.T.);
#15621 = EDGE_CURVE('',#15564,#15564,#15622,.T.);
#15622 = SURFACE_CURVE('',#15623,(#15628,#15635),.PCURVE_S1.);
#15623 = CIRCLE('',#15624,9.);
#15624 = AXIS2_PLACEMENT_3D('',#15625,#15626,#15627);
#15625 = CARTESIAN_POINT('',(0.,0.,1.));
#15626 = DIRECTION('',(0.,0.,1.));
#15627 = DIRECTION('',(1.,0.,-0.));
#15628 = PCURVE('',#15574,#15629);
#15629 = DEFINITIONAL_REPRESENTATION('',(#15630),#15634);
#15630 = LINE('',#15631,#15632);
#15631 = CARTESIAN_POINT('',(0.,1.));
#15632 = VECTOR('',#15633,1.);
#15633 = DIRECTION('',(1.,0.));
#15634 = ( GEOMETRIC_REPRESENTATION_CONTEXT(2) 
PARAMETRIC_REPRESENTATION_CONTEXT() REPRESENTATION_CONTEXT('2D SPACE',''
  ) );
#15635 = PCURVE('',#15636,#15641);
#15636 = CONICAL_SURFACE('',#15637,9.,0.785398163397);
#15637 = AXIS2_PLACEMENT_3D('',#15638,#15639,#15640);
#15638 = CARTESIAN_POINT('',(0.,0.,1.));
#15639 = DIRECTION('',(0.,0.,1.));
#15640 = DIRECTION('',(1.,0.,-0.));
#15641 = DEFINITIONAL_REPRESENTATION('',(#15642),#15646);
#15642 = LINE('',#15643,#15644);
#15643 = CARTESIAN_POINT('',(0.,-0.));
#15644 = VECTOR('',#15645,1.);
#15645 = DIRECTION('',(1.,-0.));
#15646 = ( GEOMETRIC_REPRESENTATION_CONTEXT(2) 
PARAMETRIC_REPRESENTATION_CONTEXT() REPRESENTATION_CONTEXT('2D SPACE',''
  ) );
#15647 = ADVANCED_FACE('',(#15648),#15636,.T.);
#15648 = FACE_BOUND('',#15649,.F.);
#15649 = EDGE_LOOP('',(#15650,#15671,#15672,#15673));
#15650 = ORIENTED_EDGE('',*,*,#15651,.F.);
#15651 = EDGE_CURVE('',#15564,#15652,#15654,.T.);
#15652 = VERTEX_POINT('',#15653);
#15653 = CARTESIAN_POINT('',(8.,0.,0.));
#15654 = SEAM_CURVE('',#15655,(#15659,#15665),.PCURVE_S1.);
#15655 = LINE('',#15656,#15657);
#15656 = CARTESIAN_POINT('',(9.,0.,1.));
#15657 = VECTOR('',#15658,1.);
#15658 = DIRECTION('',(-0.707106781187,-0.,-0.707106781187));
#15659 = PCURVE('',#15636,#15660);
#15660 = DEFINITIONAL_REPRESENTATION('',(#15661),#15664);
#15661 = B_SPLINE_CURVE_WITH_KNOTS('',1,(#15662,#15663),.UNSPECIFIED.,
  .F.,.F.,(2,2),(0.,1.414213562373),.PIECEWISE_BEZIER_KNOTS.);
#15662 = CARTESIAN_POINT('',(0.,0.));
#15663 = CARTESIAN_POINT('',(0.,-1.));
#15664 = ( GEOMETRIC_REPRESENTATION_CONTEXT(2) 
PARAMETRIC_REPRESENTATION_CONTEXT() REPRESENTATION_CONTEXT('2D SPACE',''
  ) );
#15665 = PCURVE('',#15636,#15666);
#15666 = DEFINITIONAL_REPRESENTATION('',(#15667),#15670);
#15667 = B_SPLINE_CURVE_WITH_KNOTS('',1,(#15668,#15669),.UNSPECIFIED.,
  .F.,.F.,(2,2),(0.,1.414213562373),.PIECEWISE_BEZIER_KNOTS.);
#15668 = CARTESIAN_POINT('',(6.28318530718,0.));
#15669 = CARTESIAN_POINT('',(6.28318530718,-1.));
#15670 = ( GEOMETRIC_REPRESENTATION_CONTEXT(2) 
PARAMETRIC_REPRESENTATION_CONTEXT() REPRESENTATION_CONTEXT('2D SPACE',''
  ) );
#15671 = ORIENTED_EDGE('',*,*,#15621,.T.);
#15672 = ORIENTED_EDGE('',*,*,#15651,.T.);
#15673 = ORIENTED_EDGE('',*,*,#15674,.F.);
#15674 = EDGE_CURVE('',#15652,#15652,#15675,.T.);
#15675 = SURFACE_CURVE('',#15676,(#15681,#15688),.PCURVE_S1.);
#15676 = CIRCLE('',#15677,8.);
#15677 = AXIS2_PLACEMENT_3D('',#15678,#15679,#15680);
#15678 = CARTESIAN_POINT('',(0.,0.,0.));
#15679 = DIRECTION('',(0.,0.,1.));
#15680 = DIRECTION('',(1.,0.,-0.));
#15681 = PCURVE('',#15636,#15682);
#15682 = DEFINITIONAL_REPRESENTATION('',(#15683),#15687);
#15683 = LINE('',#15684,#15685);
#15684 = CARTESIAN_POINT('',(0.,-1.));
#15685 = VECTOR('',#15686,1.);
#15686 = DIRECTION('',(1.,-0.));
#15687 = ( GEOMETRIC_REPRESENTATION_CONTEXT(2) 
PARAMETRIC_REPRESENTATION_CONTEXT() REPRESENTATION_CONTEXT('2D SPACE',''
  ) );
#15688 = PCURVE('',#15689,#15694);
#15689 = PLANE('',#15690);
#15690 = AXIS2_PLACEMENT_3D('',#15691,#15692,#15693);
#15691 = CARTESIAN_POINT('',(0.,0.,0.));
#15692 = DIRECTION('',(0.,0.,1.));
#15693 = DIRECTION('',(1.,0.,0.));
#15694 = DEFINITIONAL_REPRESENTATION('',(#15695),#15699);
#15695 = CIRCLE('',#15696,8.);
#15696 = AXIS2_PLACEMENT_2D('',#15697,#15698);
#15697 = CARTESIAN_POINT('',(0.,0.));
#15698 = DIRECTION('',(1.,0.));
#15699 = ( GEOMETRIC_REPRESENTATION_CONTEXT(2) 
PARAMETRIC_REPRESENTATION_CONTEXT() REPRESENTATION_CONTEXT('2D SPACE',''
  ) );
#15700 = ADVANCED_FACE('',(#15701),#15608,.T.);
#15701 = FACE_BOUND('',#15702,.T.);
#15702 = EDGE_LOOP('',(#15703,#15724,#15725,#15726));
#15703 = ORIENTED_EDGE('',*,*,#15704,.F.);
#15704 = EDGE_CURVE('',#15566,#15705,#15707,.T.);
#15705 = VERTEX_POINT('',#15706);
#15706 = CARTESIAN_POINT('',(8.,0.,7.));
#15707 = SEAM_CURVE('',#15708,(#15712,#15718),.PCURVE_S1.);
#15708 = LINE('',#15709,#15710);
#15709 = CARTESIAN_POINT('',(9.,0.,6.));
#15710 = VECTOR('',#15711,1.);
#15711 = DIRECTION('',(-0.707106781187,0.,0.707106781187));
#15712 = PCURVE('',#15608,#15713);
#15713 = DEFINITIONAL_REPRESENTATION('',(#15714),#15717);
#15714 = B_SPLINE_CURVE_WITH_KNOTS('',1,(#15715,#15716),.UNSPECIFIED.,
  .F.,.F.,(2,2),(0.,1.414213562373),.PIECEWISE_BEZIER_KNOTS.);
#15715 = CARTESIAN_POINT('',(0.,0.));
#15716 = CARTESIAN_POINT('',(0.,-1.));
#15717 = ( GEOMETRIC_REPRESENTATION_CONTEXT(2) 
PARAMETRIC_REPRESENTATION_CONTEXT() REPRESENTATION_CONTEXT('2D SPACE',''
  ) );
#15718 = PCURVE('',#15608,#15719);
#15719 = DEFINITIONAL_REPRESENTATION('',(#15720),#15723);
#15720 = B_SPLINE_CURVE_WITH_KNOTS('',1,(#15721,#15722),.UNSPECIFIED.,
  .F.,.F.,(2,2),(0.,1.414213562373),.PIECEWISE_BEZIER_KNOTS.);
#15721 = CARTESIAN_POINT('',(-6.28318530718,0.));
#15722 = CARTESIAN_POINT('',(-6.28318530718,-1.));
#15723 = ( GEOMETRIC_REPRESENTATION_CONTEXT(2) 
PARAMETRIC_REPRESENTATION_CONTEXT() REPRESENTATION_CONTEXT('2D SPACE',''
  ) );
#15724 = ORIENTED_EDGE('',*,*,#15593,.T.);
#15725 = ORIENTED_EDGE('',*,*,#15704,.T.);
#15726 = ORIENTED_EDGE('',*,*,#15727,.F.);
#15727 = EDGE_CURVE('',#15705,#15705,#15728,.T.);
#15728 = SURFACE_CURVE('',#15729,(#15734,#15741),.PCURVE_S1.);
#15729 = CIRCLE('',#15730,8.);
#15730 = AXIS2_PLACEMENT_3D('',#15731,#15732,#15733);
#15731 = CARTESIAN_POINT('',(0.,0.,7.));
#15732 = DIRECTION('',(0.,0.,1.));
#15733 = DIRECTION('',(1.,0.,-0.));
#15734 = PCURVE('',#15608,#15735);
#15735 = DEFINITIONAL_REPRESENTATION('',(#15736),#15740);
#15736 = LINE('',#15737,#15738);
#15737 = CARTESIAN_POINT('',(-0.,-1.));
#15738 = VECTOR('',#15739,1.);
#15739 = DIRECTION('',(-1.,-0.));
#15740 = ( GEOMETRIC_REPRESENTATION_CONTEXT(2) 
PARAMETRIC_REPRESENTATION_CONTEXT() REPRESENTATION_CONTEXT('2D SPACE',''
  ) );
#15741 = PCURVE('',#15742,#15747);
#15742 = PLANE('',#15743);
#15743 = AXIS2_PLACEMENT_3D('',#15744,#15745,#15746);
#15744 = CARTESIAN_POINT('',(0.,0.,7.));
#15745 = DIRECTION('',(0.,0.,1.));
#15746 = DIRECTION('',(1.,0.,0.));
#15747 = DEFINITIONAL_REPRESENTATION('',(#15748),#15752);
#15748 = CIRCLE('',#15749,8.);
#15749 = AXIS2_PLACEMENT_2D('',#15750,#15751);
#15750 = CARTESIAN_POINT('',(0.,0.));
#15751 = DIRECTION('',(1.,0.));
#15752 = ( GEOMETRIC_REPRESENTATION_CONTEXT(2) 
PARAMETRIC_REPRESENTATION_CONTEXT() REPRESENTATION_CONTEXT('2D SPACE',''
  ) );
#15753 = ADVANCED_FACE('',(#15754),#15689,.F.);
#15754 = FACE_BOUND('',#15755,.F.);
#15755 = EDGE_LOOP('',(#15756));
#15756 = ORIENTED_EDGE('',*,*,#15674,.T.);
#15757 = ADVANCED_FACE('',(#15758),#15742,.T.);
#15758 = FACE_BOUND('',#15759,.T.);
#15759 = EDGE_LOOP('',(#15760));
#15760 = ORIENTED_EDGE('',*,*,#15727,.T.);
#15761 = ( GEOMETRIC_REPRESENTATION_CONTEXT(3) 
GLOBAL_UNCERTAINTY_ASSIGNED_CONTEXT((#15765)) 
GLOBAL_UNIT_ASSIGNED_CONTEXT((#15762,#15763,#15764)) 
REPRESENTATION_CONTEXT('Context #1',
  '3D Context with UNIT and UNCERTAINTY') );
#15762 = ( LENGTH_UNIT() NAMED_UNIT(*) SI_UNIT(.MILLI.,.METRE.) );
#15763 = ( NAMED_UNIT(*) PLANE_ANGLE_UNIT() SI_UNIT($,.RADIAN.) );
#15764 = ( NAMED_UNIT(*) SI_UNIT($,.STERADIAN.) SOLID_ANGLE_UNIT() );
#15765 = UNCERTAINTY_MEASURE_WITH_UNIT(LENGTH_MEASURE(1.E-07),#15762,
  'distance_accuracy_value','confusion accuracy');
#15766 = CONTEXT_DEPENDENT_SHAPE_REPRESENTATION(#15767,#15769);
#15767 = ( REPRESENTATION_RELATIONSHIP('','',#15556,#10) 
REPRESENTATION_RELATIONSHIP_WITH_TRANSFORMATION(#15768) 
SHAPE_REPRESENTATION_RELATIONSHIP() );
#15768 = ITEM_DEFINED_TRANSFORMATION('','',#11,#199);
#15769 = PRODUCT_DEFINITION_SHAPE('Placement','Placement of an item',
  #15770);
#15770 = NEXT_ASSEMBLY_USAGE_OCCURRENCE('47','seed_large_14','',#5,
  #15551,$);
#15771 = PRODUCT_RELATED_PRODUCT_CATEGORY('part',$,(#15553));
#15772 = SHAPE_DEFINITION_REPRESENTATION(#15773,#15779);
#15773 = PRODUCT_DEFINITION_SHAPE('','',#15774);
#15774 = PRODUCT_DEFINITION('design','',#15775,#15778);
#15775 = PRODUCT_DEFINITION_FORMATION('','',#15776);
#15776 = PRODUCT('seed_large_15','seed_large_15','',(#15777));
#15777 = PRODUCT_CONTEXT('',#2,'mechanical');
#15778 = PRODUCT_DEFINITION_CONTEXT('part definition',#2,'design');
#15779 = ADVANCED_BREP_SHAPE_REPRESENTATION('',(#11,#15780),#15984);
#15780 = MANIFOLD_SOLID_BREP('',#15781);
#15781 = CLOSED_SHELL('',(#15782,#15870,#15923,#15976,#15980));
#15782 = ADVANCED_FACE('',(#15783),#15797,.T.);
#15783 = FACE_BOUND('',#15784,.T.);
#15784 = EDGE_LOOP('',(#15785,#15815,#15842,#15843));
#15785 = ORIENTED_EDGE('',*,*,#15786,.T.);
#15786 = EDGE_CURVE('',#15787,#15789,#15791,.T.);
#15787 = VERTEX_POINT('',#15788);
#15788 = CARTESIAN_POINT('',(9.,0.,1.));
#15789 = VERTEX_POINT('',#15790);
#15790 = CARTESIAN_POINT('',(9.,0.,6.));
#15791 = SEAM_CURVE('',#15792,(#15796,#15808),.PCURVE_S1.);
#15792 = LINE('',#15793,#15794);
#15793 = CARTESIAN_POINT('',(9.,-2.204364238465E-15,0.));
#15794 = VECTOR('',#15795,1.);
#15795 = DIRECTION('',(0.,0.,1.));
#15796 = PCURVE('',#15797,#15802);
#15797 = CYLINDRICAL_SURFACE('',#15798,9.);
#15798 = AXIS2_PLACEMENT_3D('',#15799,#15800,#15801);
#15799 = CARTESIAN_POINT('',(0.,0.,0.));
#15800 = DIRECTION('',(0.,0.,1.));
#15801 = DIRECTION('',(1.,0.,0.));
#15802 = DEFINITIONAL_REPRESENTATION('',(#15803),#15807);
#15803 = LINE('',#15804,#15805);
#15804 = CARTESIAN_POINT('',(6.28318530718,-0.));
#15805 = VECTOR('',#15806,1.);
#15806 = DIRECTION('',(0.,1.));
#15807 = ( GEOMETRIC_REPRESENTATION_CONTEXT(2) 
PARAMETRIC_REPRESENTATION_CONTEXT() REPRESENTATION_CONTEXT('2D SPACE',''
  ) );
#15808 = PCURVE('',#15797,#15809);
#15809 = DEFINITIONAL_REPRESENTATION('',(#15810),#15814);
#15810 = LINE('',#15811,#15812);
#15811 = CARTESIAN_POINT('',(0.,-0.));
#15812 = VECTOR('',#15813,1.);
#15813 = DIRECTION('',(0.,1.));
#15814 = ( GEOMETRIC_REPRESENTATION_CONTEXT(2) 
PARAMETRIC_REPRESENTATION_CONTEXT() REPRESENTATION_CONTEXT('2D SPACE',''
  ) );
#15815 = ORIENTED_EDGE('',*,*,#15816,.F.);
#15816 = EDGE_CURVE('',#15789,#15789,#15817,.T.);
#15817 = SURFACE_CURVE('',#15818,(#15823,#15830),.PCURVE_S1.);
#15818 = CIRCLE('',#15819,9.);
#15819 = AXIS2_PLACEMENT_3D('',#15820,#15821,#15822);
#15820 = CARTESIAN_POINT('',(0.,0.,6.));
#15821 = DIRECTION('',(0.,0.,1.));
#15822 = DIRECTION('',(1.,0.,-0.));
#15823 = PCURVE('',#15797,#15824);
#15824 = DEFINITIONAL_REPRESENTATION('',(#15825),#15829);
#15825 = LINE('',#15826,#15827);
#15826 = CARTESIAN_POINT('',(0.,6.));
#15827 = VECTOR('',#15828,1.);
#15828 = DIRECTION('',(1.,0.));
#15829 = ( GEOMETRIC_REPRESENTATION_CONTEXT(2) 
PARAMETRIC_REPRESENTATION_CONTEXT() REPRESENTATION_CONTEXT('2D SPACE',''
  ) );
#15830 = PCURVE('',#15831,#15836);
#15831 = CONICAL_SURFACE('',#15832,9.,0.785398163397);
#15832 = AXIS2_PLACEMENT_3D('',#15833,#15834,#15835);
#15833 = CARTESIAN_POINT('',(0.,0.,6.));
#15834 = DIRECTION('',(-0.,-0.,-1.));
#15835 = DIRECTION('',(1.,0.,0.));
#15836 = DEFINITIONAL_REPRESENTATION('',(#15837),#15841);
#15837 = LINE('',#15838,#15839);
#15838 = CARTESIAN_POINT('',(-0.,-0.));
#15839 = VECTOR('',#15840,1.);
#15840 = DIRECTION('',(-1.,-0.));
#15841 = ( GEOMETRIC_REPRESENTATION_CONTEXT(2) 
PARAMETRIC_REPRESENTATION_CONTEXT() REPRESENTATION_CONTEXT('2D SPACE',''
  ) );
#15842 = ORIENTED_EDGE('',*,*,#15786,.F.);
#15843 = ORIENTED_EDGE('',*,*,#15844,.T.);
#15844 = EDGE_CURVE('',#15787,#15787,#15845,.T.);
#15845 = SURFACE_CURVE('',#15846,(#15851,#15858),.PCURVE_S1.);
#15846 = CIRCLE('',#15847,9.);
#15847 = AXIS2_PLACEMENT_3D('',#15848,#15849,#15850);
#15848 = CARTESIAN_POINT('',(0.,0.,1.));
#15849 = DIRECTION('',(0.,0.,1.));
#15850 = DIRECTION('',(1.,0.,-0.));
#15851 = PCURVE('',#15797,#15852);
#15852 = DEFINITIONAL_REPRESENTATION('',(#15853),#15857);
#15853 = LINE('',#15854,#15855);
#15854 = CARTESIAN_POINT('',(0.,1.));
#15855 = VECTOR('',#15856,1.);
#15856 = DIRECTION('',(1.,0.));
#15857 = ( GEOMETRIC_REPRESENTATION_CONTEXT(2) 
PARAMETRIC_REPRESENTATION_CONTEXT() REPRESENTATION_CONTEXT('2D SPACE',''
  ) );
#15858 = PCURVE('',#15859,#15864);
#15859 = CONICAL_SURFACE('',#15860,9.,0.785398163397);
#15860 = AXIS2_PLACEMENT_3D('',#15861,#15862,#15863);
#15861 = CARTESIAN_POINT('',(0.,0.,1.));
#15862 = DIRECTION('',(0.,0.,1.));
#15863 = DIRECTION('',(1.,0.,-0.));
#15864 = DEFINITIONAL_REPRESENTATION('',(#15865),#15869);
#15865 = LINE('',#15866,#15867);
#15866 = CARTESIAN_POINT('',(0.,-0.));
#15867 = VECTOR('',#15868,1.);
#15868 = DIRECTION('',(1.,-0.));
#15869 = ( GEOMETRIC_REPRESENTATION_CONTEXT(2) 
PARAMETRIC_REPRESENTATION_CONTEXT() REPRESENTATION_CONTEXT('2D SPACE',''
  ) );
#15870 = ADVANCED_FACE('',(#15871),#15859,.T.);
#15871 = FACE_BOUND('',#15872,.F.);
#15872 = EDGE_LOOP('',(#15873,#15894,#15895,#15896));
#15873 = ORIENTED_EDGE('',*,*,#15874,.F.);
#15874 = EDGE_CURVE('',#15787,#15875,#15877,.T.);
#15875 = VERTEX_POINT('',#15876);
#15876 = CARTESIAN_POINT('',(8.,0.,0.));
#15877 = SEAM_CURVE('',#15878,(#15882,#15888),.PCURVE_S1.);
#15878 = LINE('',#15879,#15880);
#15879 = CARTESIAN_POINT('',(9.,0.,1.));
#15880 = VECTOR('',#15881,1.);
#15881 = DIRECTION('',(-0.707106781187,-0.,-0.707106781187));
#15882 = PCURVE('',#15859,#15883);
#15883 = DEFINITIONAL_REPRESENTATION('',(#15884),#15887);
#15884 = B_SPLINE_CURVE_WITH_KNOTS('',1,(#15885,#15886),.UNSPECIFIED.,
  .F.,.F.,(2,2),(0.,1.414213562373),.PIECEWISE_BEZIER_KNOTS.);
#15885 = CARTESIAN_POINT('',(0.,0.));
#15886 = CARTESIAN_POINT('',(0.,-1.));
#15887 = ( GEOMETRIC_REPRESENTATION_CONTEXT(2) 
PARAMETRIC_REPRESENTATION_CONTEXT() REPRESENTATION_CONTEXT('2D SPACE',''
  ) );
#15888 = PCURVE('',#15859,#15889);
#15889 = DEFINITIONAL_REPRESENTATION('',(#15890),#15893);
#15890 = B_SPLINE_CURVE_WITH_KNOTS('',1,(#15891,#15892),.UNSPECIFIED.,
  .F.,.F.,(2,2),(0.,1.414213562373),.PIECEWISE_BEZIER_KNOTS.);
#15891 = CARTESIAN_POINT('',(6.28318530718,0.));
#15892 = CARTESIAN_POINT('',(6.28318530718,-1.));
#15893 = ( GEOMETRIC_REPRESENTATION_CONTEXT(2) 
PARAMETRIC_REPRESENTATION_CONTEXT() REPRESENTATION_CONTEXT('2D SPACE',''
  ) );
#15894 = ORIENTED_EDGE('',*,*,#15844,.T.);
#15895 = ORIENTED_EDGE('',*,*,#15874,.T.);
#15896 = ORIENTED_EDGE('',*,*,#15897,.F.);
#15897 = EDGE_CURVE('',#15875,#15875,#15898,.T.);
#15898 = SURFACE_CURVE('',#15899,(#15904,#15911),.PCURVE_S1.);
#15899 = CIRCLE('',#15900,8.);
#15900 = AXIS2_PLACEMENT_3D('',#15901,#15902,#15903);
#15901 = CARTESIAN_POINT('',(0.,0.,0.));
#15902 = DIRECTION('',(0.,0.,1.));
#15903 = DIRECTION('',(1.,0.,-0.));
#15904 = PCURVE('',#15859,#15905);
#15905 = DEFINITIONAL_REPRESENTATION('',(#15906),#15910);
#15906 = LINE('',#15907,#15908);
#15907 = CARTESIAN_POINT('',(0.,-1.));
#15908 = VECTOR('',#15909,1.);
#15909 = DIRECTION('',(1.,-0.));
#15910 = ( GEOMETRIC_REPRESENTATION_CONTEXT(2) 
PARAMETRIC_REPRESENTATION_CONTEXT() REPRESENTATION_CONTEXT('2D SPACE',''
  ) );
#15911 = PCURVE('',#15912,#15917);
#15912 = PLANE('',#15913);
#15913 = AXIS2_PLACEMENT_3D('',#15914,#15915,#15916);
#15914 = CARTESIAN_POINT('',(0.,0.,0.));
#15915 = DIRECTION('',(0.,0.,1.));
#15916 = DIRECTION('',(1.,0.,0.));
#15917 = DEFINITIONAL_REPRESENTATION('',(#15918),#15922);
#15918 = CIRCLE('',#15919,8.);
#15919 = AXIS2_PLACEMENT_2D('',#15920,#15921);
#15920 = CARTESIAN_POINT('',(0.,0.));
#15921 = DIRECTION('',(1.,0.));
#15922 = ( GEOMETRIC_REPRESENTATION_CONTEXT(2) 
PARAMETRIC_REPRESENTATION_CONTEXT() REPRESENTATION_CONTEXT('2D SPACE',''
  ) );
#15923 = ADVANCED_FACE('',(#15924),#15831,.T.);
#15924 = FACE_BOUND('',#15925,.T.);
#15925 = EDGE_LOOP('',(#15926,#15947,#15948,#15949));
#15926 = ORIENTED_EDGE('',*,*,#15927,.F.);
#15927 = EDGE_CURVE('',#15789,#15928,#15930,.T.);
#15928 = VERTEX_POINT('',#15929);
#15929 = CARTESIAN_POINT('',(8.,0.,7.));
#15930 = SEAM_CURVE('',#15931,(#15935,#15941),.PCURVE_S1.);
#15931 = LINE('',#15932,#15933);
#15932 = CARTESIAN_POINT('',(9.,0.,6.));
#15933 = VECTOR('',#15934,1.);
#15934 = DIRECTION('',(-0.707106781187,0.,0.707106781187));
#15935 = PCURVE('',#15831,#15936);
#15936 = DEFINITIONAL_REPRESENTATION('',(#15937),#15940);
#15937 = B_SPLINE_CURVE_WITH_KNOTS('',1,(#15938,#15939),.UNSPECIFIED.,
  .F.,.F.,(2,2),(0.,1.414213562373),.PIECEWISE_BEZIER_KNOTS.);
#15938 = CARTESIAN_POINT('',(0.,0.));
#15939 = CARTESIAN_POINT('',(0.,-1.));
#15940 = ( GEOMETRIC_REPRESENTATION_CONTEXT(2) 
PARAMETRIC_REPRESENTATION_CONTEXT() REPRESENTATION_CONTEXT('2D SPACE',''
  ) );
#15941 = PCURVE('',#15831,#15942);
#15942 = DEFINITIONAL_REPRESENTATION('',(#15943),#15946);
#15943 = B_SPLINE_CURVE_WITH_KNOTS('',1,(#15944,#15945),.UNSPECIFIED.,
  .F.,.F.,(2,2),(0.,1.414213562373),.PIECEWISE_BEZIER_KNOTS.);
#15944 = CARTESIAN_POINT('',(-6.28318530718,0.));
#15945 = CARTESIAN_POINT('',(-6.28318530718,-1.));
#15946 = ( GEOMETRIC_REPRESENTATION_CONTEXT(2) 
PARAMETRIC_REPRESENTATION_CONTEXT() REPRESENTATION_CONTEXT('2D SPACE',''
  ) );
#15947 = ORIENTED_EDGE('',*,*,#15816,.T.);
#15948 = ORIENTED_EDGE('',*,*,#15927,.T.);
#15949 = ORIENTED_EDGE('',*,*,#15950,.F.);
#15950 = EDGE_CURVE('',#15928,#15928,#15951,.T.);
#15951 = SURFACE_CURVE('',#15952,(#15957,#15964),.PCURVE_S1.);
#15952 = CIRCLE('',#15953,8.);
#15953 = AXIS2_PLACEMENT_3D('',#15954,#15955,#15956);
#15954 = CARTESIAN_POINT('',(0.,0.,7.));
#15955 = DIRECTION('',(0.,0.,1.));
#15956 = DIRECTION('',(1.,0.,-0.));
#15957 = PCURVE('',#15831,#15958);
#15958 = DEFINITIONAL_REPRESENTATION('',(#15959),#15963);
#15959 = LINE('',#15960,#15961);
#15960 = CARTESIAN_POINT('',(-0.,-1.));
#15961 = VECTOR('',#15962,1.);
#15962 = DIRECTION('',(-1.,-0.));
#15963 = ( GEOMETRIC_REPRESENTATION_CONTEXT(2) 
PARAMETRIC_REPRESENTATION_CONTEXT() REPRESENTATION_CONTEXT('2D SPACE',''
  ) );
#15964 = PCURVE('',#15965,#15970);
#15965 = PLANE('',#15966);
#15966 = AXIS2_PLACEMENT_3D('',#15967,#15968,#15969);
#15967 = CARTESIAN_POINT('',(0.,0.,7.));
#15968 = DIRECTION('',(0.,0.,1.));
#15969 = DIRECTION('',(1.,0.,0.));
#15970 = DEFINITIONAL_REPRESENTATION('',(#15971),#15975);
#15971 = CIRCLE('',#15972,8.);
#15972 = AXIS2_PLACEMENT_2D('',#15973,#15974);
#15973 = CARTESIAN_POINT('',(0.,0.));
#15974 = DIRECTION('',(1.,0.));
#15975 = ( GEOMETRIC_REPRESENTATION_CONTEXT(2) 
PARAMETRIC_REPRESENTATION_CONTEXT() REPRESENTATION_CONTEXT('2D SPACE',''
  ) );
#15976 = ADVANCED_FACE('',(#15977),#15912,.F.);
#15977 = FACE_BOUND('',#15978,.F.);
#15978 = EDGE_LOOP('',(#15979));
#15979 = ORIENTED_EDGE('',*,*,#15897,.T.);
#15980 = ADVANCED_FACE('',(#15981),#15965,.T.);
#15981 = FACE_BOUND('',#15982,.T.);
#15982 = EDGE_LOOP('',(#15983));
#15983 = ORIENTED_EDGE('',*,*,#15950,.T.);
#15984 = ( GEOMETRIC_REPRESENTATION_CONTEXT(3) 
GLOBAL_UNCERTAINTY_ASSIGNED_CONTEXT((#15988)) 
GLOBAL_UNIT_ASSIGNED_CONTEXT((#15985,#15986,#15987)) 
REPRESENTATION_CONTEXT('Context #1',
  '3D Context with UNIT and UNCERTAINTY') );
#15985 = ( LENGTH_UNIT() NAMED_UNIT(*) SI_UNIT(.MILLI.,.METRE.) );
#15986 = ( NAMED_UNIT(*) PLANE_ANGLE_UNIT() SI_UNIT($,.RADIAN.) );
#15987 = ( NAMED_UNIT(*) SI_UNIT($,.STERADIAN.) SOLID_ANGLE_UNIT() );
#15988 = UNCERTAINTY_MEASURE_WITH_UNIT(LENGTH_MEASURE(1.E-07),#15985,
  'distance_accuracy_value','confusion accuracy');
#15989 = CONTEXT_DEPENDENT_SHAPE_REPRESENTATION(#15990,#15992);
#15990 = ( REPRESENTATION_RELATIONSHIP('','',#15779,#10) 
REPRESENTATION_RELATIONSHIP_WITH_TRANSFORMATION(#15991) 
SHAPE_REPRESENTATION_RELATIONSHIP() );
#15991 = ITEM_DEFINED_TRANSFORMATION('','',#11,#203);
#15992 = PRODUCT_DEFINITION_SHAPE('Placement','Placement of an item',
  #15993);
#15993 = NEXT_ASSEMBLY_USAGE_OCCURRENCE('48','seed_large_15','',#5,
  #15774,$);
#15994 = PRODUCT_RELATED_PRODUCT_CATEGORY('part',$,(#15776));
#15995 = SHAPE_DEFINITION_REPRESENTATION(#15996,#16002);
#15996 = PRODUCT_DEFINITION_SHAPE('','',#15997);
#15997 = PRODUCT_DEFINITION('design','',#15998,#16001);
#15998 = PRODUCT_DEFINITION_FORMATION('','',#15999);
#15999 = PRODUCT('seed_large_16','seed_large_16','',(#16000));
#16000 = PRODUCT_CONTEXT('',#2,'mechanical');
#16001 = PRODUCT_DEFINITION_CONTEXT('part definition',#2,'design');
#16002 = ADVANCED_BREP_SHAPE_REPRESENTATION('',(#11,#16003),#16207);
#16003 = MANIFOLD_SOLID_BREP('',#16004);
#16004 = CLOSED_SHELL('',(#16005,#16093,#16146,#16199,#16203));
#16005 = ADVANCED_FACE('',(#16006),#16020,.T.);
#16006 = FACE_BOUND('',#16007,.T.);
#16007 = EDGE_LOOP('',(#16008,#16038,#16065,#16066));
#16008 = ORIENTED_EDGE('',*,*,#16009,.T.);
#16009 = EDGE_CURVE('',#16010,#16012,#16014,.T.);
#16010 = VERTEX_POINT('',#16011);
#16011 = CARTESIAN_POINT('',(9.,0.,1.));
#16012 = VERTEX_POINT('',#16013);
#16013 = CARTESIAN_POINT('',(9.,0.,6.));
#16014 = SEAM_CURVE('',#16015,(#16019,#16031),.PCURVE_S1.);
#16015 = LINE('',#16016,#16017);
#16016 = CARTESIAN_POINT('',(9.,-2.204364238465E-15,0.));
#16017 = VECTOR('',#16018,1.);
#16018 = DIRECTION('',(0.,0.,1.));
#16019 = PCURVE('',#16020,#16025);
#16020 = CYLINDRICAL_SURFACE('',#16021,9.);
#16021 = AXIS2_PLACEMENT_3D('',#16022,#16023,#16024);
#16022 = CARTESIAN_POINT('',(0.,0.,0.));
#16023 = DIRECTION('',(0.,0.,1.));
#16024 = DIRECTION('',(1.,0.,0.));
#16025 = DEFINITIONAL_REPRESENTATION('',(#16026),#16030);
#16026 = LINE('',#16027,#16028);
#16027 = CARTESIAN_POINT('',(6.28318530718,-0.));
#16028 = VECTOR('',#16029,1.);
#16029 = DIRECTION('',(0.,1.));
#16030 = ( GEOMETRIC_REPRESENTATION_CONTEXT(2) 
PARAMETRIC_REPRESENTATION_CONTEXT() REPRESENTATION_CONTEXT('2D SPACE',''
  ) );
#16031 = PCURVE('',#16020,#16032);
#16032 = DEFINITIONAL_REPRESENTATION('',(#16033),#16037);
#16033 = LINE('',#16034,#16035);
#16034 = CARTESIAN_POINT('',(0.,-0.));
#16035 = VECTOR('',#16036,1.);
#16036 = DIRECTION('',(0.,1.));
#16037 = ( GEOMETRIC_REPRESENTATION_CONTEXT(2) 
PARAMETRIC_REPRESENTATION_CONTEXT() REPRESENTATION_CONTEXT('2D SPACE',''
  ) );
#16038 = ORIENTED_EDGE('',*,*,#16039,.F.);
#16039 = EDGE_CURVE('',#16012,#16012,#16040,.T.);
#16040 = SURFACE_CURVE('',#16041,(#16046,#16053),.PCURVE_S1.);
#16041 = CIRCLE('',#16042,9.);
#16042 = AXIS2_PLACEMENT_3D('',#16043,#16044,#16045);
#16043 = CARTESIAN_POINT('',(0.,0.,6.));
#16044 = DIRECTION('',(0.,0.,1.));
#16045 = DIRECTION('',(1.,0.,-0.));
#16046 = PCURVE('',#16020,#16047);
#16047 = DEFINITIONAL_REPRESENTATION('',(#16048),#16052);
#16048 = LINE('',#16049,#16050);
#16049 = CARTESIAN_POINT('',(0.,6.));
#16050 = VECTOR('',#16051,1.);
#16051 = DIRECTION('',(1.,0.));
#16052 = ( GEOMETRIC_REPRESENTATION_CONTEXT(2) 
PARAMETRIC_REPRESENTATION_CONTEXT() REPRESENTATION_CONTEXT('2D SPACE',''
  ) );
#16053 = PCURVE('',#16054,#16059);
#16054 = CONICAL_SURFACE('',#16055,9.,0.785398163397);
#16055 = AXIS2_PLACEMENT_3D('',#16056,#16057,#16058);
#16056 = CARTESIAN_POINT('',(0.,0.,6.));
#16057 = DIRECTION('',(-0.,-0.,-1.));
#16058 = DIRECTION('',(1.,0.,0.));
#16059 = DEFINITIONAL_REPRESENTATION('',(#16060),#16064);
#16060 = LINE('',#16061,#16062);
#16061 = CARTESIAN_POINT('',(-0.,-0.));
#16062 = VECTOR('',#16063,1.);
#16063 = DIRECTION('',(-1.,-0.));
#16064 = ( GEOMETRIC_REPRESENTATION_CONTEXT(2) 
PARAMETRIC_REPRESENTATION_CONTEXT() REPRESENTATION_CONTEXT('2D SPACE',''
  ) );
#16065 = ORIENTED_EDGE('',*,*,#16009,.F.);
#16066 = ORIENTED_EDGE('',*,*,#16067,.T.);
#16067 = EDGE_CURVE('',#16010,#16010,#16068,.T.);
#16068 = SURFACE_CURVE('',#16069,(#16074,#16081),.PCURVE_S1.);
#16069 = CIRCLE('',#16070,9.);
#16070 = AXIS2_PLACEMENT_3D('',#16071,#16072,#16073);
#16071 = CARTESIAN_POINT('',(0.,0.,1.));
#16072 = DIRECTION('',(0.,0.,1.));
#16073 = DIRECTION('',(1.,0.,-0.));
#16074 = PCURVE('',#16020,#16075);
#16075 = DEFINITIONAL_REPRESENTATION('',(#16076),#16080);
#16076 = LINE('',#16077,#16078);
#16077 = CARTESIAN_POINT('',(0.,1.));
#16078 = VECTOR('',#16079,1.);
#16079 = DIRECTION('',(1.,0.));
#16080 = ( GEOMETRIC_REPRESENTATION_CONTEXT(2) 
PARAMETRIC_REPRESENTATION_CONTEXT() REPRESENTATION_CONTEXT('2D SPACE',''
  ) );
#16081 = PCURVE('',#16082,#16087);
#16082 = CONICAL_SURFACE('',#16083,9.,0.785398163397);
#16083 = AXIS2_PLACEMENT_3D('',#16084,#16085,#16086);
#16084 = CARTESIAN_POINT('',(0.,0.,1.));
#16085 = DIRECTION('',(0.,0.,1.));
#16086 = DIRECTION('',(1.,0.,-0.));
#16087 = DEFINITIONAL_REPRESENTATION('',(#16088),#16092);
#16088 = LINE('',#16089,#16090);
#16089 = CARTESIAN_POINT('',(0.,-0.));
#16090 = VECTOR('',#16091,1.);
#16091 = DIRECTION('',(1.,-0.));
#16092 = ( GEOMETRIC_REPRESENTATION_CONTEXT(2) 
PARAMETRIC_REPRESENTATION_CONTEXT() REPRESENTATION_CONTEXT('2D SPACE',''
  ) );
#16093 = ADVANCED_FACE('',(#16094),#16082,.T.);
#16094 = FACE_BOUND('',#16095,.F.);
#16095 = EDGE_LOOP('',(#16096,#16117,#16118,#16119));
#16096 = ORIENTED_EDGE('',*,*,#16097,.F.);
#16097 = EDGE_CURVE('',#16010,#16098,#16100,.T.);
#16098 = VERTEX_POINT('',#16099);
#16099 = CARTESIAN_POINT('',(8.,0.,0.));
#16100 = SEAM_CURVE('',#16101,(#16105,#16111),.PCURVE_S1.);
#16101 = LINE('',#16102,#16103);
#16102 = CARTESIAN_POINT('',(9.,0.,1.));
#16103 = VECTOR('',#16104,1.);
#16104 = DIRECTION('',(-0.707106781187,-0.,-0.707106781187));
#16105 = PCURVE('',#16082,#16106);
#16106 = DEFINITIONAL_REPRESENTATION('',(#16107),#16110);
#16107 = B_SPLINE_CURVE_WITH_KNOTS('',1,(#16108,#16109),.UNSPECIFIED.,
  .F.,.F.,(2,2),(0.,1.414213562373),.PIECEWISE_BEZIER_KNOTS.);
#16108 = CARTESIAN_POINT('',(0.,0.));
#16109 = CARTESIAN_POINT('',(0.,-1.));
#16110 = ( GEOMETRIC_REPRESENTATION_CONTEXT(2) 
PARAMETRIC_REPRESENTATION_CONTEXT() REPRESENTATION_CONTEXT('2D SPACE',''
  ) );
#16111 = PCURVE('',#16082,#16112);
#16112 = DEFINITIONAL_REPRESENTATION('',(#16113),#16116);
#16113 = B_SPLINE_CURVE_WITH_KNOTS('',1,(#16114,#16115),.UNSPECIFIED.,
  .F.,.F.,(2,2),(0.,1.414213562373),.PIECEWISE_BEZIER_KNOTS.);
#16114 = CARTESIAN_POINT('',(6.28318530718,0.));
#16115 = CARTESIAN_POINT('',(6.28318530718,-1.));
#16116 = ( GEOMETRIC_REPRESENTATION_CONTEXT(2) 
PARAMETRIC_REPRESENTATION_CONTEXT() REPRESENTATION_CONTEXT('2D SPACE',''
  ) );
#16117 = ORIENTED_EDGE('',*,*,#16067,.T.);
#16118 = ORIENTED_EDGE('',*,*,#16097,.T.);
#16119 = ORIENTED_EDGE('',*,*,#16120,.F.);
#16120 = EDGE_CURVE('',#16098,#16098,#16121,.T.);
#16121 = SURFACE_CURVE('',#16122,(#16127,#16134),.PCURVE_S1.);
#16122 = CIRCLE('',#16123,8.);
#16123 = AXIS2_PLACEMENT_3D('',#16124,#16125,#16126);
#16124 = CARTESIAN_POINT('',(0.,0.,0.));
#16125 = DIRECTION('',(0.,0.,1.));
#16126 = DIRECTION('',(1.,0.,-0.));
#16127 = PCURVE('',#16082,#16128);
#16128 = DEFINITIONAL_REPRESENTATION('',(#16129),#16133);
#16129 = LINE('',#16130,#16131);
#16130 = CARTESIAN_POINT('',(0.,-1.));
#16131 = VECTOR('',#16132,1.);
#16132 = DIRECTION('',(1.,-0.));
#16133 = ( GEOMETRIC_REPRESENTATION_CONTEXT(2) 
PARAMETRIC_REPRESENTATION_CONTEXT() REPRESENTATION_CONTEXT('2D SPACE',''
  ) );
#16134 = PCURVE('',#16135,#16140);
#16135 = PLANE('',#16136);
#16136 = AXIS2_PLACEMENT_3D('',#16137,#16138,#16139);
#16137 = CARTESIAN_POINT('',(0.,0.,0.));
#16138 = DIRECTION('',(0.,0.,1.));
#16139 = DIRECTION('',(1.,0.,0.));
#16140 = DEFINITIONAL_REPRESENTATION('',(#16141),#16145);
#16141 = CIRCLE('',#16142,8.);
#16142 = AXIS2_PLACEMENT_2D('',#16143,#16144);
#16143 = CARTESIAN_POINT('',(0.,0.));
#16144 = DIRECTION('',(1.,0.));
#16145 = ( GEOMETRIC_REPRESENTATION_CONTEXT(2) 
PARAMETRIC_REPRESENTATION_CONTEXT() REPRESENTATION_CONTEXT('2D SPACE',''
  ) );
#16146 = ADVANCED_FACE('',(#16147),#16054,.T.);
#16147 = FACE_BOUND('',#16148,.T.);
#16148 = EDGE_LOOP('',(#16149,#16170,#16171,#16172));
#16149 = ORIENTED_EDGE('',*,*,#16150,.F.);
#16150 = EDGE_CURVE('',#16012,#16151,#16153,.T.);
#16151 = VERTEX_POINT('',#16152);
#16152 = CARTESIAN_POINT('',(8.,0.,7.));
#16153 = SEAM_CURVE('',#16154,(#16158,#16164),.PCURVE_S1.);
#16154 = LINE('',#16155,#16156);
#16155 = CARTESIAN_POINT('',(9.,0.,6.));
#16156 = VECTOR('',#16157,1.);
#16157 = DIRECTION('',(-0.707106781187,0.,0.707106781187));
#16158 = PCURVE('',#16054,#16159);
#16159 = DEFINITIONAL_REPRESENTATION('',(#16160),#16163);
#16160 = B_SPLINE_CURVE_WITH_KNOTS('',1,(#16161,#16162),.UNSPECIFIED.,
  .F.,.F.,(2,2),(0.,1.414213562373),.PIECEWISE_BEZIER_KNOTS.);
#16161 = CARTESIAN_POINT('',(0.,0.));
#16162 = CARTESIAN_POINT('',(0.,-1.));
#16163 = ( GEOMETRIC_REPRESENTATION_CONTEXT(2) 
PARAMETRIC_REPRESENTATION_CONTEXT() REPRESENTATION_CONTEXT('2D SPACE',''
  ) );
#16164 = PCURVE('',#16054,#16165);
#16165 = DEFINITIONAL_REPRESENTATION('',(#16166),#16169);
#16166 = B_SPLINE_CURVE_WITH_KNOTS('',1,(#16167,#16168),.UNSPECIFIED.,
  .F.,.F.,(2,2),(0.,1.414213562373),.PIECEWISE_BEZIER_KNOTS.);
#16167 = CARTESIAN_POINT('',(-6.28318530718,0.));
#16168 = CARTESIAN_POINT('',(-6.28318530718,-1.));
#16169 = ( GEOMETRIC_REPRESENTATION_CONTEXT(2) 
PARAMETRIC_REPRESENTATION_CONTEXT() REPRESENTATION_CONTEXT('2D SPACE',''
  ) );
#16170 = ORIENTED_EDGE('',*,*,#16039,.T.);
#16171 = ORIENTED_EDGE('',*,*,#16150,.T.);
#16172 = ORIENTED_EDGE('',*,*,#16173,.F.);
#16173 = EDGE_CURVE('',#16151,#16151,#16174,.T.);
#16174 = SURFACE_CURVE('',#16175,(#16180,#16187),.PCURVE_S1.);
#16175 = CIRCLE('',#16176,8.);
#16176 = AXIS2_PLACEMENT_3D('',#16177,#16178,#16179);
#16177 = CARTESIAN_POINT('',(0.,0.,7.));
#16178 = DIRECTION('',(0.,0.,1.));
#16179 = DIRECTION('',(1.,0.,-0.));
#16180 = PCURVE('',#16054,#16181);
#16181 = DEFINITIONAL_REPRESENTATION('',(#16182),#16186);
#16182 = LINE('',#16183,#16184);
#16183 = CARTESIAN_POINT('',(-0.,-1.));
#16184 = VECTOR('',#16185,1.);
#16185 = DIRECTION('',(-1.,-0.));
#16186 = ( GEOMETRIC_REPRESENTATION_CONTEXT(2) 
PARAMETRIC_REPRESENTATION_CONTEXT() REPRESENTATION_CONTEXT('2D SPACE',''
  ) );
#16187 = PCURVE('',#16188,#16193);
#16188 = PLANE('',#16189);
#16189 = AXIS2_PLACEMENT_3D('',#16190,#16191,#16192);
#16190 = CARTESIAN_POINT('',(0.,0.,7.));
#16191 = DIRECTION('',(0.,0.,1.));
#16192 = DIRECTION('',(1.,0.,0.));
#16193 = DEFINITIONAL_REPRESENTATION('',(#16194),#16198);
#16194 = CIRCLE('',#16195,8.);
#16195 = AXIS2_PLACEMENT_2D('',#16196,#16197);
#16196 = CARTESIAN_POINT('',(0.,0.));
#16197 = DIRECTION('',(1.,0.));
#16198 = ( GEOMETRIC_REPRESENTATION_CONTEXT(2) 
PARAMETRIC_REPRESENTATION_CONTEXT() REPRESENTATION_CONTEXT('2D SPACE',''
  ) );
#16199 = ADVANCED_FACE('',(#16200),#16135,.F.);
#16200 = FACE_BOUND('',#16201,.F.);
#16201 = EDGE_LOOP('',(#16202));
#16202 = ORIENTED_EDGE('',*,*,#16120,.T.);
#16203 = ADVANCED_FACE('',(#16204),#16188,.T.);
#16204 = FACE_BOUND('',#16205,.T.);
#16205 = EDGE_LOOP('',(#16206));
#16206 = ORIENTED_EDGE('',*,*,#16173,.T.);
#16207 = ( GEOMETRIC_REPRESENTATION_CONTEXT(3) 
GLOBAL_UNCERTAINTY_ASSIGNED_CONTEXT((#16211)) 
GLOBAL_UNIT_ASSIGNED_CONTEXT((#16208,#16209,#16210)) 
REPRESENTATION_CONTEXT('Context #1',
  '3D Context with UNIT and UNCERTAINTY') );
#16208 = ( LENGTH_UNIT() NAMED_UNIT(*) SI_UNIT(.MILLI.,.METRE.) );
#16209 = ( NAMED_UNIT(*) PLANE_ANGLE_UNIT() SI_UNIT($,.RADIAN.) );
#16210 = ( NAMED_UNIT(*) SI_UNIT($,.STERADIAN.) SOLID_ANGLE_UNIT() );
#16211 = UNCERTAINTY_MEASURE_WITH_UNIT(LENGTH_MEASURE(1.E-07),#16208,
  'distance_accuracy_value','confusion accuracy');
#16212 = CONTEXT_DEPENDENT_SHAPE_REPRESENTATION(#16213,#16215);
#16213 = ( REPRESENTATION_RELATIONSHIP('','',#16002,#10) 
REPRESENTATION_RELATIONSHIP_WITH_TRANSFORMATION(#16214) 
SHAPE_REPRESENTATION_RELATIONSHIP() );
#16214 = ITEM_DEFINED_TRANSFORMATION('','',#11,#207);
#16215 = PRODUCT_DEFINITION_SHAPE('Placement','Placement of an item',
  #16216);
#16216 = NEXT_ASSEMBLY_USAGE_OCCURRENCE('49','seed_large_16','',#5,
  #15997,$);
#16217 = PRODUCT_RELATED_PRODUCT_CATEGORY('part',$,(#15999));
#16218 = SHAPE_DEFINITION_REPRESENTATION(#5511,#16219);
#16219 = SHAPE_REPRESENTATION('',(#15),#5503);
#16220 = SHAPE_DEFINITION_REPRESENTATION(#5734,#16221);
#16221 = SHAPE_REPRESENTATION('',(#19),#5726);
#16222 = SHAPE_DEFINITION_REPRESENTATION(#5957,#16223);
#16223 = SHAPE_REPRESENTATION('',(#23),#5949);
#16224 = SHAPE_DEFINITION_REPRESENTATION(#6180,#16225);
#16225 = SHAPE_REPRESENTATION('',(#27),#6172);
#16226 = SHAPE_DEFINITION_REPRESENTATION(#6403,#16227);
#16227 = SHAPE_REPRESENTATION('',(#31),#6395);
#16228 = SHAPE_DEFINITION_REPRESENTATION(#6626,#16229);
#16229 = SHAPE_REPRESENTATION('',(#35),#6618);
#16230 = SHAPE_DEFINITION_REPRESENTATION(#6849,#16231);
#16231 = SHAPE_REPRESENTATION('',(#39),#6841);
#16232 = SHAPE_DEFINITION_REPRESENTATION(#7072,#16233);
#16233 = SHAPE_REPRESENTATION('',(#43),#7064);
#16234 = SHAPE_DEFINITION_REPRESENTATION(#7295,#16235);
#16235 = SHAPE_REPRESENTATION('',(#47),#7287);
#16236 = SHAPE_DEFINITION_REPRESENTATION(#7518,#16237);
#16237 = SHAPE_REPRESENTATION('',(#51),#7510);
#16238 = SHAPE_DEFINITION_REPRESENTATION(#7741,#16239);
#16239 = SHAPE_REPRESENTATION('',(#55),#7733);
#16240 = SHAPE_DEFINITION_REPRESENTATION(#7964,#16241);
#16241 = SHAPE_REPRESENTATION('',(#59),#7956);
#16242 = SHAPE_DEFINITION_REPRESENTATION(#8187,#16243);
#16243 = SHAPE_REPRESENTATION('',(#63),#8179);
#16244 = SHAPE_DEFINITION_REPRESENTATION(#8410,#16245);
#16245 = SHAPE_REPRESENTATION('',(#67),#8402);
#16246 = SHAPE_DEFINITION_REPRESENTATION(#8633,#16247);
#16247 = SHAPE_REPRESENTATION('',(#71),#8625);
#16248 = SHAPE_DEFINITION_REPRESENTATION(#8856,#16249);
#16249 = SHAPE_REPRESENTATION('',(#75),#8848);
#16250 = SHAPE_DEFINITION_REPRESENTATION(#9079,#16251);
#16251 = SHAPE_REPRESENTATION('',(#79),#9071);
#16252 = SHAPE_DEFINITION_REPRESENTATION(#9302,#16253);
#16253 = SHAPE_REPRESENTATION('',(#83),#9294);
#16254 = SHAPE_DEFINITION_REPRESENTATION(#9525,#16255);
#16255 = SHAPE_REPRESENTATION('',(#87),#9517);
#16256 = SHAPE_DEFINITION_REPRESENTATION(#9748,#16257);
#16257 = SHAPE_REPRESENTATION('',(#91),#9740);
#16258 = SHAPE_DEFINITION_REPRESENTATION(#9971,#16259);
#16259 = SHAPE_REPRESENTATION('',(#95),#9963);
#16260 = SHAPE_DEFINITION_REPRESENTATION(#10194,#16261);
#16261 = SHAPE_REPRESENTATION('',(#99),#10186);
#16262 = SHAPE_DEFINITION_REPRESENTATION(#10417,#16263);
#16263 = SHAPE_REPRESENTATION('',(#103),#10409);
#16264 = SHAPE_DEFINITION_REPRESENTATION(#10640,#16265);
#16265 = SHAPE_REPRESENTATION('',(#107),#10632);
#16266 = SHAPE_DEFINITION_REPRESENTATION(#10863,#16267);
#16267 = SHAPE_REPRESENTATION('',(#111),#10855);
#16268 = SHAPE_DEFINITION_REPRESENTATION(#11086,#16269);
#16269 = SHAPE_REPRESENTATION('',(#115),#11078);
#16270 = SHAPE_DEFINITION_REPRESENTATION(#11309,#16271);
#16271 = SHAPE_REPRESENTATION('',(#119),#11301);
#16272 = SHAPE_DEFINITION_REPRESENTATION(#11532,#16273);
#16273 = SHAPE_REPRESENTATION('',(#123),#11524);
#16274 = SHAPE_DEFINITION_REPRESENTATION(#11755,#16275);
#16275 = SHAPE_REPRESENTATION('',(#127),#11747);
#16276 = SHAPE_DEFINITION_REPRESENTATION(#11978,#16277);
#16277 = SHAPE_REPRESENTATION('',(#131),#11970);
#16278 = SHAPE_DEFINITION_REPRESENTATION(#12201,#16279);
#16279 = SHAPE_REPRESENTATION('',(#135),#12193);
#16280 = SHAPE_DEFINITION_REPRESENTATION(#12424,#16281);
#16281 = SHAPE_REPRESENTATION('',(#139),#12416);
#16282 = SHAPE_DEFINITION_REPRESENTATION(#12647,#16283);
#16283 = SHAPE_REPRESENTATION('',(#143),#12639);
#16284 = SHAPE_DEFINITION_REPRESENTATION(#12870,#16285);
#16285 = SHAPE_REPRESENTATION('',(#147),#12862);
#16286 = SHAPE_DEFINITION_REPRESENTATION(#13093,#16287);
#16287 = SHAPE_REPRESENTATION('',(#151),#13085);
#16288 = SHAPE_DEFINITION_REPRESENTATION(#13316,#16289);
#16289 = SHAPE_REPRESENTATION('',(#155),#13308);
#16290 = SHAPE_DEFINITION_REPRESENTATION(#13539,#16291);
#16291 = SHAPE_REPRESENTATION('',(#159),#13531);
#16292 = SHAPE_DEFINITION_REPRESENTATION(#13762,#16293);
#16293 = SHAPE_REPRESENTATION('',(#163),#13754);
#16294 = SHAPE_DEFINITION_REPRESENTATION(#13985,#16295);
#16295 = SHAPE_REPRESENTATION('',(#167),#13977);
#16296 = SHAPE_DEFINITION_REPRESENTATION(#14208,#16297);
#16297 = SHAPE_REPRESENTATION('',(#171),#14200);
#16298 = SHAPE_DEFINITION_REPRESENTATION(#14431,#16299);
#16299 = SHAPE_REPRESENTATION('',(#175),#14423);
#16300 = SHAPE_DEFINITION_REPRESENTATION(#14654,#16301);
#16301 = SHAPE_REPRESENTATION('',(#179),#14646);
#16302 = SHAPE_DEFINITION_REPRESENTATION(#14877,#16303);
#16303 = SHAPE_REPRESENTATION('',(#183),#14869);
#16304 = SHAPE_DEFINITION_REPRESENTATION(#15100,#16305);
#16305 = SHAPE_REPRESENTATION('',(#187),#15092);
#16306 = SHAPE_DEFINITION_REPRESENTATION(#15323,#16307);
#16307 = SHAPE_REPRESENTATION('',(#191),#15315);
#16308 = SHAPE_DEFINITION_REPRESENTATION(#15546,#16309);
#16309 = SHAPE_REPRESENTATION('',(#195),#15538);
#16310 = SHAPE_DEFINITION_REPRESENTATION(#15769,#16311);
#16311 = SHAPE_REPRESENTATION('',(#199),#15761);
#16312 = SHAPE_DEFINITION_REPRESENTATION(#15992,#16313);
#16313 = SHAPE_REPRESENTATION('',(#203),#15984);
#16314 = SHAPE_DEFINITION_REPRESENTATION(#16215,#16315);
#16315 = SHAPE_REPRESENTATION('',(#207),#16207);
#16316 = SHAPE_DEFINITION_REPRESENTATION(#5511,#16317);
#16317 = SHAPE_REPRESENTATION('',(#15),#5503);
#16318 = SHAPE_DEFINITION_REPRESENTATION(#5734,#16319);
#16319 = SHAPE_REPRESENTATION('',(#19),#5726);
#16320 = SHAPE_DEFINITION_REPRESENTATION(#5957,#16321);
#16321 = SHAPE_REPRESENTATION('',(#23),#5949);
#16322 = SHAPE_DEFINITION_REPRESENTATION(#6180,#16323);
#16323 = SHAPE_REPRESENTATION('',(#27),#6172);
#16324 = SHAPE_DEFINITION_REPRESENTATION(#6403,#16325);
#16325 = SHAPE_REPRESENTATION('',(#31),#6395);
#16326 = SHAPE_DEFINITION_REPRESENTATION(#6626,#16327);
#16327 = SHAPE_REPRESENTATION('',(#35),#6618);
#16328 = SHAPE_DEFINITION_REPRESENTATION(#6849,#16329);
#16329 = SHAPE_REPRESENTATION('',(#39),#6841);
#16330 = SHAPE_DEFINITION_REPRESENTATION(#7072,#16331);
#16331 = SHAPE_REPRESENTATION('',(#43),#7064);
#16332 = SHAPE_DEFINITION_REPRESENTATION(#7295,#16333);
#16333 = SHAPE_REPRESENTATION('',(#47),#7287);
#16334 = SHAPE_DEFINITION_REPRESENTATION(#7518,#16335);
#16335 = SHAPE_REPRESENTATION('',(#51),#7510);
#16336 = SHAPE_DEFINITION_REPRESENTATION(#7741,#16337);
#16337 = SHAPE_REPRESENTATION('',(#55),#7733);
#16338 = SHAPE_DEFINITION_REPRESENTATION(#7964,#16339);
#16339 = SHAPE_REPRESENTATION('',(#59),#7956);
#16340 = SHAPE_DEFINITION_REPRESENTATION(#8187,#16341);
#16341 = SHAPE_REPRESENTATION('',(#63),#8179);
#16342 = SHAPE_DEFINITION_REPRESENTATION(#8410,#16343);
#16343 = SHAPE_REPRESENTATION('',(#67),#8402);
#16344 = SHAPE_DEFINITION_REPRESENTATION(#8633,#16345);
#16345 = SHAPE_REPRESENTATION('',(#71),#8625);
#16346 = SHAPE_DEFINITION_REPRESENTATION(#8856,#16347);
#16347 = SHAPE_REPRESENTATION('',(#75),#8848);
#16348 = SHAPE_DEFINITION_REPRESENTATION(#9079,#16349);
#16349 = SHAPE_REPRESENTATION('',(#79),#9071);
#16350 = SHAPE_DEFINITION_REPRESENTATION(#9302,#16351);
#16351 = SHAPE_REPRESENTATION('',(#83),#9294);
#16352 = SHAPE_DEFINITION_REPRESENTATION(#9525,#16353);
#16353 = SHAPE_REPRESENTATION('',(#87),#9517);
#16354 = SHAPE_DEFINITION_REPRESENTATION(#9748,#16355);
#16355 = SHAPE_REPRESENTATION('',(#91),#9740);
#16356 = SHAPE_DEFINITION_REPRESENTATION(#9971,#16357);
#16357 = SHAPE_REPRESENTATION('',(#95),#9963);
#16358 = SHAPE_DEFINITION_REPRESENTATION(#10194,#16359);
#16359 = SHAPE_REPRESENTATION('',(#99),#10186);
#16360 = SHAPE_DEFINITION_REPRESENTATION(#10417,#16361);
#16361 = SHAPE_REPRESENTATION('',(#103),#10409);
#16362 = SHAPE_DEFINITION_REPRESENTATION(#10640,#16363);
#16363 = SHAPE_REPRESENTATION('',(#107),#10632);
#16364 = SHAPE_DEFINITION_REPRESENTATION(#10863,#16365);
#16365 = SHAPE_REPRESENTATION('',(#111),#10855);
#16366 = SHAPE_DEFINITION_REPRESENTATION(#11086,#16367);
#16367 = SHAPE_REPRESENTATION('',(#115),#11078);
#16368 = SHAPE_DEFINITION_REPRESENTATION(#11309,#16369);
#16369 = SHAPE_REPRESENTATION('',(#119),#11301);
#16370 = SHAPE_DEFINITION_REPRESENTATION(#11532,#16371);
#16371 = SHAPE_REPRESENTATION('',(#123),#11524);
#16372 = SHAPE_DEFINITION_REPRESENTATION(#11755,#16373);
#16373 = SHAPE_REPRESENTATION('',(#127),#11747);
#16374 = SHAPE_DEFINITION_REPRESENTATION(#11978,#16375);
#16375 = SHAPE_REPRESENTATION('',(#131),#11970);
#16376 = SHAPE_DEFINITION_REPRESENTATION(#12201,#16377);
#16377 = SHAPE_REPRESENTATION('',(#135),#12193);
#16378 = SHAPE_DEFINITION_REPRESENTATION(#12424,#16379);
#16379 = SHAPE_REPRESENTATION('',(#139),#12416);
#16380 = SHAPE_DEFINITION_REPRESENTATION(#12647,#16381);
#16381 = SHAPE_REPRESENTATION('',(#143),#12639);
#16382 = SHAPE_DEFINITION_REPRESENTATION(#12870,#16383);
#16383 = SHAPE_REPRESENTATION('',(#147),#12862);
#16384 = SHAPE_DEFINITION_REPRESENTATION(#13093,#16385);
#16385 = SHAPE_REPRESENTATION('',(#151),#13085);
#16386 = SHAPE_DEFINITION_REPRESENTATION(#13316,#16387);
#16387 = SHAPE_REPRESENTATION('',(#155),#13308);
#16388 = SHAPE_DEFINITION_REPRESENTATION(#13539,#16389);
#16389 = SHAPE_REPRESENTATION('',(#159),#13531);
#16390 = SHAPE_DEFINITION_REPRESENTATION(#13762,#16391);
#16391 = SHAPE_REPRESENTATION('',(#163),#13754);
#16392 = SHAPE_DEFINITION_REPRESENTATION(#13985,#16393);
#16393 = SHAPE_REPRESENTATION('',(#167),#13977);
#16394 = SHAPE_DEFINITION_REPRESENTATION(#14208,#16395);
#16395 = SHAPE_REPRESENTATION('',(#171),#14200);
#16396 = SHAPE_DEFINITION_REPRESENTATION(#14431,#16397);
#16397 = SHAPE_REPRESENTATION('',(#175),#14423);
#16398 = SHAPE_DEFINITION_REPRESENTATION(#14654,#16399);
#16399 = SHAPE_REPRESENTATION('',(#179),#14646);
#16400 = SHAPE_DEFINITION_REPRESENTATION(#14877,#16401);
#16401 = SHAPE_REPRESENTATION('',(#183),#14869);
#16402 = SHAPE_DEFINITION_REPRESENTATION(#15100,#16403);
#16403 = SHAPE_REPRESENTATION('',(#187),#15092);
#16404 = SHAPE_DEFINITION_REPRESENTATION(#15323,#16405);
#16405 = SHAPE_REPRESENTATION('',(#191),#15315);
#16406 = SHAPE_DEFINITION_REPRESENTATION(#15546,#16407);
#16407 = SHAPE_REPRESENTATION('',(#195),#15538);
#16408 = SHAPE_DEFINITION_REPRESENTATION(#15769,#16409);
#16409 = SHAPE_REPRESENTATION('',(#199),#15761);
#16410 = SHAPE_DEFINITION_REPRESENTATION(#15992,#16411);
#16411 = SHAPE_REPRESENTATION('',(#203),#15984);
#16412 = SHAPE_DEFINITION_REPRESENTATION(#16215,#16413);
#16413 = SHAPE_REPRESENTATION('',(#207),#16207);
#16414 = MECHANICAL_DESIGN_GEOMETRIC_PRESENTATION_REPRESENTATION('',(
    #16415,#16423),#8848);
#16415 = STYLED_ITEM('color',(#16416),#8644);
#16416 = PRESENTATION_STYLE_ASSIGNMENT((#16417));
#16417 = SURFACE_STYLE_USAGE(.BOTH.,#16418);
#16418 = SURFACE_SIDE_STYLE('',(#16419));
#16419 = SURFACE_STYLE_FILL_AREA(#16420);
#16420 = FILL_AREA_STYLE('',(#16421));
#16421 = FILL_AREA_STYLE_COLOUR('',#16422);
#16422 = COLOUR_RGB('',0.819999987296,0.679999990811,0.439999992444);
#16423 = OVER_RIDING_STYLED_ITEM('overriding color',(#16424),#8644,
  #16415);
#16424 = PRESENTATION_STYLE_BY_CONTEXT((#16425),#16347);
#16425 = SURFACE_STYLE_USAGE(.BOTH.,#16426);
#16426 = SURFACE_SIDE_STYLE('',(#16427));
#16427 = SURFACE_STYLE_FILL_AREA(#16428);
#16428 = FILL_AREA_STYLE('',(#16429));
#16429 = FILL_AREA_STYLE_COLOUR('',#16430);
#16430 = COLOUR_RGB('',0.819999987296,0.679999990811,0.439999992444);
#16431 = MECHANICAL_DESIGN_GEOMETRIC_PRESENTATION_REPRESENTATION('',(
    #16432,#16440),#13085);
#16432 = STYLED_ITEM('color',(#16433),#12881);
#16433 = PRESENTATION_STYLE_ASSIGNMENT((#16434));
#16434 = SURFACE_STYLE_USAGE(.BOTH.,#16435);
#16435 = SURFACE_SIDE_STYLE('',(#16436));
#16436 = SURFACE_STYLE_FILL_AREA(#16437);
#16437 = FILL_AREA_STYLE('',(#16438));
#16438 = FILL_AREA_STYLE_COLOUR('',#16439);
#16439 = COLOUR_RGB('',0.720000003324,0.56000001326,0.339999993741);
#16440 = OVER_RIDING_STYLED_ITEM('overriding color',(#16441),#12881,
  #16432);
#16441 = PRESENTATION_STYLE_BY_CONTEXT((#16442),#16385);
#16442 = SURFACE_STYLE_USAGE(.BOTH.,#16443);
#16443 = SURFACE_SIDE_STYLE('',(#16444));
#16444 = SURFACE_STYLE_FILL_AREA(#16445);
#16445 = FILL_AREA_STYLE('',(#16446));
#16446 = FILL_AREA_STYLE_COLOUR('',#16447);
#16447 = COLOUR_RGB('',0.720000003324,0.56000001326,0.339999993741);
#16448 = MECHANICAL_DESIGN_GEOMETRIC_PRESENTATION_REPRESENTATION('',(
    #16449,#16456),#5726);
#16449 = STYLED_ITEM('color',(#16450),#5522);
#16450 = PRESENTATION_STYLE_ASSIGNMENT((#16451));
#16451 = SURFACE_STYLE_USAGE(.BOTH.,#16452);
#16452 = SURFACE_SIDE_STYLE('',(#16453));
#16453 = SURFACE_STYLE_FILL_AREA(#16454);
#16454 = FILL_AREA_STYLE('',(#16455));
#16455 = FILL_AREA_STYLE_COLOUR('',#16422);
#16456 = OVER_RIDING_STYLED_ITEM('overriding color',(#16457),#5522,
  #16449);
#16457 = PRESENTATION_STYLE_BY_CONTEXT((#16458),#16319);
#16458 = SURFACE_STYLE_USAGE(.BOTH.,#16459);
#16459 = SURFACE_SIDE_STYLE('',(#16460));
#16460 = SURFACE_STYLE_FILL_AREA(#16461);
#16461 = FILL_AREA_STYLE('',(#16462));
#16462 = FILL_AREA_STYLE_COLOUR('',#16430);
#16463 = MECHANICAL_DESIGN_GEOMETRIC_PRESENTATION_REPRESENTATION('',(
    #16464,#16471),#10855);
#16464 = STYLED_ITEM('color',(#16465),#10651);
#16465 = PRESENTATION_STYLE_ASSIGNMENT((#16466));
#16466 = SURFACE_STYLE_USAGE(.BOTH.,#16467);
#16467 = SURFACE_SIDE_STYLE('',(#16468));
#16468 = SURFACE_STYLE_FILL_AREA(#16469);
#16469 = FILL_AREA_STYLE('',(#16470));
#16470 = FILL_AREA_STYLE_COLOUR('',#16422);
#16471 = OVER_RIDING_STYLED_ITEM('overriding color',(#16472),#10651,
  #16464);
#16472 = PRESENTATION_STYLE_BY_CONTEXT((#16473),#16365);
#16473 = SURFACE_STYLE_USAGE(.BOTH.,#16474);
#16474 = SURFACE_SIDE_STYLE('',(#16475));
#16475 = SURFACE_STYLE_FILL_AREA(#16476);
#16476 = FILL_AREA_STYLE('',(#16477));
#16477 = FILL_AREA_STYLE_COLOUR('',#16430);
#16478 = MECHANICAL_DESIGN_GEOMETRIC_PRESENTATION_REPRESENTATION('',(
    #16479,#16487),#14200);
#16479 = STYLED_ITEM('color',(#16480),#13996);
#16480 = PRESENTATION_STYLE_ASSIGNMENT((#16481));
#16481 = SURFACE_STYLE_USAGE(.BOTH.,#16482);
#16482 = SURFACE_SIDE_STYLE('',(#16483));
#16483 = SURFACE_STYLE_FILL_AREA(#16484);
#16484 = FILL_AREA_STYLE('',(#16485));
#16485 = FILL_AREA_STYLE_COLOUR('',#16486);
#16486 = COLOUR_RGB('',0.55000000909,0.399999997426,0.259999998834);
#16487 = OVER_RIDING_STYLED_ITEM('overriding color',(#16488),#13996,
  #16479);
#16488 = PRESENTATION_STYLE_BY_CONTEXT((#16489),#16395);
#16489 = SURFACE_STYLE_USAGE(.BOTH.,#16490);
#16490 = SURFACE_SIDE_STYLE('',(#16491));
#16491 = SURFACE_STYLE_FILL_AREA(#16492);
#16492 = FILL_AREA_STYLE('',(#16493));
#16493 = FILL_AREA_STYLE_COLOUR('',#16494);
#16494 = COLOUR_RGB('',0.55000000909,0.399999997426,0.259999998834);
#16495 = MECHANICAL_DESIGN_GEOMETRIC_PRESENTATION_REPRESENTATION('',(
    #16496,#16503),#9517);
#16496 = STYLED_ITEM('color',(#16497),#9313);
#16497 = PRESENTATION_STYLE_ASSIGNMENT((#16498));
#16498 = SURFACE_STYLE_USAGE(.BOTH.,#16499);
#16499 = SURFACE_SIDE_STYLE('',(#16500));
#16500 = SURFACE_STYLE_FILL_AREA(#16501);
#16501 = FILL_AREA_STYLE('',(#16502));
#16502 = FILL_AREA_STYLE_COLOUR('',#16422);
#16503 = OVER_RIDING_STYLED_ITEM('overriding color',(#16504),#9313,
  #16496);
#16504 = PRESENTATION_STYLE_BY_CONTEXT((#16505),#16353);
#16505 = SURFACE_STYLE_USAGE(.BOTH.,#16506);
#16506 = SURFACE_SIDE_STYLE('',(#16507));
#16507 = SURFACE_STYLE_FILL_AREA(#16508);
#16508 = FILL_AREA_STYLE('',(#16509));
#16509 = FILL_AREA_STYLE_COLOUR('',#16430);
#16510 = MECHANICAL_DESIGN_GEOMETRIC_PRESENTATION_REPRESENTATION('',(
    #16511,#16518),#13754);
#16511 = STYLED_ITEM('color',(#16512),#13550);
#16512 = PRESENTATION_STYLE_ASSIGNMENT((#16513));
#16513 = SURFACE_STYLE_USAGE(.BOTH.,#16514);
#16514 = SURFACE_SIDE_STYLE('',(#16515));
#16515 = SURFACE_STYLE_FILL_AREA(#16516);
#16516 = FILL_AREA_STYLE('',(#16517));
#16517 = FILL_AREA_STYLE_COLOUR('',#16486);
#16518 = OVER_RIDING_STYLED_ITEM('overriding color',(#16519),#13550,
  #16511);
#16519 = PRESENTATION_STYLE_BY_CONTEXT((#16520),#16391);
#16520 = SURFACE_STYLE_USAGE(.BOTH.,#16521);
#16521 = SURFACE_SIDE_STYLE('',(#16522));
#16522 = SURFACE_STYLE_FILL_AREA(#16523);
#16523 = FILL_AREA_STYLE('',(#16524));
#16524 = FILL_AREA_STYLE_COLOUR('',#16494);
#16525 = MECHANICAL_DESIGN_GEOMETRIC_PRESENTATION_REPRESENTATION('',(
    #16526,#16533),#13977);
#16526 = STYLED_ITEM('color',(#16527),#13773);
#16527 = PRESENTATION_STYLE_ASSIGNMENT((#16528));
#16528 = SURFACE_STYLE_USAGE(.BOTH.,#16529);
#16529 = SURFACE_SIDE_STYLE('',(#16530));
#16530 = SURFACE_STYLE_FILL_AREA(#16531);
#16531 = FILL_AREA_STYLE('',(#16532));
#16532 = FILL_AREA_STYLE_COLOUR('',#16486);
#16533 = OVER_RIDING_STYLED_ITEM('overriding color',(#16534),#13773,
  #16526);
#16534 = PRESENTATION_STYLE_BY_CONTEXT((#16535),#16393);
#16535 = SURFACE_STYLE_USAGE(.BOTH.,#16536);
#16536 = SURFACE_SIDE_STYLE('',(#16537));
#16537 = SURFACE_STYLE_FILL_AREA(#16538);
#16538 = FILL_AREA_STYLE('',(#16539));
#16539 = FILL_AREA_STYLE_COLOUR('',#16494);
#16540 = MECHANICAL_DESIGN_GEOMETRIC_PRESENTATION_REPRESENTATION('',(
    #16541,#16548),#11078);
#16541 = STYLED_ITEM('color',(#16542),#10874);
#16542 = PRESENTATION_STYLE_ASSIGNMENT((#16543));
#16543 = SURFACE_STYLE_USAGE(.BOTH.,#16544);
#16544 = SURFACE_SIDE_STYLE('',(#16545));
#16545 = SURFACE_STYLE_FILL_AREA(#16546);
#16546 = FILL_AREA_STYLE('',(#16547));
#16547 = FILL_AREA_STYLE_COLOUR('',#16439);
#16548 = OVER_RIDING_STYLED_ITEM('overriding color',(#16549),#10874,
  #16541);
#16549 = PRESENTATION_STYLE_BY_CONTEXT((#16550),#16367);
#16550 = SURFACE_STYLE_USAGE(.BOTH.,#16551);
#16551 = SURFACE_SIDE_STYLE('',(#16552));
#16552 = SURFACE_STYLE_FILL_AREA(#16553);
#16553 = FILL_AREA_STYLE('',(#16554));
#16554 = FILL_AREA_STYLE_COLOUR('',#16447);
#16555 = MECHANICAL_DESIGN_GEOMETRIC_PRESENTATION_REPRESENTATION('',(
    #16556,#16563),#7510);
#16556 = STYLED_ITEM('color',(#16557),#7306);
#16557 = PRESENTATION_STYLE_ASSIGNMENT((#16558));
#16558 = SURFACE_STYLE_USAGE(.BOTH.,#16559);
#16559 = SURFACE_SIDE_STYLE('',(#16560));
#16560 = SURFACE_STYLE_FILL_AREA(#16561);
#16561 = FILL_AREA_STYLE('',(#16562));
#16562 = FILL_AREA_STYLE_COLOUR('',#16486);
#16563 = OVER_RIDING_STYLED_ITEM('overriding color',(#16564),#7306,
  #16556);
#16564 = PRESENTATION_STYLE_BY_CONTEXT((#16565),#16335);
#16565 = SURFACE_STYLE_USAGE(.BOTH.,#16566);
#16566 = SURFACE_SIDE_STYLE('',(#16567));
#16567 = SURFACE_STYLE_FILL_AREA(#16568);
#16568 = FILL_AREA_STYLE('',(#16569));
#16569 = FILL_AREA_STYLE_COLOUR('',#16494);
#16570 = MECHANICAL_DESIGN_GEOMETRIC_PRESENTATION_REPRESENTATION('',(
    #16571,#16578),#9740);
#16571 = STYLED_ITEM('color',(#16572),#9536);
#16572 = PRESENTATION_STYLE_ASSIGNMENT((#16573));
#16573 = SURFACE_STYLE_USAGE(.BOTH.,#16574);
#16574 = SURFACE_SIDE_STYLE('',(#16575));
#16575 = SURFACE_STYLE_FILL_AREA(#16576);
#16576 = FILL_AREA_STYLE('',(#16577));
#16577 = FILL_AREA_STYLE_COLOUR('',#16422);
#16578 = OVER_RIDING_STYLED_ITEM('overriding color',(#16579),#9536,
  #16571);
#16579 = PRESENTATION_STYLE_BY_CONTEXT((#16580),#16355);
#16580 = SURFACE_STYLE_USAGE(.BOTH.,#16581);
#16581 = SURFACE_SIDE_STYLE('',(#16582));
#16582 = SURFACE_STYLE_FILL_AREA(#16583);
#16583 = FILL_AREA_STYLE('',(#16584));
#16584 = FILL_AREA_STYLE_COLOUR('',#16430);
#16585 = MECHANICAL_DESIGN_GEOMETRIC_PRESENTATION_REPRESENTATION('',(
    #16586,#16593),#12416);
#16586 = STYLED_ITEM('color',(#16587),#12212);
#16587 = PRESENTATION_STYLE_ASSIGNMENT((#16588));
#16588 = SURFACE_STYLE_USAGE(.BOTH.,#16589);
#16589 = SURFACE_SIDE_STYLE('',(#16590));
#16590 = SURFACE_STYLE_FILL_AREA(#16591);
#16591 = FILL_AREA_STYLE('',(#16592));
#16592 = FILL_AREA_STYLE_COLOUR('',#16439);
#16593 = OVER_RIDING_STYLED_ITEM('overriding color',(#16594),#12212,
  #16586);
#16594 = PRESENTATION_STYLE_BY_CONTEXT((#16595),#16379);
#16595 = SURFACE_STYLE_USAGE(.BOTH.,#16596);
#16596 = SURFACE_SIDE_STYLE('',(#16597));
#16597 = SURFACE_STYLE_FILL_AREA(#16598);
#16598 = FILL_AREA_STYLE('',(#16599));
#16599 = FILL_AREA_STYLE_COLOUR('',#16447);
#16600 = MECHANICAL_DESIGN_GEOMETRIC_PRESENTATION_REPRESENTATION('',(
    #16601,#16608),#11970);
#16601 = STYLED_ITEM('color',(#16602),#11766);
#16602 = PRESENTATION_STYLE_ASSIGNMENT((#16603));
#16603 = SURFACE_STYLE_USAGE(.BOTH.,#16604);
#16604 = SURFACE_SIDE_STYLE('',(#16605));
#16605 = SURFACE_STYLE_FILL_AREA(#16606);
#16606 = FILL_AREA_STYLE('',(#16607));
#16607 = FILL_AREA_STYLE_COLOUR('',#16439);
#16608 = OVER_RIDING_STYLED_ITEM('overriding color',(#16609),#11766,
  #16601);
#16609 = PRESENTATION_STYLE_BY_CONTEXT((#16610),#16375);
#16610 = SURFACE_STYLE_USAGE(.BOTH.,#16611);
#16611 = SURFACE_SIDE_STYLE('',(#16612));
#16612 = SURFACE_STYLE_FILL_AREA(#16613);
#16613 = FILL_AREA_STYLE('',(#16614));
#16614 = FILL_AREA_STYLE_COLOUR('',#16447);
#16615 = MECHANICAL_DESIGN_GEOMETRIC_PRESENTATION_REPRESENTATION('',(
    #16616,#16623),#6172);
#16616 = STYLED_ITEM('color',(#16617),#5968);
#16617 = PRESENTATION_STYLE_ASSIGNMENT((#16618));
#16618 = SURFACE_STYLE_USAGE(.BOTH.,#16619);
#16619 = SURFACE_SIDE_STYLE('',(#16620));
#16620 = SURFACE_STYLE_FILL_AREA(#16621);
#16621 = FILL_AREA_STYLE('',(#16622));
#16622 = FILL_AREA_STYLE_COLOUR('',#16486);
#16623 = OVER_RIDING_STYLED_ITEM('overriding color',(#16624),#5968,
  #16616);
#16624 = PRESENTATION_STYLE_BY_CONTEXT((#16625),#16323);
#16625 = SURFACE_STYLE_USAGE(.BOTH.,#16626);
#16626 = SURFACE_SIDE_STYLE('',(#16627));
#16627 = SURFACE_STYLE_FILL_AREA(#16628);
#16628 = FILL_AREA_STYLE('',(#16629));
#16629 = FILL_AREA_STYLE_COLOUR('',#16494);
#16630 = MECHANICAL_DESIGN_GEOMETRIC_PRESENTATION_REPRESENTATION('',(
    #16631,#16638),#7733);
#16631 = STYLED_ITEM('color',(#16632),#7529);
#16632 = PRESENTATION_STYLE_ASSIGNMENT((#16633));
#16633 = SURFACE_STYLE_USAGE(.BOTH.,#16634);
#16634 = SURFACE_SIDE_STYLE('',(#16635));
#16635 = SURFACE_STYLE_FILL_AREA(#16636);
#16636 = FILL_AREA_STYLE('',(#16637));
#16637 = FILL_AREA_STYLE_COLOUR('',#16422);
#16638 = OVER_RIDING_STYLED_ITEM('overriding color',(#16639),#7529,
  #16631);
#16639 = PRESENTATION_STYLE_BY_CONTEXT((#16640),#16337);
#16640 = SURFACE_STYLE_USAGE(.BOTH.,#16641);
#16641 = SURFACE_SIDE_STYLE('',(#16642));
#16642 = SURFACE_STYLE_FILL_AREA(#16643);
#16643 = FILL_AREA_STYLE('',(#16644));
#16644 = FILL_AREA_STYLE_COLOUR('',#16430);
#16645 = MECHANICAL_DESIGN_GEOMETRIC_PRESENTATION_REPRESENTATION('',(
    #16646,#16653),#8402);
#16646 = STYLED_ITEM('color',(#16647),#8198);
#16647 = PRESENTATION_STYLE_ASSIGNMENT((#16648));
#16648 = SURFACE_STYLE_USAGE(.BOTH.,#16649);
#16649 = SURFACE_SIDE_STYLE('',(#16650));
#16650 = SURFACE_STYLE_FILL_AREA(#16651);
#16651 = FILL_AREA_STYLE('',(#16652));
#16652 = FILL_AREA_STYLE_COLOUR('',#16422);
#16653 = OVER_RIDING_STYLED_ITEM('overriding color',(#16654),#8198,
  #16646);
#16654 = PRESENTATION_STYLE_BY_CONTEXT((#16655),#16343);
#16655 = SURFACE_STYLE_USAGE(.BOTH.,#16656);
#16656 = SURFACE_SIDE_STYLE('',(#16657));
#16657 = SURFACE_STYLE_FILL_AREA(#16658);
#16658 = FILL_AREA_STYLE('',(#16659));
#16659 = FILL_AREA_STYLE_COLOUR('',#16430);
#16660 = MECHANICAL_DESIGN_GEOMETRIC_PRESENTATION_REPRESENTATION('',(
    #16661,#16668),#10409);
#16661 = STYLED_ITEM('color',(#16662),#10205);
#16662 = PRESENTATION_STYLE_ASSIGNMENT((#16663));
#16663 = SURFACE_STYLE_USAGE(.BOTH.,#16664);
#16664 = SURFACE_SIDE_STYLE('',(#16665));
#16665 = SURFACE_STYLE_FILL_AREA(#16666);
#16666 = FILL_AREA_STYLE('',(#16667));
#16667 = FILL_AREA_STYLE_COLOUR('',#16422);
#16668 = OVER_RIDING_STYLED_ITEM('overriding color',(#16669),#10205,
  #16661);
#16669 = PRESENTATION_STYLE_BY_CONTEXT((#16670),#16361);
#16670 = SURFACE_STYLE_USAGE(.BOTH.,#16671);
#16671 = SURFACE_SIDE_STYLE('',(#16672));
#16672 = SURFACE_STYLE_FILL_AREA(#16673);
#16673 = FILL_AREA_STYLE('',(#16674));
#16674 = FILL_AREA_STYLE_COLOUR('',#16430);
#16675 = MECHANICAL_DESIGN_GEOMETRIC_PRESENTATION_REPRESENTATION('',(
    #16676,#16683),#7956);
#16676 = STYLED_ITEM('color',(#16677),#7752);
#16677 = PRESENTATION_STYLE_ASSIGNMENT((#16678));
#16678 = SURFACE_STYLE_USAGE(.BOTH.,#16679);
#16679 = SURFACE_SIDE_STYLE('',(#16680));
#16680 = SURFACE_STYLE_FILL_AREA(#16681);
#16681 = FILL_AREA_STYLE('',(#16682));
#16682 = FILL_AREA_STYLE_COLOUR('',#16439);
#16683 = OVER_RIDING_STYLED_ITEM('overriding color',(#16684),#7752,
  #16676);
#16684 = PRESENTATION_STYLE_BY_CONTEXT((#16685),#16339);
#16685 = SURFACE_STYLE_USAGE(.BOTH.,#16686);
#16686 = SURFACE_SIDE_STYLE('',(#16687));
#16687 = SURFACE_STYLE_FILL_AREA(#16688);
#16688 = FILL_AREA_STYLE('',(#16689));
#16689 = FILL_AREA_STYLE_COLOUR('',#16447);
#16690 = MECHANICAL_DESIGN_GEOMETRIC_PRESENTATION_REPRESENTATION('',(
    #16691,#16698),#14869);
#16691 = STYLED_ITEM('color',(#16692),#14665);
#16692 = PRESENTATION_STYLE_ASSIGNMENT((#16693));
#16693 = SURFACE_STYLE_USAGE(.BOTH.,#16694);
#16694 = SURFACE_SIDE_STYLE('',(#16695));
#16695 = SURFACE_STYLE_FILL_AREA(#16696);
#16696 = FILL_AREA_STYLE('',(#16697));
#16697 = FILL_AREA_STYLE_COLOUR('',#16486);
#16698 = OVER_RIDING_STYLED_ITEM('overriding color',(#16699),#14665,
  #16691);
#16699 = PRESENTATION_STYLE_BY_CONTEXT((#16700),#16401);
#16700 = SURFACE_STYLE_USAGE(.BOTH.,#16701);
#16701 = SURFACE_SIDE_STYLE('',(#16702));
#16702 = SURFACE_STYLE_FILL_AREA(#16703);
#16703 = FILL_AREA_STYLE('',(#16704));
#16704 = FILL_AREA_STYLE_COLOUR('',#16494);
#16705 = MECHANICAL_DESIGN_GEOMETRIC_PRESENTATION_REPRESENTATION('',(
    #16706,#16713),#14423);
#16706 = STYLED_ITEM('color',(#16707),#14219);
#16707 = PRESENTATION_STYLE_ASSIGNMENT((#16708));
#16708 = SURFACE_STYLE_USAGE(.BOTH.,#16709);
#16709 = SURFACE_SIDE_STYLE('',(#16710));
#16710 = SURFACE_STYLE_FILL_AREA(#16711);
#16711 = FILL_AREA_STYLE('',(#16712));
#16712 = FILL_AREA_STYLE_COLOUR('',#16486);
#16713 = OVER_RIDING_STYLED_ITEM('overriding color',(#16714),#14219,
  #16706);
#16714 = PRESENTATION_STYLE_BY_CONTEXT((#16715),#16397);
#16715 = SURFACE_STYLE_USAGE(.BOTH.,#16716);
#16716 = SURFACE_SIDE_STYLE('',(#16717));
#16717 = SURFACE_STYLE_FILL_AREA(#16718);
#16718 = FILL_AREA_STYLE('',(#16719));
#16719 = FILL_AREA_STYLE_COLOUR('',#16494);
#16720 = MECHANICAL_DESIGN_GEOMETRIC_PRESENTATION_REPRESENTATION('',(
    #16721,#16728),#12639);
#16721 = STYLED_ITEM('color',(#16722),#12435);
#16722 = PRESENTATION_STYLE_ASSIGNMENT((#16723));
#16723 = SURFACE_STYLE_USAGE(.BOTH.,#16724);
#16724 = SURFACE_SIDE_STYLE('',(#16725));
#16725 = SURFACE_STYLE_FILL_AREA(#16726);
#16726 = FILL_AREA_STYLE('',(#16727));
#16727 = FILL_AREA_STYLE_COLOUR('',#16439);
#16728 = OVER_RIDING_STYLED_ITEM('overriding color',(#16729),#12435,
  #16721);
#16729 = PRESENTATION_STYLE_BY_CONTEXT((#16730),#16381);
#16730 = SURFACE_STYLE_USAGE(.BOTH.,#16731);
#16731 = SURFACE_SIDE_STYLE('',(#16732));
#16732 = SURFACE_STYLE_FILL_AREA(#16733);
#16733 = FILL_AREA_STYLE('',(#16734));
#16734 = FILL_AREA_STYLE_COLOUR('',#16447);
#16735 = MECHANICAL_DESIGN_GEOMETRIC_PRESENTATION_REPRESENTATION('',(
    #16736,#16743),#11747);
#16736 = STYLED_ITEM('color',(#16737),#11543);
#16737 = PRESENTATION_STYLE_ASSIGNMENT((#16738));
#16738 = SURFACE_STYLE_USAGE(.BOTH.,#16739);
#16739 = SURFACE_SIDE_STYLE('',(#16740));
#16740 = SURFACE_STYLE_FILL_AREA(#16741);
#16741 = FILL_AREA_STYLE('',(#16742));
#16742 = FILL_AREA_STYLE_COLOUR('',#16439);
#16743 = OVER_RIDING_STYLED_ITEM('overriding color',(#16744),#11543,
  #16736);
#16744 = PRESENTATION_STYLE_BY_CONTEXT((#16745),#16373);
#16745 = SURFACE_STYLE_USAGE(.BOTH.,#16746);
#16746 = SURFACE_SIDE_STYLE('',(#16747));
#16747 = SURFACE_STYLE_FILL_AREA(#16748);
#16748 = FILL_AREA_STYLE('',(#16749));
#16749 = FILL_AREA_STYLE_COLOUR('',#16447);
#16750 = MECHANICAL_DESIGN_GEOMETRIC_PRESENTATION_REPRESENTATION('',(
    #16751,#16758),#8179);
#16751 = STYLED_ITEM('color',(#16752),#7975);
#16752 = PRESENTATION_STYLE_ASSIGNMENT((#16753));
#16753 = SURFACE_STYLE_USAGE(.BOTH.,#16754);
#16754 = SURFACE_SIDE_STYLE('',(#16755));
#16755 = SURFACE_STYLE_FILL_AREA(#16756);
#16756 = FILL_AREA_STYLE('',(#16757));
#16757 = FILL_AREA_STYLE_COLOUR('',#16486);
#16758 = OVER_RIDING_STYLED_ITEM('overriding color',(#16759),#7975,
  #16751);
#16759 = PRESENTATION_STYLE_BY_CONTEXT((#16760),#16341);
#16760 = SURFACE_STYLE_USAGE(.BOTH.,#16761);
#16761 = SURFACE_SIDE_STYLE('',(#16762));
#16762 = SURFACE_STYLE_FILL_AREA(#16763);
#16763 = FILL_AREA_STYLE('',(#16764));
#16764 = FILL_AREA_STYLE_COLOUR('',#16494);
#16765 = MECHANICAL_DESIGN_GEOMETRIC_PRESENTATION_REPRESENTATION('',(
    #16766,#16773),#10186);
#16766 = STYLED_ITEM('color',(#16767),#9982);
#16767 = PRESENTATION_STYLE_ASSIGNMENT((#16768));
#16768 = SURFACE_STYLE_USAGE(.BOTH.,#16769);
#16769 = SURFACE_SIDE_STYLE('',(#16770));
#16770 = SURFACE_STYLE_FILL_AREA(#16771);
#16771 = FILL_AREA_STYLE('',(#16772));
#16772 = FILL_AREA_STYLE_COLOUR('',#16422);
#16773 = OVER_RIDING_STYLED_ITEM('overriding color',(#16774),#9982,
  #16766);
#16774 = PRESENTATION_STYLE_BY_CONTEXT((#16775),#16359);
#16775 = SURFACE_STYLE_USAGE(.BOTH.,#16776);
#16776 = SURFACE_SIDE_STYLE('',(#16777));
#16777 = SURFACE_STYLE_FILL_AREA(#16778);
#16778 = FILL_AREA_STYLE('',(#16779));
#16779 = FILL_AREA_STYLE_COLOUR('',#16430);
#16780 = MECHANICAL_DESIGN_GEOMETRIC_PRESENTATION_REPRESENTATION('',(
    #16781,#16788),#9963);
#16781 = STYLED_ITEM('color',(#16782),#9759);
#16782 = PRESENTATION_STYLE_ASSIGNMENT((#16783));
#16783 = SURFACE_STYLE_USAGE(.BOTH.,#16784);
#16784 = SURFACE_SIDE_STYLE('',(#16785));
#16785 = SURFACE_STYLE_FILL_AREA(#16786);
#16786 = FILL_AREA_STYLE('',(#16787));
#16787 = FILL_AREA_STYLE_COLOUR('',#16422);
#16788 = OVER_RIDING_STYLED_ITEM('overriding color',(#16789),#9759,
  #16781);
#16789 = PRESENTATION_STYLE_BY_CONTEXT((#16790),#16357);
#16790 = SURFACE_STYLE_USAGE(.BOTH.,#16791);
#16791 = SURFACE_SIDE_STYLE('',(#16792));
#16792 = SURFACE_STYLE_FILL_AREA(#16793);
#16793 = FILL_AREA_STYLE('',(#16794));
#16794 = FILL_AREA_STYLE_COLOUR('',#16430);
#16795 = MECHANICAL_DESIGN_GEOMETRIC_PRESENTATION_REPRESENTATION('',(
    #16796,#16803),#9294);
#16796 = STYLED_ITEM('color',(#16797),#9090);
#16797 = PRESENTATION_STYLE_ASSIGNMENT((#16798));
#16798 = SURFACE_STYLE_USAGE(.BOTH.,#16799);
#16799 = SURFACE_SIDE_STYLE('',(#16800));
#16800 = SURFACE_STYLE_FILL_AREA(#16801);
#16801 = FILL_AREA_STYLE('',(#16802));
#16802 = FILL_AREA_STYLE_COLOUR('',#16422);
#16803 = OVER_RIDING_STYLED_ITEM('overriding color',(#16804),#9090,
  #16796);
#16804 = PRESENTATION_STYLE_BY_CONTEXT((#16805),#16351);
#16805 = SURFACE_STYLE_USAGE(.BOTH.,#16806);
#16806 = SURFACE_SIDE_STYLE('',(#16807));
#16807 = SURFACE_STYLE_FILL_AREA(#16808);
#16808 = FILL_AREA_STYLE('',(#16809));
#16809 = FILL_AREA_STYLE_COLOUR('',#16430);
#16810 = MECHANICAL_DESIGN_GEOMETRIC_PRESENTATION_REPRESENTATION('',(
    #16811,#16818),#9071);
#16811 = STYLED_ITEM('color',(#16812),#8867);
#16812 = PRESENTATION_STYLE_ASSIGNMENT((#16813));
#16813 = SURFACE_STYLE_USAGE(.BOTH.,#16814);
#16814 = SURFACE_SIDE_STYLE('',(#16815));
#16815 = SURFACE_STYLE_FILL_AREA(#16816);
#16816 = FILL_AREA_STYLE('',(#16817));
#16817 = FILL_AREA_STYLE_COLOUR('',#16422);
#16818 = OVER_RIDING_STYLED_ITEM('overriding color',(#16819),#8867,
  #16811);
#16819 = PRESENTATION_STYLE_BY_CONTEXT((#16820),#16349);
#16820 = SURFACE_STYLE_USAGE(.BOTH.,#16821);
#16821 = SURFACE_SIDE_STYLE('',(#16822));
#16822 = SURFACE_STYLE_FILL_AREA(#16823);
#16823 = FILL_AREA_STYLE('',(#16824));
#16824 = FILL_AREA_STYLE_COLOUR('',#16430);
#16825 = MECHANICAL_DESIGN_GEOMETRIC_PRESENTATION_REPRESENTATION('',(
    #16826,#16833),#6618);
#16826 = STYLED_ITEM('color',(#16827),#6414);
#16827 = PRESENTATION_STYLE_ASSIGNMENT((#16828));
#16828 = SURFACE_STYLE_USAGE(.BOTH.,#16829);
#16829 = SURFACE_SIDE_STYLE('',(#16830));
#16830 = SURFACE_STYLE_FILL_AREA(#16831);
#16831 = FILL_AREA_STYLE('',(#16832));
#16832 = FILL_AREA_STYLE_COLOUR('',#16439);
#16833 = OVER_RIDING_STYLED_ITEM('overriding color',(#16834),#6414,
  #16826);
#16834 = PRESENTATION_STYLE_BY_CONTEXT((#16835),#16327);
#16835 = SURFACE_STYLE_USAGE(.BOTH.,#16836);
#16836 = SURFACE_SIDE_STYLE('',(#16837));
#16837 = SURFACE_STYLE_FILL_AREA(#16838);
#16838 = FILL_AREA_STYLE('',(#16839));
#16839 = FILL_AREA_STYLE_COLOUR('',#16447);
#16840 = MECHANICAL_DESIGN_GEOMETRIC_PRESENTATION_REPRESENTATION('',(
    #16841,#16848),#14646);
#16841 = STYLED_ITEM('color',(#16842),#14442);
#16842 = PRESENTATION_STYLE_ASSIGNMENT((#16843));
#16843 = SURFACE_STYLE_USAGE(.BOTH.,#16844);
#16844 = SURFACE_SIDE_STYLE('',(#16845));
#16845 = SURFACE_STYLE_FILL_AREA(#16846);
#16846 = FILL_AREA_STYLE('',(#16847));
#16847 = FILL_AREA_STYLE_COLOUR('',#16486);
#16848 = OVER_RIDING_STYLED_ITEM('overriding color',(#16849),#14442,
  #16841);
#16849 = PRESENTATION_STYLE_BY_CONTEXT((#16850),#16399);
#16850 = SURFACE_STYLE_USAGE(.BOTH.,#16851);
#16851 = SURFACE_SIDE_STYLE('',(#16852));
#16852 = SURFACE_STYLE_FILL_AREA(#16853);
#16853 = FILL_AREA_STYLE('',(#16854));
#16854 = FILL_AREA_STYLE_COLOUR('',#16494);
#16855 = MECHANICAL_DESIGN_GEOMETRIC_PRESENTATION_REPRESENTATION('',(
    #16856,#16863),#13308);
#16856 = STYLED_ITEM('color',(#16857),#13104);
#16857 = PRESENTATION_STYLE_ASSIGNMENT((#16858));
#16858 = SURFACE_STYLE_USAGE(.BOTH.,#16859);
#16859 = SURFACE_SIDE_STYLE('',(#16860));
#16860 = SURFACE_STYLE_FILL_AREA(#16861);
#16861 = FILL_AREA_STYLE('',(#16862));
#16862 = FILL_AREA_STYLE_COLOUR('',#16439);
#16863 = OVER_RIDING_STYLED_ITEM('overriding color',(#16864),#13104,
  #16856);
#16864 = PRESENTATION_STYLE_BY_CONTEXT((#16865),#16387);
#16865 = SURFACE_STYLE_USAGE(.BOTH.,#16866);
#16866 = SURFACE_SIDE_STYLE('',(#16867));
#16867 = SURFACE_STYLE_FILL_AREA(#16868);
#16868 = FILL_AREA_STYLE('',(#16869));
#16869 = FILL_AREA_STYLE_COLOUR('',#16447);
#16870 = MECHANICAL_DESIGN_GEOMETRIC_PRESENTATION_REPRESENTATION('',(
    #16871,#16878),#11524);
#16871 = STYLED_ITEM('color',(#16872),#11320);
#16872 = PRESENTATION_STYLE_ASSIGNMENT((#16873));
#16873 = SURFACE_STYLE_USAGE(.BOTH.,#16874);
#16874 = SURFACE_SIDE_STYLE('',(#16875));
#16875 = SURFACE_STYLE_FILL_AREA(#16876);
#16876 = FILL_AREA_STYLE('',(#16877));
#16877 = FILL_AREA_STYLE_COLOUR('',#16439);
#16878 = OVER_RIDING_STYLED_ITEM('overriding color',(#16879),#11320,
  #16871);
#16879 = PRESENTATION_STYLE_BY_CONTEXT((#16880),#16371);
#16880 = SURFACE_STYLE_USAGE(.BOTH.,#16881);
#16881 = SURFACE_SIDE_STYLE('',(#16882));
#16882 = SURFACE_STYLE_FILL_AREA(#16883);
#16883 = FILL_AREA_STYLE('',(#16884));
#16884 = FILL_AREA_STYLE_COLOUR('',#16447);
#16885 = MECHANICAL_DESIGN_GEOMETRIC_PRESENTATION_REPRESENTATION('',(
    #16886,#16893),#15984);
#16886 = STYLED_ITEM('color',(#16887),#15780);
#16887 = PRESENTATION_STYLE_ASSIGNMENT((#16888));
#16888 = SURFACE_STYLE_USAGE(.BOTH.,#16889);
#16889 = SURFACE_SIDE_STYLE('',(#16890));
#16890 = SURFACE_STYLE_FILL_AREA(#16891);
#16891 = FILL_AREA_STYLE('',(#16892));
#16892 = FILL_AREA_STYLE_COLOUR('',#16486);
#16893 = OVER_RIDING_STYLED_ITEM('overriding color',(#16894),#15780,
  #16886);
#16894 = PRESENTATION_STYLE_BY_CONTEXT((#16895),#16411);
#16895 = SURFACE_STYLE_USAGE(.BOTH.,#16896);
#16896 = SURFACE_SIDE_STYLE('',(#16897));
#16897 = SURFACE_STYLE_FILL_AREA(#16898);
#16898 = FILL_AREA_STYLE('',(#16899));
#16899 = FILL_AREA_STYLE_COLOUR('',#16494);
#16900 = MECHANICAL_DESIGN_GEOMETRIC_PRESENTATION_REPRESENTATION('',(
    #16901,#16908),#12193);
#16901 = STYLED_ITEM('color',(#16902),#11989);
#16902 = PRESENTATION_STYLE_ASSIGNMENT((#16903));
#16903 = SURFACE_STYLE_USAGE(.BOTH.,#16904);
#16904 = SURFACE_SIDE_STYLE('',(#16905));
#16905 = SURFACE_STYLE_FILL_AREA(#16906);
#16906 = FILL_AREA_STYLE('',(#16907));
#16907 = FILL_AREA_STYLE_COLOUR('',#16439);
#16908 = OVER_RIDING_STYLED_ITEM('overriding color',(#16909),#11989,
  #16901);
#16909 = PRESENTATION_STYLE_BY_CONTEXT((#16910),#16377);
#16910 = SURFACE_STYLE_USAGE(.BOTH.,#16911);
#16911 = SURFACE_SIDE_STYLE('',(#16912));
#16912 = SURFACE_STYLE_FILL_AREA(#16913);
#16913 = FILL_AREA_STYLE('',(#16914));
#16914 = FILL_AREA_STYLE_COLOUR('',#16447);
#16915 = MECHANICAL_DESIGN_GEOMETRIC_PRESENTATION_REPRESENTATION('',(
    #16916,#16923),#6395);
#16916 = STYLED_ITEM('color',(#16917),#6191);
#16917 = PRESENTATION_STYLE_ASSIGNMENT((#16918));
#16918 = SURFACE_STYLE_USAGE(.BOTH.,#16919);
#16919 = SURFACE_SIDE_STYLE('',(#16920));
#16920 = SURFACE_STYLE_FILL_AREA(#16921);
#16921 = FILL_AREA_STYLE('',(#16922));
#16922 = FILL_AREA_STYLE_COLOUR('',#16422);
#16923 = OVER_RIDING_STYLED_ITEM('overriding color',(#16924),#6191,
  #16916);
#16924 = PRESENTATION_STYLE_BY_CONTEXT((#16925),#16325);
#16925 = SURFACE_STYLE_USAGE(.BOTH.,#16926);
#16926 = SURFACE_SIDE_STYLE('',(#16927));
#16927 = SURFACE_STYLE_FILL_AREA(#16928);
#16928 = FILL_AREA_STYLE('',(#16929));
#16929 = FILL_AREA_STYLE_COLOUR('',#16430);
#16930 = MECHANICAL_DESIGN_GEOMETRIC_PRESENTATION_REPRESENTATION('',(
    #16931,#16938),#15761);
#16931 = STYLED_ITEM('color',(#16932),#15557);
#16932 = PRESENTATION_STYLE_ASSIGNMENT((#16933));
#16933 = SURFACE_STYLE_USAGE(.BOTH.,#16934);
#16934 = SURFACE_SIDE_STYLE('',(#16935));
#16935 = SURFACE_STYLE_FILL_AREA(#16936);
#16936 = FILL_AREA_STYLE('',(#16937));
#16937 = FILL_AREA_STYLE_COLOUR('',#16486);
#16938 = OVER_RIDING_STYLED_ITEM('overriding color',(#16939),#15557,
  #16931);
#16939 = PRESENTATION_STYLE_BY_CONTEXT((#16940),#16409);
#16940 = SURFACE_STYLE_USAGE(.BOTH.,#16941);
#16941 = SURFACE_SIDE_STYLE('',(#16942));
#16942 = SURFACE_STYLE_FILL_AREA(#16943);
#16943 = FILL_AREA_STYLE('',(#16944));
#16944 = FILL_AREA_STYLE_COLOUR('',#16494);
#16945 = MECHANICAL_DESIGN_GEOMETRIC_PRESENTATION_REPRESENTATION('',(
    #16946,#16953),#15092);
#16946 = STYLED_ITEM('color',(#16947),#14888);
#16947 = PRESENTATION_STYLE_ASSIGNMENT((#16948));
#16948 = SURFACE_STYLE_USAGE(.BOTH.,#16949);
#16949 = SURFACE_SIDE_STYLE('',(#16950));
#16950 = SURFACE_STYLE_FILL_AREA(#16951);
#16951 = FILL_AREA_STYLE('',(#16952));
#16952 = FILL_AREA_STYLE_COLOUR('',#16486);
#16953 = OVER_RIDING_STYLED_ITEM('overriding color',(#16954),#14888,
  #16946);
#16954 = PRESENTATION_STYLE_BY_CONTEXT((#16955),#16403);
#16955 = SURFACE_STYLE_USAGE(.BOTH.,#16956);
#16956 = SURFACE_SIDE_STYLE('',(#16957));
#16957 = SURFACE_STYLE_FILL_AREA(#16958);
#16958 = FILL_AREA_STYLE('',(#16959));
#16959 = FILL_AREA_STYLE_COLOUR('',#16494);
#16960 = MECHANICAL_DESIGN_GEOMETRIC_PRESENTATION_REPRESENTATION('',(
    #16961,#16969),#5503);
#16961 = STYLED_ITEM('color',(#16962),#225);
#16962 = PRESENTATION_STYLE_ASSIGNMENT((#16963));
#16963 = SURFACE_STYLE_USAGE(.BOTH.,#16964);
#16964 = SURFACE_SIDE_STYLE('',(#16965));
#16965 = SURFACE_STYLE_FILL_AREA(#16966);
#16966 = FILL_AREA_STYLE('',(#16967));
#16967 = FILL_AREA_STYLE_COLOUR('',#16968);
#16968 = COLOUR_RGB('',0.420000006308,0.299999996101,0.199999998682);
#16969 = OVER_RIDING_STYLED_ITEM('overriding color',(#16970),#225,#16961
  );
#16970 = PRESENTATION_STYLE_BY_CONTEXT((#16971),#16317);
#16971 = SURFACE_STYLE_USAGE(.BOTH.,#16972);
#16972 = SURFACE_SIDE_STYLE('',(#16973));
#16973 = SURFACE_STYLE_FILL_AREA(#16974);
#16974 = FILL_AREA_STYLE('',(#16975));
#16975 = FILL_AREA_STYLE_COLOUR('',#16976);
#16976 = COLOUR_RGB('',0.420000006308,0.299999996101,0.199999998682);
#16977 = MECHANICAL_DESIGN_GEOMETRIC_PRESENTATION_REPRESENTATION('',(
    #16978,#16985),#10632);
#16978 = STYLED_ITEM('color',(#16979),#10428);
#16979 = PRESENTATION_STYLE_ASSIGNMENT((#16980));
#16980 = SURFACE_STYLE_USAGE(.BOTH.,#16981);
#16981 = SURFACE_SIDE_STYLE('',(#16982));
#16982 = SURFACE_STYLE_FILL_AREA(#16983);
#16983 = FILL_AREA_STYLE('',(#16984));
#16984 = FILL_AREA_STYLE_COLOUR('',#16422);
#16985 = OVER_RIDING_STYLED_ITEM('overriding color',(#16986),#10428,
  #16978);
#16986 = PRESENTATION_STYLE_BY_CONTEXT((#16987),#16363);
#16987 = SURFACE_STYLE_USAGE(.BOTH.,#16988);
#16988 = SURFACE_SIDE_STYLE('',(#16989));
#16989 = SURFACE_STYLE_FILL_AREA(#16990);
#16990 = FILL_AREA_STYLE('',(#16991));
#16991 = FILL_AREA_STYLE_COLOUR('',#16430);
#16992 = MECHANICAL_DESIGN_GEOMETRIC_PRESENTATION_REPRESENTATION('',(
    #16993,#17000),#15538);
#16993 = STYLED_ITEM('color',(#16994),#15334);
#16994 = PRESENTATION_STYLE_ASSIGNMENT((#16995));
#16995 = SURFACE_STYLE_USAGE(.BOTH.,#16996);
#16996 = SURFACE_SIDE_STYLE('',(#16997));
#16997 = SURFACE_STYLE_FILL_AREA(#16998);
#16998 = FILL_AREA_STYLE('',(#16999));
#16999 = FILL_AREA_STYLE_COLOUR('',#16486);
#17000 = OVER_RIDING_STYLED_ITEM('overriding color',(#17001),#15334,
  #16993);
#17001 = PRESENTATION_STYLE_BY_CONTEXT((#17002),#16407);
#17002 = SURFACE_STYLE_USAGE(.BOTH.,#17003);
#17003 = SURFACE_SIDE_STYLE('',(#17004));
#17004 = SURFACE_STYLE_FILL_AREA(#17005);
#17005 = FILL_AREA_STYLE('',(#17006));
#17006 = FILL_AREA_STYLE_COLOUR('',#16494);
#17007 = MECHANICAL_DESIGN_GEOMETRIC_PRESENTATION_REPRESENTATION('',(
    #17008,#17015),#11301);
#17008 = STYLED_ITEM('color',(#17009),#11097);
#17009 = PRESENTATION_STYLE_ASSIGNMENT((#17010));
#17010 = SURFACE_STYLE_USAGE(.BOTH.,#17011);
#17011 = SURFACE_SIDE_STYLE('',(#17012));
#17012 = SURFACE_STYLE_FILL_AREA(#17013);
#17013 = FILL_AREA_STYLE('',(#17014));
#17014 = FILL_AREA_STYLE_COLOUR('',#16439);
#17015 = OVER_RIDING_STYLED_ITEM('overriding color',(#17016),#11097,
  #17008);
#17016 = PRESENTATION_STYLE_BY_CONTEXT((#17017),#16369);
#17017 = SURFACE_STYLE_USAGE(.BOTH.,#17018);
#17018 = SURFACE_SIDE_STYLE('',(#17019));
#17019 = SURFACE_STYLE_FILL_AREA(#17020);
#17020 = FILL_AREA_STYLE('',(#17021));
#17021 = FILL_AREA_STYLE_COLOUR('',#16447);
#17022 = MECHANICAL_DESIGN_GEOMETRIC_PRESENTATION_REPRESENTATION('',(
    #17023,#17030),#7064);
#17023 = STYLED_ITEM('color',(#17024),#6860);
#17024 = PRESENTATION_STYLE_ASSIGNMENT((#17025));
#17025 = SURFACE_STYLE_USAGE(.BOTH.,#17026);
#17026 = SURFACE_SIDE_STYLE('',(#17027));
#17027 = SURFACE_STYLE_FILL_AREA(#17028);
#17028 = FILL_AREA_STYLE('',(#17029));
#17029 = FILL_AREA_STYLE_COLOUR('',#16422);
#17030 = OVER_RIDING_STYLED_ITEM('overriding color',(#17031),#6860,
  #17023);
#17031 = PRESENTATION_STYLE_BY_CONTEXT((#17032),#16331);
#17032 = SURFACE_STYLE_USAGE(.BOTH.,#17033);
#17033 = SURFACE_SIDE_STYLE('',(#17034));
#17034 = SURFACE_STYLE_FILL_AREA(#17035);
#17035 = FILL_AREA_STYLE('',(#17036));
#17036 = FILL_AREA_STYLE_COLOUR('',#16430);
#17037 = MECHANICAL_DESIGN_GEOMETRIC_PRESENTATION_REPRESENTATION('',(
    #17038,#17045),#6841);
#17038 = STYLED_ITEM('color',(#17039),#6637);
#17039 = PRESENTATION_STYLE_ASSIGNMENT((#17040));
#17040 = SURFACE_STYLE_USAGE(.BOTH.,#17041);
#17041 = SURFACE_SIDE_STYLE('',(#17042));
#17042 = SURFACE_STYLE_FILL_AREA(#17043);
#17043 = FILL_AREA_STYLE('',(#17044));
#17044 = FILL_AREA_STYLE_COLOUR('',#16486);
#17045 = OVER_RIDING_STYLED_ITEM('overriding color',(#17046),#6637,
  #17038);
#17046 = PRESENTATION_STYLE_BY_CONTEXT((#17047),#16329);
#17047 = SURFACE_STYLE_USAGE(.BOTH.,#17048);
#17048 = SURFACE_SIDE_STYLE('',(#17049));
#17049 = SURFACE_STYLE_FILL_AREA(#17050);
#17050 = FILL_AREA_STYLE('',(#17051));
#17051 = FILL_AREA_STYLE_COLOUR('',#16494);
#17052 = MECHANICAL_DESIGN_GEOMETRIC_PRESENTATION_REPRESENTATION('',(
    #17053,#17060),#5949);
#17053 = STYLED_ITEM('color',(#17054),#5745);
#17054 = PRESENTATION_STYLE_ASSIGNMENT((#17055));
#17055 = SURFACE_STYLE_USAGE(.BOTH.,#17056);
#17056 = SURFACE_SIDE_STYLE('',(#17057));
#17057 = SURFACE_STYLE_FILL_AREA(#17058);
#17058 = FILL_AREA_STYLE('',(#17059));
#17059 = FILL_AREA_STYLE_COLOUR('',#16439);
#17060 = OVER_RIDING_STYLED_ITEM('overriding color',(#17061),#5745,
  #17053);
#17061 = PRESENTATION_STYLE_BY_CONTEXT((#17062),#16321);
#17062 = SURFACE_STYLE_USAGE(.BOTH.,#17063);
#17063 = SURFACE_SIDE_STYLE('',(#17064));
#17064 = SURFACE_STYLE_FILL_AREA(#17065);
#17065 = FILL_AREA_STYLE('',(#17066));
#17066 = FILL_AREA_STYLE_COLOUR('',#16447);
#17067 = MECHANICAL_DESIGN_GEOMETRIC_PRESENTATION_REPRESENTATION('',(
    #17068,#17075),#7287);
#17068 = STYLED_ITEM('color',(#17069),#7083);
#17069 = PRESENTATION_STYLE_ASSIGNMENT((#17070));
#17070 = SURFACE_STYLE_USAGE(.BOTH.,#17071);
#17071 = SURFACE_SIDE_STYLE('',(#17072));
#17072 = SURFACE_STYLE_FILL_AREA(#17073);
#17073 = FILL_AREA_STYLE('',(#17074));
#17074 = FILL_AREA_STYLE_COLOUR('',#16439);
#17075 = OVER_RIDING_STYLED_ITEM('overriding color',(#17076),#7083,
  #17068);
#17076 = PRESENTATION_STYLE_BY_CONTEXT((#17077),#16333);
#17077 = SURFACE_STYLE_USAGE(.BOTH.,#17078);
#17078 = SURFACE_SIDE_STYLE('',(#17079));
#17079 = SURFACE_STYLE_FILL_AREA(#17080);
#17080 = FILL_AREA_STYLE('',(#17081));
#17081 = FILL_AREA_STYLE_COLOUR('',#16447);
#17082 = MECHANICAL_DESIGN_GEOMETRIC_PRESENTATION_REPRESENTATION('',(
    #17083,#17090),#16207);
#17083 = STYLED_ITEM('color',(#17084),#16003);
#17084 = PRESENTATION_STYLE_ASSIGNMENT((#17085));
#17085 = SURFACE_STYLE_USAGE(.BOTH.,#17086);
#17086 = SURFACE_SIDE_STYLE('',(#17087));
#17087 = SURFACE_STYLE_FILL_AREA(#17088);
#17088 = FILL_AREA_STYLE('',(#17089));
#17089 = FILL_AREA_STYLE_COLOUR('',#16486);
#17090 = OVER_RIDING_STYLED_ITEM('overriding color',(#17091),#16003,
  #17083);
#17091 = PRESENTATION_STYLE_BY_CONTEXT((#17092),#16413);
#17092 = SURFACE_STYLE_USAGE(.BOTH.,#17093);
#17093 = SURFACE_SIDE_STYLE('',(#17094));
#17094 = SURFACE_STYLE_FILL_AREA(#17095);
#17095 = FILL_AREA_STYLE('',(#17096));
#17096 = FILL_AREA_STYLE_COLOUR('',#16494);
#17097 = MECHANICAL_DESIGN_GEOMETRIC_PRESENTATION_REPRESENTATION('',(
    #17098,#17105),#12862);
#17098 = STYLED_ITEM('color',(#17099),#12658);
#17099 = PRESENTATION_STYLE_ASSIGNMENT((#17100));
#17100 = SURFACE_STYLE_USAGE(.BOTH.,#17101);
#17101 = SURFACE_SIDE_STYLE('',(#17102));
#17102 = SURFACE_STYLE_FILL_AREA(#17103);
#17103 = FILL_AREA_STYLE('',(#17104));
#17104 = FILL_AREA_STYLE_COLOUR('',#16439);
#17105 = OVER_RIDING_STYLED_ITEM('overriding color',(#17106),#12658,
  #17098);
#17106 = PRESENTATION_STYLE_BY_CONTEXT((#17107),#16383);
#17107 = SURFACE_STYLE_USAGE(.BOTH.,#17108);
#17108 = SURFACE_SIDE_STYLE('',(#17109));
#17109 = SURFACE_STYLE_FILL_AREA(#17110);
#17110 = FILL_AREA_STYLE('',(#17111));
#17111 = FILL_AREA_STYLE_COLOUR('',#16447);
#17112 = MECHANICAL_DESIGN_GEOMETRIC_PRESENTATION_REPRESENTATION('',(
    #17113,#17120),#15315);
#17113 = STYLED_ITEM('color',(#17114),#15111);
#17114 = PRESENTATION_STYLE_ASSIGNMENT((#17115));
#17115 = SURFACE_STYLE_USAGE(.BOTH.,#17116);
#17116 = SURFACE_SIDE_STYLE('',(#17117));
#17117 = SURFACE_STYLE_FILL_AREA(#17118);
#17118 = FILL_AREA_STYLE('',(#17119));
#17119 = FILL_AREA_STYLE_COLOUR('',#16486);
#17120 = OVER_RIDING_STYLED_ITEM('overriding color',(#17121),#15111,
  #17113);
#17121 = PRESENTATION_STYLE_BY_CONTEXT((#17122),#16405);
#17122 = SURFACE_STYLE_USAGE(.BOTH.,#17123);
#17123 = SURFACE_SIDE_STYLE('',(#17124));
#17124 = SURFACE_STYLE_FILL_AREA(#17125);
#17125 = FILL_AREA_STYLE('',(#17126));
#17126 = FILL_AREA_STYLE_COLOUR('',#16494);
#17127 = MECHANICAL_DESIGN_GEOMETRIC_PRESENTATION_REPRESENTATION('',(
    #17128,#17135),#13531);
#17128 = STYLED_ITEM('color',(#17129),#13327);
#17129 = PRESENTATION_STYLE_ASSIGNMENT((#17130));
#17130 = SURFACE_STYLE_USAGE(.BOTH.,#17131);
#17131 = SURFACE_SIDE_STYLE('',(#17132));
#17132 = SURFACE_STYLE_FILL_AREA(#17133);
#17133 = FILL_AREA_STYLE('',(#17134));
#17134 = FILL_AREA_STYLE_COLOUR('',#16439);
#17135 = OVER_RIDING_STYLED_ITEM('overriding color',(#17136),#13327,
  #17128);
#17136 = PRESENTATION_STYLE_BY_CONTEXT((#17137),#16389);
#17137 = SURFACE_STYLE_USAGE(.BOTH.,#17138);
#17138 = SURFACE_SIDE_STYLE('',(#17139));
#17139 = SURFACE_STYLE_FILL_AREA(#17140);
#17140 = FILL_AREA_STYLE('',(#17141));
#17141 = FILL_AREA_STYLE_COLOUR('',#16447);
#17142 = MECHANICAL_DESIGN_GEOMETRIC_PRESENTATION_REPRESENTATION('',(
    #17143,#17150),#8625);
#17143 = STYLED_ITEM('color',(#17144),#8421);
#17144 = PRESENTATION_STYLE_ASSIGNMENT((#17145));
#17145 = SURFACE_STYLE_USAGE(.BOTH.,#17146);
#17146 = SURFACE_SIDE_STYLE('',(#17147));
#17147 = SURFACE_STYLE_FILL_AREA(#17148);
#17148 = FILL_AREA_STYLE('',(#17149));
#17149 = FILL_AREA_STYLE_COLOUR('',#16422);
#17150 = OVER_RIDING_STYLED_ITEM('overriding color',(#17151),#8421,
  #17143);
#17151 = PRESENTATION_STYLE_BY_CONTEXT((#17152),#16345);
#17152 = SURFACE_STYLE_USAGE(.BOTH.,#17153);
#17153 = SURFACE_SIDE_STYLE('',(#17154));
#17154 = SURFACE_STYLE_FILL_AREA(#17155);
#17155 = FILL_AREA_STYLE('',(#17156));
#17156 = FILL_AREA_STYLE_COLOUR('',#16430);

#17157=DESCRIPTIVE_REPRESENTATION_ITEM('cadpy:generator','cadpy');
#17158=REPRESENTATION('cadpy:generator',(#17157),#211);
#17159=PROPERTY_DEFINITION('cadpy metadata','cadpy:generator',#5);
#17160=PROPERTY_DEFINITION_REPRESENTATION(#17159,#17158);
#17161=DESCRIPTIVE_REPRESENTATION_ITEM('cadpy:entryKind','assembly');
#17162=REPRESENTATION('cadpy:entryKind',(#17161),#211);
#17163=PROPERTY_DEFINITION('cadpy metadata','cadpy:entryKind',#5);
#17164=PROPERTY_DEFINITION_REPRESENTATION(#17163,#17162);
#17165=DESCRIPTIVE_REPRESENTATION_ITEM('cadpy:sourcePath','cadcode-single-354dugdn/main.py');
#17166=REPRESENTATION('cadpy:sourcePath',(#17165),#211);
#17167=PROPERTY_DEFINITION('cadpy metadata','cadpy:sourcePath',#5);
#17168=PROPERTY_DEFINITION_REPRESENTATION(#17167,#17166);
#17169=DESCRIPTIVE_REPRESENTATION_ITEM('cadpy:sourceFingerprint','53ee6a487ae7b1b91dedb24a40d45625cf9e4fe67dd1139d8e764a2370cf12b4');
#17170=REPRESENTATION('cadpy:sourceFingerprint',(#17169),#211);
#17171=PROPERTY_DEFINITION('cadpy metadata','cadpy:sourceFingerprint',#5);
#17172=PROPERTY_DEFINITION_REPRESENTATION(#17171,#17170);
#17173=DESCRIPTIVE_REPRESENTATION_ITEM('cadpy:sourceHash','f3858b2155b35a8b6a9112a28e01da7460973c106ee805b7bcc3bcf800c4ff21');
#17174=REPRESENTATION('cadpy:sourceHash',(#17173),#211);
#17175=PROPERTY_DEFINITION('cadpy metadata','cadpy:sourceHash',#5);
#17176=PROPERTY_DEFINITION_REPRESENTATION(#17175,#17174);
ENDSEC;
END-ISO-10303-21;
